check_12l_long_me,-0.7444449166666668,-0.7449912083333335,-0.7186460833333335,-0.6894868333333337,-0.6647275138888891,-0.6441652500000001,-0.6088763055555557,-0.5874834000000003,-0.5768696500000002,-0.5618163750000001,-0.6894535333333334,-0.6956554833333335,-0.6794444722222225,-0.6552466041666669,-0.6058036333333335,-0.5816734000000001,-0.5780847708333336,-0.5615838333333335,-0.5486382500000002,-0.5209946785714289,-0.6422584722222225,-0.6477359305555557,-0.6363354791666669,-0.610267541666667,-0.5571009761904764,-0.5326571000000002,-0.5263676333333336,-0.5253505666666668,-0.5160975694444447,-0.49407561666666683,-0.6126055416666667,-0.6141901388888891,-0.5850867916666669,-0.5606890000000002,-0.4974303958333336,-0.47361211111111123,-0.4765122361111113,-0.48444954166666687,-0.4827382708333336,-0.4698362261904764,-0.5809937916666669,-0.583065116666667,-0.5674550555555558,-0.5035634333333335,-0.44838115000000023,-0.41012750000000026,-0.41736770833333353,-0.44072944444444473,-0.447021027777778,-0.4311352500000001,-0.5586211944444446,-0.5550645833333335,-0.5096664027777781,-0.45338875000000023,-0.4111833333333337,-0.37498147222222245,-0.39305375000000026,-0.4049491805555558,-0.4075866500000002,-0.4115847407407409,-0.5202554791666669,-0.511290777777778,-0.4458462833333336,-0.3903822500000002,-0.3413151785714288,-0.3308059791666669,-0.3357582916666669,-0.34106498333333357,-0.35578540000000014,-0.38228581481481494,-0.46655922916666687,-0.4533920833333336,-0.39311709523809535,-0.3325898690476193,-0.28085048333333357,-0.261871154761905,-0.27465066666666704,-0.2860849861111113,-0.30537258333333345,-0.3198191060606062,-0.41156596666666695,-0.4100147380952383,-0.36740861111111134,-0.31161800000000023,-0.25203700000000023,-0.23263156666666684,-0.25081205555555564,-0.2691669583333336,-0.2707659583333334,-0.2672235333333336,-1,-0.48552005833333356,-0.4087378888888891,-0.3229828888888891,-0.0925326458333335,-0.07129313194444459,-1,-0.32708354166666687,-1,-0.4583335833333336
check_12l_long_se,-1,-1,-0.7055560000000003,-0.6578130952380954,-0.5993037291666669,-0.6357284537037039,-0.7164912083333336,-1,-1,-1,-0.9226192500000003,-0.8630924791666668,-0.7304280333333335,-0.5998937166666669,-0.5478112500000001,-0.5670835833333335,-0.716806527777778,-0.9598502812500003,-1.1000001666666668,-1,-0.9388357500000003,-0.8644598854166669,-0.7262925595238097,-0.5890273750000002,-0.5011822604166669,-0.5155338333333337,-0.6690756145833335,-0.8930142666666668,-1.1123151250000003,-1,-0.9206992500000002,-0.8588455208333335,-0.7215441458333336,-0.5770376666666668,-0.4808279583333335,-0.47878493750000023,-0.6226203472222225,-0.8840639000000002,-1.089963016666667,-1,-0.9259260000000001,-0.8471170000000002,-0.7136625208333336,-0.5473263472222224,-0.42990789583333355,-0.4445373000000003,-0.6021076666666669,-0.8832276527777778,-1.1002093541666669,-1,-0.8856047916666667,-0.8239197500000002,-0.7069349583333335,-0.557779263888889,-0.4158806250000001,-0.40769060000000024,-0.5595478,-0.8645199285714288,-1.0545348020833336,-1,-0.870416791666667,-0.8015676875000002,-0.665809928571429,-0.5215854791666669,-0.39389228333333354,-0.373873866666667,-0.5505863571428574,-0.8010339270833335,-0.9971369523809526,-1,-0.8416443750000002,-0.7764831071428574,-0.6552521333333335,-0.49733021875000016,-0.34118066666666685,-0.3268363095238097,-0.489982064814815,-0.7291266111111112,-0.9288255000000003,-1,-0.8250002500000002,-0.7424645166666669,-0.5967235595238096,-0.4335565500000002,-0.30585447222222245,-0.2749871500000002,-0.45646098611111136,-0.6438793083333336,-0.8538718854166669,-1,-1,-0.7101533712121214,-0.580729892857143,-0.4427154583333335,-0.11334183928571445,-0.1336190937500002,-0.4723473472222225,-0.6254751916666669,-0.7990149615384617,-1
check_12l_short_me,-1,-1,-1,-1,-1,-1,-1,-1,-1,-1,-1,-1,-1,-1,-1,-1,-1,-1,-1,-1,-1,-1,-1,-1,-1,-1,-1,-1,-1,-1,-1,-1,-1,-1,-1,-1,-1,-1,-1,-1,-0.85730419,-0.87100772,-0.8552102800000001,-0.8519285600000002,-0.86130146,-0.8568916000000002,-0.8588658200000001,-0.86305126,-0.8488151800000001,-0.84311102,-0.7456800061538462,-0.7382751085714288,-0.7389369200000002,-0.740874805,-0.7501107890909092,-0.754105204,-0.7686820133333334,-0.7552877333333333,-0.7513000750000001,-0.7544277333333335,-0.5670051400000001,-0.5250868300000001,-0.5131555300000001,-0.5242251600000001,-0.5480080492307693,-0.5551898945454546,-0.5556268900000001,-0.5554646900000001,-0.5684268680000001,-0.5138151550000001,-0.3870245360000001,-0.334851596923077,-0.31229514857142865,-0.3215182666666668,-0.3209202200000001,-0.31966676400000005,-0.3320367100000001,-0.3331786650000001,-0.3260301866666668,-0.33985503777777787,-0.1825709800000001,-0.18369407555555567,-0.16366374400000008,-0.16241157600000009,-0.16158103428571433,-0.1472592100000001,-0.1618627000000001,-0.1611701280000001,-0.1611164000000001,-0.1780931850000001,-0.13965553333333336,-0.10867751200000009,-0.10182508000000001,-0.10283343000000006,-0.05598618600000007,-0.038189027692307774,-0.09337566285714297,-0.09277985333333343,-0.08014850000000014,-0.06778295428571435
check_12l_short_se,-1,-1,-1,-1,-1,-1,-1,-1,-1,-1,-1,-1,-1,-1,-1,-1,-1,-1,-1,-1,-1,-1,-1,-1,-1,-1,-1,-1,-1,-1,-1,-1,-1,-1,-1,-1,-1,-1,-1,-1,-1,-1,-1,-1,-1,-1,-1,-1,-1,-1,-1,-1,-1,-1,-1,-1,-0.9417217800000002,-0.9237586000000002,-0.9204544800000001,-0.9171011300000002,-1,-0.7949650933333333,-0.8393136545454546,-0.8360217280000001,-0.8135146028571429,-0.8137832061538463,-0.7763251200000002,-0.7376676800000002,-0.6955918861538463,-0.6959200347826088,-0.31516938000000005,-0.46019972470588244,-0.4826179413333334,-0.4788197875000001,-0.4813596254545455,-0.44707571578947375,-0.3873957323076924,-0.3879506066666668,-0.3599857381818183,-0.3334675125000001,-0.2190887500000001,-0.1982625933333334,-0.19475267428571438,-0.1968498320000001,-0.19293258222222232,-0.17568386666666677,-0.1735355600000001,-0.17412922400000003,-0.1744186457142858,-0.18922422857142865,-0.09242535428571437,-0.09657567555555563,-0.11449063200000009,-0.12093202000000008,-0.038902786666666765,-0.04445910222222232,-0.08165032727272735,-0.12062411000000006,-0.11721992000000007,-0.12001737600000009
check_16l_long_me,-1,-1,-0.5162396923076923,-1,-1,-1,-1,-1,-1,-1,-0.475641230769231,-0.46612687179487194,-0.4774296730769233,-0.4774432692307693,-0.47408284615384627,-0.4731476153846155,-0.47663628846153877,-0.4537747948717951,-0.4718421153846156,-1,-0.43256141025641043,-0.42287680769230795,-0.44756659615384625,-0.45078375000000015,-0.45081538461538484,-0.44980884615384636,-0.43894713461538476,-0.4281511794871797,-0.43469226923076937,-0.45590176923076947,-0.40432907692307696,-0.3961413076923078,-0.4254366923076923,-0.43730180769230764,-0.4427849615384618,-0.43871738461538484,-0.4245920384615386,-0.4123977307692308,-0.4025424615384617,-0.40327569230769233,-0.3730682153846155,-0.37056769230769243,-0.39508148076923094,-0.40048492307692307,-0.40490876923076935,-0.41087653846153865,-0.394757153846154,-0.3906676730769231,-0.38048166153846175,-0.3746414743589746,-0.343830871794872,-0.33338117948717966,-0.35718492307692323,-0.3556955576923078,-0.35598399999999997,-0.3534901538461539,-0.3447954038461539,-0.3484939230769233,-0.35049102564102586,-0.3472687692307694,-0.3062882115384617,-0.29822469230769244,-0.3080949230769232,-0.305012903846154,-0.30032665384615403,-0.2958932307692309,-0.2979437692307695,-0.3039835384615387,-0.3113567846153847,-0.3272328846153847,-0.25896219230769246,-0.24347505769230782,-0.25813346153846173,-0.2550736153846155,-0.2433644615384617,-0.23100978846153863,-0.24434496153846175,-0.2740773461538463,-0.29352311538461556,-0.3056105384615386,-0.22450663461538478,-0.20040509615384638,-0.20860642307692323,-0.2060830192307695,-0.19117282051282078,-0.1863126153846155,-0.20588919230769254,-0.22416976923076945,-0.24327320000000013,-0.27929905128205135,-0.3153213173076924,-0.2664054725274727,-0.2613419230769232,-0.2502992527472529,-0.09883972161172178,-0.07859959401709414,-0.19349348076923087,-0.1934007076923078,-0.18886470769230787,-0.2172381794871796
check_16l_long_se,-0.4341879230769234,-0.4152609230769232,-0.41538469230769265,-0.42224865384615395,-0.4451926538461539,-0.4666668974358977,-0.4984615384615386,-1,-1,-1,-0.43816446153846156,-0.4183705000000001,-0.41395111538461554,-0.412640826923077,-0.4292833846153848,-0.45824225000000013,-0.4887441730769231,-0.5379363589743591,-0.574590730769231,-0.6095585000000001,-0.4417212307692311,-0.4238838846153847,-0.41590661538461554,-0.39595073076923104,-0.40490253846153856,-0.44730002564102583,-0.47821534615384637,-0.526431903846154,-0.5487330384615386,-0.6103584461538464,-0.4351876923076925,-0.4215180384615386,-0.4049016538461542,-0.3813097230769233,-0.37654412820512845,-0.3963728461538462,-0.45883166153846167,-0.5020459615384618,-0.5328819384615385,-0.5602320512820514,-0.424102230769231,-0.4115325000000002,-0.3847762000000001,-0.3575873846153848,-0.35848853846153855,-0.3733302115384618,-0.41031757692307713,-0.46905317307692324,-0.4933851282051284,-0.5480192153846155,-0.41642415384615405,-0.4058369615384617,-0.3735995384615386,-0.33566320512820513,-0.3298103461538462,-0.3361817692307695,-0.37078863076923096,-0.42624073076923086,-0.45958562820512844,-0.5119993692307694,-0.4150976923076925,-0.40477300000000016,-0.37624366666666675,-0.3275985384615387,-0.3009297115384617,-0.30482871153846175,-0.3478617692307694,-0.38203750769230793,-0.41971946153846174,-0.4561665076923078,-0.410688307692308,-0.40037192307692326,-0.3750641794871797,-0.3214877948717951,-0.29067102564102565,-0.28497961538461564,-0.30598681538461553,-0.338500230769231,-0.38292876923076946,-0.4256238461538464,-0.40639557692307704,-0.3977442115384616,-0.36628253846153863,-0.30346880000000015,-0.2535659615384617,-0.2238883076923079,-0.2730482692307695,-0.31053746153846173,-0.3542393076923078,-0.3865320000000002,-0.41763346153846187,-0.39825255769230794,-0.3496620512820514,-0.29848694871794884,-0.08435495546558723,-0.052419465384615525,-0.2595153461538463,-0.30214713461538467,-0.3475176666666669,-0.3686395384615387
check_16l_short_me,-1,-1,-1,-1,-1,-1,-1,-1,-1,-1,-1,-1,-1,-1,-1,-1,-1,-1,-1,-1,-1,-1,-1,-1,-1,-1,-1,-1,-0.7370450555555557,-0.7135953111111113,-1,-1,-0.8303704814814816,-0.8215816111111114,-0.7966845416666668,-0.7688392333333335,-0.7563189920634922,-0.6873083174603176,-0.6322483571428573,-0.6296297916666668,-0.8320437222222223,-0.8141841458333334,-0.7752519000000001,-0.7333999222222224,-0.7028432569444446,-0.6297401790123458,-0.6084806944444446,-0.5633868611111112,-0.5201535634920635,-0.4781855972222223,-0.7296971222222224,-0.6420842626262627,-0.6015571944444446,-0.5466401944444446,-0.5235467301587302,-0.47368602777777796,-0.4627776250000002,-0.44013312500000007,-0.40825601388888905,-0.38349795833333356,-0.4472994583333334,-0.44941271666666677,-0.4245101031746033,-0.40248234444444453,-0.3747813819444446,-0.34818991111111125,-0.3432217361111113,-0.34018634722222235,-0.3166756296296298,-0.29213879365079387,-0.3070525462962965,-0.2900954567901236,-0.2792126000000001,-0.2619815416666668,-0.2516710555555557,-0.2471045777777779,-0.24081714814814825,-0.23511063333333343,-0.22943288095238107,-0.19778614102564113,-1,-0.15436312500000007,-0.13779503174603192,-0.16502277777777785,-0.16424623148148165,-0.15900066666666673,-0.1671013055555556,-0.17099566666666682,-0.14658626666666688,-0.140978338888889,-1,-0.09696687500000019,-0.09949172222222247,-0.11075333333333348,-0.09974334074074086,-0.0867819920634922,-0.13545500000000021,-0.13371816666666686,-0.11642435555555565,-0.13805890000000007
check_16l_short_se,-1,-1,-1,-1,-1,-1,-1,-1,-1,-1,-1,-1,-1,-1,-1,-1,-1,-0.6134618888888891,-1,-1,-1,-1,-1,-0.6800755972222223,-0.6503012592592594,-0.6254078240740742,-0.6077627592592594,-0.572361152777778,-0.5708697777777779,-1,-0.6737815185185186,-0.6855035476190477,-0.6654344444444446,-0.6314275666666669,-0.6097620972222224,-0.577315875,-0.5533558333333335,-0.5094393472222224,-0.49030687777777787,-0.46064833333333355,-0.6161781269841271,-0.5887081388888891,-0.5876461000000002,-0.5606282962962964,-0.5362514722222224,-0.5053601333333335,-0.4653412407407409,-0.4315085185185186,-0.4017946574074076,-0.42118061111111116,-0.4629357083333335,-0.4638451944444446,-0.4622597361111113,-0.46717256666666673,-0.43785221296296306,-0.4008897407407409,-0.3663632037037038,-0.3365849074074075,-0.33659153703703715,-0.35866552777777794,-0.32893215277777793,-0.32987378472222234,-0.33162447222222236,-0.3342460972222223,-0.32896635185185197,-0.3022274907407409,-0.2683867777777779,-0.26596355555555573,-0.2753974722222224,-0.3099261851851854,-0.22784395833333349,-0.24521130555555573,-0.24742166666666687,-0.24069638888888892,-0.23551046296296313,-0.2301176444444446,-0.2183085277777779,-0.21996736111111115,-0.23201935185185202,-0.265509277777778,-0.16213448148148163,-0.1757574166666668,-0.1805678611111112,-0.19961758333333357,-0.18711722222222232,-0.1716817916666668,-0.1791806481481483,-0.19147647222222228,-0.19803027777777799,-0.22377250000000015,-0.10375109259259273,-0.12605212037037042,-0.14117455555555566,-0.16445649444444455,-0.06014860386473443,-0.0592514468599035,-0.16109976666666675,-0.15852144444444458,-0.15441744444444455,-0.17368061111111124
check_4l_long_me,-1,-1,-1,-1,-1,-1,-1,-1,-1,-0.6012207536842106,-1,-1,-1,-1,-1,-1,-1,-1,-1,-1,-1,-1,-1,-1,-1,-0.59798362,-1,-1,-1,-1,-1,-1,-1,-1,-0.6583994720000002,-0.6496588222222224,-1,-1,-1,-1,-1,-1,-1,-1,-0.6632073,-0.8700106514285716,-1.0316661900000001,-1,-1,-1,-1,-1,-1,-1.0037958666666669,-0.6651751533333334,-0.7359589433333334,-0.9610070853333335,-1,-1,-1,-1,-1,-1,-0.28590106000000004,-0.47778937333333343,-1.0647468640000002,-0.6851597011764706,-1,-1,-1,-1,-1,-1,-1,-0.3103426857142858,-0.38734537000000013,-0.2975708923076924,-1,-1,-1,-1,-1,-1,-1,-0.1194359142857144,-0.15528534857142867,-0.1374073280000001,-1,-1,-1,-1,-1,-1,-0.17692542400000008,-0.12632565733333342,-0.168460371764706,-0.19232258782608705,-1,-1,-1
check_4l_long_se,-1,-1,-1,-1,-1,-1,-1,-1,-1,-1,-1,-1,-1,-1,-1,-1,-1,-1,-1,-1,-1,-1,-1,-1,-1,-1,-1,-1,-1,-1,-1,-1,-1,-1,-0.7659002200000002,-0.7536233111111111,-1,-1,-1,-1,-1,-1,-1,-1,-0.729809122857143,-0.6798738500000001,-0.7570266133333333,-1,-1,-1,-1,-1,-1,-1,-0.6187417250000001,-0.5649284550000001,-1,-1,-1,-1,-1,-1,-1,-1,-0.5173922550000001,-0.44160231800000005,-1,-1,-1,-1,-1,-1,-1,-1,-0.41468380000000005,-0.31795092235294126,-1,-1,-1,-1,-1,-1,-1,-1,-0.17131884000000008,-0.2078156933333334,-1,-1,-1,-1,-1,-0.43847182666666673,-0.3013308153846155,-0.19700235000000008,-0.10356241000000008,-0.11867945739130445,-0.23416674074074084,-0.373326048888889,-1,-1
check_4l_short_me,-1,-1,-1,-1,-1,-1,-1,-1,-1,-1,-1,-1,-1,-1,-1,-1,-1,-1,-1,-1,-1,-1,-1,-1,-1,-1,-1,-1,-1,-1,-1,-1,-1,-1,-1,-1,-1,-1,-1,-1,-1,-1,-1,-1,-1,-1,-1,-1,-1,-1,-1,-1,-1,-1,-1,-1,-1,-1,-1,-1,-1,-1,-1,-1,-1,-1,-1,-1,-1,-1,-0.30415894285714296,-0.2901629085714286,-0.26809672857142863,-1,-1,-1,-1,-0.4031646666666668,-0.4316840838095239,-0.4141715387755103,-0.2738076250000001,-0.25427489047619056,-0.22875693904761912,-0.19559554489795927,-0.16629035555555563,-0.17014038857142869,-0.21270003956043965,-0.27775458260869573,-0.32086903246753257,-0.3569518742857144,-0.261722542857143,-0.25471396734693885,-0.21847850259740265,-0.1725235170068028,-0.07453908650793659,-0.07035774841269847,-0.1711243611428572,-0.26439867567567577,-0.3093994051020409,-1
check_4l_short_se,-1,-1,-1,-1,-1,-1,-1,-1,-1,-1,-1,-1,-1,-1,-1,-1,-1,-1,-1,-1,-1,-1,-1,-1,-1,-1,-1,-1,-1,-1,-1,-1,-1,-1,-1,-1,-1,-1,-1,-1,-1,-1,-1,-1,-1,-1,-1,-1,-1,-1,-1,-1,-1,-1,-1,-1,-1,-1,-1,-1,-1,-1,-1,-1,-1,-1,-1,-1,-1,-1,-1,-1,-1,-1,-1,-1,-1,-0.33976194285714295,-0.36750274285714296,-0.39285224415584424,-0.4428379500000001,-0.40839343333333344,-0.3312551714285715,-0.5374611835164836,-0.42440466666666676,-0.34498338750000007,-0.22306748435374157,-0.2584744042857144,-0.287615812244898,-0.31202715238095247,-1,-0.3711959257142858,-0.32520507657142866,-0.2855769863945579,-0.14854111363636371,-0.08145690783410145,-0.20301163597883606,-0.2540758175115208,-0.2925976185714287,-0.2971430285714286
check_6l_long_me,-1,-1,-1,-1,-1,-1,-1,-1,-1,-1,-1,-1,-1,-1,-1,-1,-1,-1,-1,-1,-1,-1,-1,-1,-1,-1,-1,-1,-1,-1,-1,-1,-1,-1,-1,-1,-1,-1,-1,-1,-1,-1,-1,-1,-1,-1,-1,-1,-1,-1,-1,-0.7166669583333336,-0.718750166666667,-1,-1,-1,-1,-1,-1,-1,-1,-0.5352132028985508,-0.6197532035256411,-0.7361112500000001,-1,-1,-1,-1,-1,-1,-1,-0.39463714743589756,-0.3684278601190477,-0.36758934166666674,-0.2765502916666668,-1,-0.25034737500000015,-0.29298592857142863,-0.3548182685185186,-0.3688276319444445,-1,-0.370442138888889,-0.3083906153846155,-0.24788921180555565,-0.19518922083333343,-0.172070638888889,-0.21043466666666677,-0.2506451969696971,-0.297395920138889,-0.3353773472222223,-1,-0.35361404761904774,-0.28339728591954033,-0.20075996474358984,-0.09120350297619058,-0.08522413571428582,-0.17808637037037048,-0.2542621612903227,-0.32207923055555565,-0.34771231944444453
check_6l_long_se,-1,-1,-1,-1,-1,-1,-1,-1,-1,-1,-1,-1,-1,-1,-1,-1,-1,-1,-1,-1,-1,-1,-1,-1,-1,-1,-1,-1,-1,-1,-1,-1,-1,-1,-1,-1,-1,-1,-1,-1,-1,-0.6589479852941178,-0.7299466406250001,-0.7486459166666668,-1,-1,-1,-1,-1,-1,-0.44841329166666677,-0.512069763888889,-0.5982330572916668,-0.6959829232456142,-0.7572835166666668,-1,-1,-1,-1,-1,-0.3989941562500001,-0.38061779545454555,-0.39695679166666675,-0.49497667881944457,-0.6323770478395063,-0.7558280089285715,-0.7901012916666669,-1,-1,-1,-0.3813930312500001,-0.35740947916666677,-0.30070056944444457,-0.28921408680555566,-0.3730425527777779,-0.5181948863636365,-0.6435598916666668,-0.6365048467261907,-0.6635241128472223,-0.6731847592592594,-0.37506580555555563,-0.3586416111111112,-0.3062238782051283,-0.24791868181818194,-0.1951097222222223,-0.22081618333333344,-0.29519188586956535,-0.3400490955882354,-0.37166244270833343,-0.4562349375000001,-0.3750000000000001,-0.36115981944444453,-0.293790107371795,-0.2103112656250001,-0.11670931111111121,-0.09572606388888896,-0.30058007716049395,-0.39183589453125006,-0.39818985416666675,-0.40408266666666676
check_6l_short_me,-1,-1,-1,-1,-1,-1,-1,-1,-1,-1,-1,-1,-1,-1,-1,-1,-1,-1,-1,-1,-1,-1,-1,-1,-1,-1,-1,-1,-1,-1,-1,-1,-1,-1,-1,-1,-1,-1,-1,-1,-1,-1,-1,-1,-1,-1,-1,-1,-1,-1,-1,-1,-1,-1,-1,-1,-1,-1,-1,-1,-0.41775684000000013,-0.4217461800000001,-1,-1,-1,-1,-1,-1,-1,-1,-0.3818624300000001,-0.3524380600000001,-0.32242150666666675,-0.5079065666666667,-0.4454805600000001,-1,-0.2946668800000001,-0.32075071076923084,-0.37077047428571436,-0.36698641846153857,-0.3581108500000001,-0.3310262857142858,-0.28186514800000007,-0.29436261846153855,-0.4886301773333334,-0.44192536296296303,-0.21489120857142868,-0.23336520333333344,-0.2499013800000001,-0.2739323511111112,-1,-0.3143569186206897,-0.23242499600000008,-0.16414343703703715,-0.08598662555555567,-0.06996710631578956,-0.1535122842857144,-0.20803548965517252,-0.24373846153846163,-0.2580653520000001
check_6l_short_se,-1,-1,-1,-1,-1,-1,-1,-1,-1,-1,-1,-1,-1,-1,-1,-1,-1,-1,-1,-1,-1,-1,-1,-1,-1,-1,-1,-1,-1,-1,-1,-0.7318063733333334,-0.7616545900000001,-0.7920001600000002,-1,-1,-1,-1,-1,-1,-0.5945001600000002,-0.6499028360000001,-0.6969964776470589,-0.7364158120000001,-0.7638230560000001,-0.7647500266666668,-1,-1,-1,-1,-0.5533631900000001,-0.5239692690909092,-0.5366652989473685,-0.5858838941176472,-0.6433842084210527,-0.7089205440000002,-0.7740845490909093,-0.8008677511111113,-0.7996679300000002,-0.8528734700000001,-1,-0.4902583422222223,-0.4233470800000001,-0.4305591800000001,-0.4629736080000001,-0.5676062971428573,-0.6364423511111112,-0.6844900927272728,-0.7281589973333334,-0.7863020047058825,-1,-0.4789370533333335,-0.41677809333333343,-0.3225576923076924,-0.2928046133333334,-0.3630226218181819,-0.4134986420000001,-0.48713595304347834,-0.5815484150000001,-0.6664029066666668,-1,-0.48000012000000014,-0.43724323272727283,-0.3428476400000001,-0.21964437538461545,-0.19536246933333343,-0.2816927789473685,-0.3874742953846154,-0.49701759714285726,-0.58039306,-1,-1,-0.46736077000000015,-0.4317404757142858,-0.16505744608695663,-0.08032928129032267,-0.32333436842105273,-0.4551597300000001,-0.51666416,-1
check_8l_long_me,-1,-1,-1,-1,-1,-1,-1,-1,-1,-1,-1,-1,-1,-1,-0.5802593472222225,-0.5063567222222224,-0.5427042361111114,-1,-1,-1,-1,-1,-1,-0.7176840000000002,-0.5762334444444446,-0.454870388888889,-0.5418677380952382,-0.6651565493827162,-0.7729631111111113,-1,-1,-1,-0.8384218641975311,-0.7069911000000001,-0.5464345454545456,-0.4294120777777779,-0.533189027777778,-0.6494188333333335,-0.768465888888889,-1,-1,-1,-0.8188999876543211,-0.6901488535353537,-0.49760929365079376,-0.3770900833333334,-0.5004793030303032,-0.6445843000000001,-0.7516594791666669,-0.8285050740740741,-1,-1,-0.7773111296296298,-0.6495797777777779,-0.4485081222222223,-0.3309674055555557,-0.45868994444444455,-0.6315051777777779,-0.7650085617283953,-0.8259259444444444,-1,-1,-0.7597695416666668,-0.6009078287037039,-0.3637174914529916,-0.2842674320987656,-0.4230728632478634,-0.6234101166666668,-0.7481496722222224,-1,-1,-1,-0.7211604583333334,-0.5446895606060607,-0.3091734567901236,-0.25089081481481496,-0.394805388888889,-0.6071022777777779,-0.7401105555555557,-1,-1,-1,-0.6008305166666669,-0.4203745216049384,-0.23367950427350442,-0.20910461111111123,-0.3713340359477126,-0.5751528055555557,-0.715670265432099,-0.598466388888889,-1,-0.278273527777778,-0.35580718650793663,-0.28435690804597713,-0.23117925362318853,-0.22766566959064344,-0.5038110467836259,-0.42238531286549724,-0.40273408695652185,-0.338610263888889
check_8l_long_se,-1,-1,-1,-1,-1,-1,-1,-1,-1,-1,-1,-1,-1,-1,-1,-1,-0.5794877777777779,-0.570997888888889,-1,-1,-1,-1,-1,-1,-0.6535951180555557,-0.5619953686868688,-0.5249102063492065,-0.5993742283950618,-0.7373843703703705,-1,-1,-1,-1,-0.8222468456790125,-0.6501398296296298,-0.5025963750000002,-0.4747016031746033,-0.6035865202020203,-0.7810360277777778,-1,-1,-1,-0.9429871666666668,-0.7922036837606838,-0.5933667175925927,-0.4439074166666668,-0.44339267361111123,-0.6220508769841271,-0.8261401049382718,-1,-1,-1,-0.9036485055555556,-0.7397873214285715,-0.5259069682539684,-0.37940506172839517,-0.42967556060606077,-0.6443762991452993,-0.8268188981481484,-1,-1,-1,-0.8306746818181819,-0.652173341880342,-0.44445657539682554,-0.3216862424242426,-0.4262626785714287,-0.6486803666666668,-0.8035804629629631,-1,-1,-0.8127178194444445,-0.7419323290598292,-0.5644352430555557,-0.36579192129629645,-0.27081257777777795,-0.42374952525252535,-0.6496210000000001,-0.7737453194444446,-1,-1,-0.6448571666666668,-0.5609152623456791,-0.3876422745098041,-0.25050699382716063,-0.2343624567901236,-0.40474348989899,-0.6695292222222224,-0.7535719722222225,-1,-0.46974920634920647,-0.4703315866666668,-0.37500579365079384,-0.2707568666666668,-0.1327257863247865,-0.13708355324074087,-0.35794961507936524,-0.5924027314814816,-0.683486451388889,-1
check_8l_short_me,-1,-1,-1,-1,-1,-1,-1,-1,-1,-1,-1,-1,-1,-1,-1,-1,-1,-1,-1,-1,-1,-1,-1,-1,-1,-1,-1,-1,-1,-1,-1,-1,-1,-1,-1,-1,-1,-1,-1,-1,-1,-1,-1,-1,-1,-1,-1,-1,-1,-1,-1,-1,-1,-1,-1,-1,-1,-1,-1,-1,-1,-1,-1,-1,-1,-1,-1,-1,-1,-1,-1,-0.6711456611764707,-0.6893960245161291,-0.7632355514285715,-0.7715650860000001,-0.6875939217391305,-0.6596785457142859,-0.5530129721739131,-0.4213183927272728,-0.368428780952381,-0.15262946666666677,-0.290801110909091,-0.2760160472727274,-0.3414023200000001,-0.38266773066666676,-0.31572904266666674,-0.2107928400000001,-0.19673423200000012,-0.1885466150000001,-0.20624509333333343,-0.0869135900000001,-0.08688380000000007,-0.09321826909090919,-0.11074606181818193,-0.054475660740740846,-0.05410310000000011,-0.12646125000000008,-0.1370254293333334,-0.14168970133333342,-0.1401215675000001
check_8l_short_se,-1,-1,-1,-1,-1,-1,-1,-1,-1,-1,-1,-1,-1,-1,-1,-1,-1,-1,-1,-1,-1,-1,-1,-1,-1,-1,-1,-1,-1,-1,-1,-1,-1,-1,-1,-1,-1,-1,-1,-1,-1,-1,-1,-1,-1,-1,-1,-1,-1,-1,-1,-0.7236178320000001,-0.9575019300000001,-1,-1,-1,-1,-1,-1,-1,-0.36450002000000004,-0.41811570588235303,-0.6300017466666668,-0.8196925247058825,-0.8920692720000001,-0.9296935942857144,-0.9554021933333334,-0.8840001600000003,-1,-1,-1,-0.2986096742857144,-0.2899509520000001,-0.28665260285714295,-0.5075808866666667,-0.6859951014285716,-0.7878431581818183,-0.8976470133333334,-0.9412089644444445,-0.9760002533333334,-1,-0.2802382900000001,-0.2454312000000001,-0.21134471333333346,-0.20200369454545467,-0.26659991000000005,-0.3975975741176471,-0.5300437747368422,-0.6658253625000001,-0.809571032,-1,-0.2602600466666668,-0.22311482857142867,-0.18189570666666674,-0.06562337760000009,-0.051746923333333424,-0.10931002769230778,-0.14072342666666676,-0.22095406909090917,-0.18440411000000007
cotnap_12l_long_me,-1,-1,-1,-0.8249770000000003,-0.5963544444444447,-0.548174765432099,-0.6317428888888893,-0.7133769841269842,-0.7987130952380956,-0.8805167555555558,-1,-1,-1,-0.8451222000000004,-0.5931766666666669,-0.5170734722222226,-0.5631257407407408,-0.6716566222222227,-0.7920587500000001,-0.8811980000000004,-1,-1.335043,-1.135398955555556,-0.7970841851851854,-0.5501721111111113,-0.47706822222222256,-0.550315740740741,-0.6660288611111113,-0.7869771944444448,-0.8776988888888893,-1,-1.2896347222222224,-1.145092166666667,-0.7959651944444446,-0.5106865000000003,-0.45803466666666703,-0.5299360000000002,-0.6487104722222224,-0.7667513555555558,-0.8675154444444447,-1,-1.2503699629629632,-1.0263506111111114,-0.6896924444444446,-0.46576255555555574,-0.43178620000000023,-0.5125242222222224,-0.6274760000000004,-0.7411907777777782,-0.7906194444444447,-1,-1.2384865555555562,-1.0718820370370372,-0.7653146388888892,-0.4925246851851855,-0.4236671111111115,-0.4805446388888891,-0.6008162777777784,-0.7111198333333335,-0.8276867037037039,-1,-1.2158425555555556,-0.999398777777778,-0.7382511296296299,-0.434857740740741,-0.3895426111111112,-0.4575810833333336,-0.568625277777778,-0.7011558000000004,-0.7906608518518523,-1,-1.1279472222222224,-0.9616725277777781,-0.678433166666667,-0.4203969333333334,-0.3480082962962964,-0.4566881527777781,-0.610741666666667,-0.765375650793651,-1,-1,-1.105113177777778,-0.926898240740741,-0.6245121666666669,-0.4273438888888892,-0.3104676111111112,-1,-1,-1,-1,-1,-1.064739888888889,-0.9081642361111115,-0.7374617638888892,-0.06343875555555589,-0.05522041830065386,-1,-1,-1,-1
cotnap_12l_long_se,-1,-1,-1,-0.761111555555556,-0.6527781111111113,-0.5920322222222225,-1,-1,-1,-1,-1,-1.1055561666666671,-1.0057468518518522,-0.8115100925925929,-0.6672901481481485,-0.5538618518518522,-0.6884544444444448,-1,-1,-1,-1,-1.0858045,-0.9670903148148151,-0.7756963611111114,-0.6197649333333337,-0.5288141851851855,-0.7275330888888892,-0.996829666666667,-1,-1,-1,-1.0650937777777783,-0.9428594166666668,-0.7268539259259261,-0.565341777777778,-0.493173703703704,-0.6704949305555559,-1.0309685000000002,-1.2230564666666668,-1,-1,-1.0017550000000002,-0.91011062962963,-0.7341275000000003,-0.5726201111111113,-1,-0.715862066666667,-1.0122270000000002,-1.2345341666666672,-1,-1,-1.0326581944444446,-0.8581487407407411,-0.6827927037037039,-0.5407817407407408,-0.4768953703703706,-0.6761266666666669,-1.0107101481481484,-1.2253643555555558,-1,-1,-1.0243562962962964,-0.8457325555555559,-0.6772981333333337,-0.48253544444444463,-0.45018611111111134,-0.6794746888888892,-1.0209857333333339,-1.2172539629629633,-1,-1,-0.9934949166666669,-0.8218623333333337,-0.6230852888888893,-0.44607328888888914,-0.4332762592592595,-0.6806797222222225,-1.0286831111111114,-1.2220876666666671,-1,-1.0062624444444446,-0.9275331388888891,-0.7524247222222225,-0.5841126944444446,-0.4187589166666669,-0.3750725555555559,-0.6735719444444447,-1.0312251333333335,-1.243549851851852,-1,-1.0017344444444447,-0.9120868611111114,-0.7452930972222226,-0.5938686888888892,-0.12902476388888912,-0.14655769590643303,-0.7000405972222223,-1.042244888888889,-1.2250209841269843,-1
cotnap_12l_short_me,-1,-1,-1,-1,-1,-1,-1,-1,-1,-1,-1,-1,-1,-1,-1,-1,-1,-1,-1,-1,-1,-1,-1,-1,-1,-1,-1,-1,-1,-1,-1,-1,-1,-1,-1,-1,-1,-1,-1,-1,-1,-1,-1,-1,-1,-1,-1,-1,-1,-1,-0.8385692577777779,-0.8422622160000001,-0.86278806,-0.8878163500000003,-0.88024184,-1,-0.8773812666666667,-0.8968000200000001,-1,-1,-0.6708722433333334,-0.6302430160000001,-0.6499881555555557,-0.6839496600000001,-0.758740136,-0.699524822857143,-0.7160748560000001,-0.7545253684210528,-0.6200000000000001,-1,-0.44143474400000005,-0.34417690000000006,-0.36504830800000004,-0.3681797485714287,-0.4113940533333335,-0.4621982080000001,-0.5314547800000001,-0.5563555066666668,-0.5537857333333335,-1,-0.13747379999999998,-0.1642513600000001,-0.15899013600000012,-0.16113076000000012,-0.17838104800000015,-0.17396833333333342,-0.1812828466666667,-0.1990495657142858,-0.20294781714285723,-0.21225579000000006,-1,-0.11436062400000013,-0.10083274400000009,-0.10195715000000011,-0.03036851428571436,-0.040493251764705966,-0.0717479480000001,-0.10242483000000002,-0.11298897714285723,-0.12561499000000012
cotnap_12l_short_se,-1,-1,-1,-1,-1,-1,-1,-1,-1,-0.8507155077777779,-1,-1,-1,-1,-1,-1,-1,-1,-1,-0.83350298,-1,-1,-1,-1,-1,-1,-1,-1,-1,-1,-1,-1,-1,-1,-1,-1,-1,-1,-1,-1,-1,-1,-1,-1,-1,-1,-1,-1,-1,-1,-1,-1,-1,-0.8393322000000001,-0.8493366000000002,-1,-1,-1,-1,-1,-1,-1,-0.6649549854545455,-0.6004100030769232,-0.5525093600000002,-0.6066023120000001,-0.6586589371428572,-0.5745904520000001,-0.5961885714285714,-0.5990478560000001,-1,-0.30511140000000014,-0.3700007927272728,-0.3419736773333334,-0.36461196500000004,-0.3450020977777779,-0.3407803230769232,-0.33495544615384626,-0.28739712307692317,-0.3293307425000001,-0.12397852000000009,-0.15051035428571433,-0.1715459360000001,-0.15023440666666668,-0.14312801333333347,-0.1363777900000001,-0.13871553714285723,-0.13573889000000006,-0.1423226720000001,-0.12240936333333342,-0.07043902666666679,-0.0260413000000001,-0.06544956800000006,-0.008066656000000139,-0.0072168666666668395,-0.040834880000000094,-0.019702173333333423,-0.05254750666666674,-0.03547709333333341,-0.03002138666666676
cotnap_16l_long_me,-1,-1,-1,-1,-1,-1,-1,-1,-1,-1,-0.47024738461538496,-0.4474682500000002,-0.4660451730769233,-0.47121250000000003,-0.46259688461538473,-0.4683244102564103,-0.471184076923077,-0.4720095000000003,-0.47576353846153857,-0.48931626923076943,-0.45297402564102573,-0.4257596153846154,-0.4420476923076925,-0.44615676923076936,-0.43897510256410266,-0.4381441923076925,-0.4430788846153849,-0.443926153846154,-0.4446884230769233,-0.4595241794871797,-0.4206824615384617,-0.4099738846153848,-0.4199146923076926,-0.4160633076923078,-0.4011591794871796,-0.39634838461538463,-0.4096489230769231,-0.4135395384615385,-0.41484438461538475,-0.44937494871794903,-0.3961887307692309,-0.37837618461538475,-0.3913370000000001,-0.3924356923076925,-0.37504017948717966,-0.3681524230769231,-0.3804749615384617,-0.372688230769231,-0.3794641384615386,-0.39490533333333355,-0.3865378076923077,-0.3513972820512822,-0.3627665384615386,-0.3676186923076925,-0.34763215384615404,-0.3387251923076925,-0.339679153846154,-0.33143592307692343,-0.3453424102564104,-0.36473900000000026,-0.3752996153846155,-0.31159353846153864,-0.31347626923076943,-0.3388232307692311,-0.3177585384615387,-0.304822230769231,-0.30162111538461556,-0.3045754102564104,-0.3164306153846155,-0.32790023076923086,-0.3536945384615387,-0.29721064102564115,-0.2992863461538463,-0.306847653846154,-0.2839953461538464,-0.26112884615384635,-0.26893546153846176,-0.27461046153846164,-0.29417696153846173,-0.31226357692307705,-0.3143296410256412,-0.243278876923077,-0.22291386538461558,-0.23902507692307717,-0.25430569230769257,-0.20979740384615397,-0.23219015384615396,-0.2325410769230771,-0.25490773076923096,-0.2817349615384617,-0.23930566666666678,-0.2510482087912089,-0.24049230769230778,-0.234695153846154,-0.09626601214574919,-0.06536272649572661,-0.18696161538461561,-0.22511756923076934,-0.2330699358974361,-0.2429812564102565
cotnap_16l_long_se,-1,-1,-1,-1,-1,-1,-1,-1,-1,-1,-1,-0.5639472884615385,-1,-1,-0.562345,-0.5683027307692308,-0.5727922307692308,-0.5680292307692311,-0.5399272307692309,-0.5553001153846155,-0.5450160576923079,-0.5243867307692309,-0.5337013269230771,-0.5371020000000001,-0.5423090384615387,-0.5290517692307692,-0.5318495769230771,-0.5299234615384617,-0.5160426923076926,-0.5490820384615386,-0.5263646923076926,-0.49778746153846165,-0.5032011538461538,-0.5060158461538464,-0.5082758461538465,-0.5074746923076925,-0.504338230769231,-0.48104873076923094,-0.46697375000000024,-0.5000977115384616,-0.4645606153846157,-0.45464216923076944,-0.4651595384615386,-0.46631757692307707,-0.4624242564102566,-0.4706064358974361,-0.46429184615384633,-0.46121380769230796,-0.44443338461538484,-0.46479326923076947,-0.4153423076923079,-0.395453903846154,-0.4146766923076925,-0.41272450000000016,-0.4003073230769231,-0.38075334615384626,-0.3935948461538464,-0.3926953589743591,-0.38282182051282065,-0.3980524153846155,-0.36321542307692334,-0.35460282051282066,-0.3623912692307695,-0.33900764102564124,-0.3067166666666668,-0.308738794871795,-0.30758273076923104,-0.3103598461538464,-0.3087675000000002,-0.33028034615384627,-0.3105768461538462,-0.3072555384615387,-0.30714580769230804,-0.29082199999999997,-0.27940350000000025,-0.2769254615384618,-0.2676433846153847,-0.2670723076923078,-0.2681018461538462,-0.28177276923076944,-0.2693729230769234,-0.2608993461538463,-0.2662259230769233,-0.25446676923076944,-0.24684051282051298,-0.23088524615384634,-0.25143319230769245,-0.2381338205128207,-0.22485567948717958,-0.23933123076923096,-0.20555582051282065,-0.2050461923076924,-0.21768356410256437,-0.22497841538461552,-0.07487228762541825,-0.047286081447963986,-0.1888142769230771,-0.21851965384615407,-0.2051436730769232,-0.22102373076923099
cotnap_16l_short_me,-1,-1,-1,-1,-1,-1,-1,-1,-1,-1,-1,-1,-1,-1,-1,-1,-1,-1,-1,-1,-1,-1,-0.7996513076923079,-0.7728633461538466,-0.7584295384615386,-0.7598249615384616,-0.7243034615384618,-0.713816,-0.6930766153846154,-0.6568376153846153,-0.8134482153846155,-0.7814906153846156,-0.746779076923077,-0.7369356153846154,-0.686459153846154,-0.665350730769231,-0.6571802307692308,-0.6199609846153846,-0.5693892692307694,-0.5742247692307694,-0.6866849038461539,-0.6637413692307693,-0.6071157307692309,-0.5980159743589746,-0.5519763736263738,-0.5234763653846156,-0.5212972820512822,-0.5111577692307694,-0.45219487179487194,-0.4731923846153849,-0.5741717884615386,-0.5413569230769233,-0.48464882692307704,-0.4584193461538464,-0.400648153846154,-0.3911028307692309,-0.3831291153846155,-0.3776189743589746,-0.3538710576923078,-0.4109552307692309,-0.41632248717948744,-0.3947621230769233,-0.3545621846153848,-0.3402293461538463,-0.30271033333333347,-0.3098154358974361,-0.3084603846153847,-0.30670787179487197,-0.2833791153846156,-0.31213151282051294,-0.3276273076923078,-0.28143514102564116,-0.25583811538461565,-0.2519944230769233,-0.24798157692307704,-0.23609184615384637,-0.2548043076923079,-0.2393553333333335,-0.2311843653846156,-0.30087196153846163,-0.24121526923076936,-0.21133642307692327,-0.2042883461538463,-0.2106159615384618,-0.21567269230769245,-0.196312730769231,-0.21676861538461537,-0.19991738461538472,-0.18576646153846174,-0.24549400000000016,-0.2480827435897438,-0.2558240000000002,-0.23387551923076944,-0.21830346153846175,-0.07135664903846171,-0.05545816568047352,-0.19715792307692337,-0.17914330769230793,-0.1589249615384617,-0.24038476923076957
cotnap_16l_short_se,-1,-1,-1,-1,-1,-1,-1,-1,-1,-1,-1,-1,-1,-1,-1,-1,-1,-1,-1,-1,-1,-1,-1,-1,-1,-0.7766107179487182,-0.7396447692307692,-0.7678972051282053,-0.7500344230769234,-0.7880125576923078,-1,-0.7517295230769232,-0.7497230769230772,-0.7454953333333334,-0.7646009384615385,-0.7148425230769233,-0.668895435897436,-0.666769358974359,-0.6615817051282052,-0.6938814038461539,-1,-0.6569811384615387,-0.6133254871794872,-0.6085030769230771,-0.5855934923076924,-0.5803712000000002,-0.5272590512820515,-0.5324042307692308,-0.5615258653846156,-0.6038283186813188,-0.5307699230769232,-0.5005134065934068,-0.4699526923076925,-0.46334789743589766,-0.4491265000000002,-0.44843223076923105,-0.4287315769230772,-0.4465554358974361,-0.4727722179487181,-0.5095415576923079,-0.40956461538461564,-0.35840753846153867,-0.34511107692307696,-0.3582326923076924,-0.33790756410256434,-0.35457688461538484,-0.3685302051282054,-0.3726469230769234,-0.378611403846154,-0.40953364102564127,-0.31288330769230777,-0.2833331153846156,-0.30377603846153867,-0.30392930769230797,-0.29550876923076935,-0.30610253846153856,-0.3076888846153848,-0.3066208461538463,-0.32938461538461555,-0.32885240384615394,-0.2358593269230771,-0.21419626153846175,-0.24503235897435907,-0.26601661538461563,-0.25723076923076943,-0.2530268717948718,-0.2621077307692309,-0.25452450000000015,-0.23993206410256424,-0.23910528205128218,-0.184615230769231,-0.18045402564102575,-0.2085548846153849,-0.22485635384615402,-0.0771554581939801,-0.0715309433198382,-0.16040194871794883,-0.215832730769231,-0.2020416923076924,-0.2258105384615388
cotnap_4l_long_me,-1,-1,-1,-1,-1,-1,-1,-1,-1,-1,-1,-1,-1,-1,-1,-1,-1,-1,-1,-1,-1,-1,-1,-1,-1,-1,-1,-1,-1,-1,-1,-1,-1,-1,-1,-0.6733573000000002,-0.6762626266666668,-1,-1,-1,-1,-1,-1,-1,-0.7059664720000001,-0.6263720300000001,-0.5971299200000001,-1,-1,-1,-1,-1,-1,-0.8803508000000002,-0.8234560200000001,-0.5277698494117649,-0.5036247760000001,-1,-1,-1,-1,-1,-1,-0.8599171466666669,-0.7606023377777779,-0.4138458460000001,-0.4099158720000001,-1,-1,-1,-1,-1,-1,-0.7999520200000001,-0.4235313466666667,-0.2982960776470589,-0.3560000400000001,-1,-1,-1,-1,-1,-1,-0.6153674577777779,-0.2567991261538462,-0.18949180000000007,-0.2058666800000002,-1,-1,-1,-1,-0.2624092240000001,-0.33120021538461547,-0.2881981858064517,-0.08958864250000009,-0.07555919096774204,-0.16142933750000005,-0.20388080923076932,-1,-0.05350510000000008
cotnap_4l_long_se,-1,-1,-1,-1,-1,-1,-1,-1,-1,-1,-1,-1,-1,-1,-1,-1,-1,-1,-1,-1,-1,-1,-1,-1,-1,-1,-1,-1,-1,-1,-1,-1,-1,-1,-1,-1,-1,-1,-1,-1,-1,-1,-1,-1,-1,-1,-1,-1,-1,-1,-1,-0.89196918,-0.824227236923077,-0.7425140989473684,-0.714621611764706,-0.74268628,-1,-1,-1,-1,-1,-0.8254973085714287,-0.7063456226086957,-0.5854211220000001,-0.5352356090909092,-0.6284243600000001,-1,-1,-1,-1,-1,-0.7425012900000001,-0.6037866766666667,-0.45778143809523825,-0.3599090895238096,-1,-1,-1,-1,-1,-1,-1,-0.5803019,-0.41499753714285725,-0.2356587457142858,-0.17614808666666673,-0.2068327000000001,-0.24452097000000012,-1,-1,-1,-1,-1,-1,-0.07316322193548395,-0.07614936000000008,-0.16001399652173923,-0.18850694095238105,-0.2195634800000001,-0.2319051000000001
cotnap_4l_short_me,-1,-1,-1,-1,-1,-1,-1,-1,-1,-1,-1,-1,-1,-1,-1,-1,-1,-1,-1,-1,-1,-1,-1,-1,-1,-1,-1,-1,-1,-1,-1,-1,-1,-1,-0.7524096200000002,-0.7140499846153847,-0.7110166514285715,-1,-1,-1,-1,-1,-1,-0.8033706363636365,-0.7050502990476191,-0.6223724346666667,-0.6497997133333334,-1,-1,-1,-1,-0.9400001600000003,-0.9024234072727273,-0.739965161904762,-0.588922762,-0.5176242160000001,-0.5615850133333334,-1,-1,-1,-1,-0.8986579360000001,-0.8462977446153848,-0.617485433846154,-0.4769775885714287,-0.4131123200000001,-0.4762062830769232,-1,-1,-1,-1,-1,-0.6966370640000001,-0.5151354260000001,-0.36822326200000005,-0.30748698857142864,-0.3770288857142858,-1,-1,-1,-1,-1,-1,-0.48150020533333343,-0.26103876923076935,-0.1984199400000001,-0.26533340000000005,-1,-1,-1,-1,-1,-1,-0.43934495000000007,-0.12765683913043485,-0.07131830181818193,-0.23906466333333343,-0.2740002800000001,-1,-1
cotnap_4l_short_se,-1,-1,-1,-1,-1,-1,-1,-1,-1,-1,-1,-1,-1,-1,-1,-1,-1,-1,-1,-1,-1,-1,-1,-1,-1,-1,-1,-1,-1,-1,-1,-1,-1,-1,-1,-1,-1,-1,-1,-1,-1,-1,-1,-1,-1,-1,-1,-1,-1,-1,-1,-0.8841733350000001,-0.8378794254545454,-0.827431022857143,-0.8640001600000002,-1,-1,-1,-1,-1,-0.9128588500000001,-0.833337085,-0.7196113340000001,-0.6808160591304349,-0.745309030909091,-0.8737718866666667,-1,-1,-1,-1,-0.845791502857143,-0.7495027380000001,-0.5999797242105264,-0.4712860152380953,-0.46620380592592603,-0.6466795261538463,-0.7097924590476191,-0.46675988000000007,-0.5006888092307693,-1,-1,-0.6793803200000001,-0.5545237000000001,-0.39473478750000013,-0.2643838577777779,-0.2395328757894738,-0.2874491200000001,-0.3712516861538463,-0.4618481800000001,-1,-1,-0.6260000400000001,-0.5709514235294119,-0.4940604800000001,-0.1453862033333334,-0.08332914451612912,-0.3237211218181819,-0.4174690094117648,-0.4422112133333334,-1
cotnap_6l_long_me,-1,-1,-1,-1,-1,-1,-0.4975206352941177,-0.5107845882352942,-1,-0.5668690534759359,-1,-1,-1,-1,-1,-1,-1,-1,-1,-0.39642411764705887,-1,-1,-0.4882352941176471,-0.6205488823529413,-0.573923218487395,-0.5315007500000001,-0.4762313970588236,-1,-1,-1,-0.46148726470588247,-1,-0.3789207176470589,-0.40360130481283435,-0.6652615163398693,-0.7871531294117649,-0.586701905882353,-0.4182085882352943,-1,-1,-0.33437570588235305,-1,-0.3514737731092438,-0.46762248823529423,-0.5773137310924371,-0.573747843137255,-0.4074687189542484,-0.3635984191176471,-1,-1,-1,-1,-0.4124314313725491,-0.3840858181818183,-0.4462444485294118,-0.25365160000000014,-0.4196417647058825,-0.3218902222222223,-0.2493170784313726,-1,-1,-1,-1,-0.2360542895927603,-0.2319026993464053,-0.1476224264705884,-0.2804933594771243,-0.1999363823529412,-1,-1,-1,-1,-1,-0.0831935424836603,-0.04842443315508037,-0.03952735294117664,-0.02350764705882363,-1,-1,-1,0.023723235294117524,-1,-1,0.0698066176470587,-1,-1,-1,-1,-1,-1,-1,-1,-1,-1,-1,-1,-1,-1,-1,-1
cotnap_6l_long_se,-1,-1,-1,-1,-1,-1,-1,-1,-1,-1,-1,-1,-1,-1,-1,-1,-1,-1,-1,-1,-1,-1,-1,-1,-0.44558832352941175,-0.4207138235294119,-0.44543652941176476,-1,-1,-1,-1,-1,-1,-1,-0.4903655588235295,-0.39328355147058836,-0.42318739215686285,-1,-1,-1,-1,-1,-1,-1,-0.44874660130718963,-0.35265468067226907,-0.38496741176470606,-1,-1,-1,-1,-1,-1,-0.646332455882353,-0.501216161764706,-0.3281765196078432,-0.7798796764705883,-1,-1,-1,-1,-1,-1,-0.522136411764706,-0.39346839819004537,-0.2925063921568629,-0.35208342647058843,-1,-1,-1,-1,-1,-1,-0.5069853529411765,-0.3567767990196079,-0.27096189915966395,-0.4391534705882354,-1,-1,-1,-1,-1,-1,-0.7563182156862747,-0.27742466666666676,-0.2284946372549021,-0.3374082794117649,-1,-1,-1,-1,-1,-0.20723641176470603,-0.5295830823529413,-0.15473853431372558,-0.14036927703984836,-0.3233608647058825,-1,-1,-0.5454258676470589
cotnap_6l_short_me,-1,-1,-1,-1,-1,-1,-1,-1,-1,-1,-1,-1,-1,-1,-1,-1,-1,-1,-1,-1,-1,-1,-1,-1,-1,-1,-1,-1,-1,-1,-1,-1,-1,-1,-1,-1,-1,-1,-1,-1,-1,-1,-1,-1,-1,-1,-1,-1,-1,-1,-1,-1,-1,-1,-1,-1,-1,-1,-1,-1,-1,-0.3767238800000001,-1,-1,-1,-1,-1,-1,-1,-1,-0.3443416533333334,-0.33687832000000006,-0.3205959766666667,-0.4867740125000001,-0.6888214360000001,-0.693964995,-0.5728776200000001,-0.38064978400000016,-0.32951441000000004,-0.2954740971428573,-0.2847027000000001,-0.2662160285714287,-0.2380932400000001,-0.21416375555555567,-0.29459152800000016,-0.404112455652174,-0.2867375314285715,-0.21196361714285722,-0.22706354857142869,-0.24679543500000006,-1,-0.23029690260869579,-0.1884520038095239,-0.14894782736842116,-0.0702742000000001,-0.05337926620689663,-0.12880092500000012,-0.1433825822222223,-0.16197037666666678,-0.17430186444444457
cotnap_6l_short_se,-1,-1,-1,-1,-1,-1,-1,-1,-1,-1,-1,-1,-1,-1,-1,-1,-1,-1,-1,-1,-1,-1,-1,-1,-1,-1,-1,-1,-1,-1,-1,-1,-1,-1,-1,-1,-1,-1,-1,-1,-1,-1,-1,-1,-1,-1,-1,-1,-1,-1,-1,-1,-1,-1,-1,-1,-1,-1,-1,-1,-1,-0.42996422,-0.8819048666666668,-1,-1,-1,-1,-1,-1,-1,-0.3009817400000001,-0.34525658666666675,-0.38188810000000006,-0.5473832366666667,-0.7441796,-0.7315811200000001,-0.30325936,-0.2811129100000001,-0.3162128450000001,-0.3484171706666668,-0.27529732000000007,-0.2542777600000001,-0.23394778285714296,-0.21489076888888894,-0.20976285454545462,-0.4662471557894738,-0.2188852233333334,-0.22179660444444452,-0.2453951000000001,-0.2781057120000001,-0.24931369333333342,-0.2356505966666668,-0.20339207294117656,-0.16418594117647067,-0.07292343750000008,-0.056514823076923154,-0.15905954400000008,-0.20923491764705893,-0.24475155200000012,-0.2579012160000001
cotnap_8l_long_me,-1,-1,-1,-1,-0.5626500000000001,-0.55964610989011,-0.6144233461538462,-1,-1,-1,-1,-1,-1,-0.7643421153846155,-0.5674250256410258,-0.5210624285714287,-0.6964875096153846,-0.8595998791208793,-1,-1,-1,-1,-1.054454903846154,-0.8816977615384617,-0.5550476581196583,-0.4763336410256412,-0.6604178901098903,-0.8803927582417584,-1.0352572692307693,-1,-1,-1,-1.0507457692307693,-0.8159738173076925,-0.5255718000000001,-0.46194929230769255,-0.6359856923076924,-0.8645303384615385,-1.0166472564102564,-1,-1,-1,-1.0164797884615386,-0.8324482692307693,-0.43451274725274736,-0.40881945299145306,-0.5879776373626375,-0.8449047606837609,-1.005526480769231,-1,-1,-1,-0.9730657692307694,-0.8153707777777779,-0.4518228076923079,-0.3619031153846156,-0.5385693076923078,-0.8041459903846155,-0.9868069384615387,-1,-1,-1,-0.9845181346153847,-0.7274529670329671,-0.37742151648351663,-0.3300586153846155,-0.47693037362637386,-0.7748643516483518,-0.9421682307692308,-1,-1,-1,-0.9373127948717951,-0.6830766025641027,-0.37786407692307705,-0.3050610384615386,-0.4591050989010991,-0.7537825299145301,-0.9183667307692309,-1,-1,-1,-0.902598371794872,-0.6802204166666668,-0.29094358974358997,-0.2436162857142859,-0.3983926410256412,-0.6907235314685316,-0.894334371794872,-1,-1,-1,-0.8573482820512822,-0.713209435897436,-0.10122615734265748,-0.05920576018099563,-0.43096779487179504,-0.6467140897435898,-0.8263120923076924,-1
cotnap_8l_long_se,-1,-1,-1,-1,-1,-1,-1,-1,-1,-0.5307694615384618,-1,-1,-1,-1,-0.48888356410256417,-0.44738924175824196,-0.5872663461538464,-1,-1,-1,-1,-1,-0.8856763846153848,-0.6748027000000001,-0.46421765934065945,-0.4057985769230771,-0.7750962884615386,-1.0380423461538464,-1,-1,-1,-1,-0.8865110769230772,-0.6939310000000001,-0.442349953846154,-0.3973698769230771,-0.7488645769230772,-1.0432151153846154,-1,-1,-1,-1,-0.8811913942307694,-0.6972539102564105,-0.41000331730769246,-0.38647629670329675,-0.7752136153846156,-0.9945385576923078,-1,-1,-1,-1,-0.905568098901099,-0.6576576410256411,-0.40911171794871815,-0.3724200923076924,-0.8971158461538461,-0.9910863974358977,-1,-1,-1,-1,-0.8943232692307694,-0.623055076923077,-0.37313346153846183,-0.3627685192307693,-0.9138462307692308,-0.9807702769230771,-1,-1,-1,-1,-0.8234479871794873,-0.6370045274725277,-0.37053738461538466,-0.3433341410256413,-0.926923230769231,-0.9653015961538464,-1,-1,-1,-1,-0.8341140961538462,-0.5524836713286715,-0.3199324335664338,-0.3328950659340661,-0.6653772615384617,-0.9076471025641026,-1,-0.8269231538461541,-1,-1,-0.5901489095022626,-0.43853361538461555,-0.19374305288461557,-0.3165660000000002,-0.6670878557692309,-0.6080645303643727,-1,-0.3001106421404684
cotnap_8l_short_me,-1,-1,-1,-1,-1,-1,-1,-1,-1,-1,-1,-1,-1,-1,-1,-1,-1,-1,-1,-1,-1,-1,-1,-1,-1,-1,-1,-1,-1,-1,-1,-1,-1,-1,-1,-1,-1,-1,-1,-1,-1,-1,-1,-1,-1,-1,-1,-1,-1,-1,-1,-1,-1,-1,-1,-1,-1,-1,-1,-1,-1,-1,-1,-1,-1,-1,-1,-1,-1,-1,-0.7571429257142859,-0.6329920542857144,-0.6161257025000001,-0.6659895475000002,-0.652105746,-0.6136238114285715,-0.6148364111111112,-0.6061020272727273,-0.5665655657142858,-0.3931770066666667,-0.17298162000000009,-0.24308914750000005,-0.2599280914285715,-0.288102090909091,-0.2419728925000001,-0.23118477333333343,-0.22509304500000005,-0.2457855600000001,-0.22240595333333338,-0.229790888888889,-0.1263566160000001,-0.11537437333333342,-0.11954002857142866,-0.11940149500000011,-0.04727482363636371,-0.046545208000000095,-0.1270602333333334,-0.12651514857142865,-0.13291784333333342,-0.15460659076923086
cotnap_8l_short_se,-1,-1,-1,-1,-1,-1,-1,-1,-1,-1,-1,-1,-1,-1,-1,-1,-1,-1,-1,-1,-1,-1,-1,-1,-1,-1,-1,-1,-1,-1,-1,-1,-1,-1,-1,-1,-1,-1,-1,-1,-1,-1,-1,-1,-1,-1,-1,-1,-1,-1,-1,-1,-1,-1,-1,-1,-1,-1,-1,-1,-1,-1,-0.9634287200000002,-1,-1,-1,-1,-1,-1,-1,-0.2838332400000001,-0.3814171400000001,-0.6054039240000001,-0.5955482989473685,-0.6070216900000001,-0.676514546,-0.6866233977777778,-0.6714943600000001,-0.6965925376000001,-0.7269422921739132,-0.21247203333333342,-0.2054514560000001,-0.2152049600000001,-0.22680244000000013,-0.24747463076923085,-0.2900551323076924,-0.2915760246153847,-0.2760068040000001,-0.28442690476190485,-0.2663211240000001,-0.14710872400000008,-0.1390591733333334,-0.14900036666666672,-0.1453370160000001,-0.0640976000000001,-0.04341380000000008,-0.12916324000000007,-0.12593422000000012,-0.11537193777777786,-0.11759395200000008
linenap_12l_long_me,-1,-1,-1,-1,-1,-1,-1,-1,-1,-1,-1,-1,-1,-1,-1,-1,-1,-1,-1,-1,-1,-1,-0.9324962962962965,-0.7839891851851855,-0.5801363333333337,-0.46711392592592615,-0.5248952777777781,-0.6921622962962964,-1,-1,-1,-1.0177299111111116,-0.879188527777778,-0.6983295000000003,-0.5145143333333336,-0.43319768888888904,-0.5013332592592594,-0.6634871111111115,-0.8612752063492066,-0.9729858333333337,-1,-0.9796684222222225,-0.8398385777777779,-0.6649537500000002,-0.4969494722222225,-0.4321250000000005,-0.47656894444444464,-0.6301830740740743,-0.8000002592592594,-0.9711187592592595,-1,-0.9410665555555557,-0.8008535925925927,-0.618508866666667,-0.45078913888888905,-0.412136388888889,-0.4687815185185187,-0.6012548518518521,-0.7986574444444448,-0.9291670000000003,-1,-0.8969013888888893,-0.7574887407407412,-0.5893508148148152,-0.4345051111111114,-0.4056873888888892,-0.474104592592593,-0.6368272962962966,-0.7831697777777781,-0.9054059629629632,-1,-0.8663961666666669,-0.7357112500000004,-0.5572119722222224,-0.39336157777777797,-0.3477508888888891,-0.4569054722222225,-0.6094088611111115,-0.7600034074074077,-0.8895438611111115,-1,-0.7958098888888893,-0.6810919259259263,-0.5168206888888892,-0.36613329629629654,-0.33016030555555587,-0.4291215185185189,-0.589504266666667,-0.7757981111111114,-0.8955029629629634,-0.7769450000000002,-0.7496510833333336,-0.6212940370370373,-0.4734163703703706,-0.15982407575757596,-0.09191413425925951,-0.43015295061728426,-0.5813794273504276,-0.7615840740740742,-0.8704260246913582
linenap_12l_long_se,-1,-1,-1,-1,-1,-1,-1,-1,-1,-1,-1,-1,-0.898667777777778,-0.7836329777777781,-0.6313564629629632,-0.589055555555556,-0.6598701851851854,-0.9129124222222226,-1,-1,-1,-1.0924076444444448,-0.9699860476190478,-0.7297384285714287,-0.5633451851851854,-0.5418720000000002,-0.678198703703704,-0.8996625111111115,-1.145852416666667,-1.238272555555556,-1,-1.0878783888888892,-0.9097416000000002,-0.6997819166666668,-0.5506281111111114,-0.5259875000000004,-0.6606636111111113,-0.8763248055555559,-1.116058666666667,-1,-1,-1.0583376222222225,-0.8438808333333334,-0.6883368888888894,-0.5358971111111115,-0.49178377777777793,-0.5615515000000003,-0.9644722962962965,-1.1765797222222227,-1.2012825,-1,-1.0287741111111113,-0.855004740740741,-0.6893155185185187,-0.543103888888889,-0.5142416666666668,-0.6483991388888891,-0.890711777777778,-1.1325437037037038,-1.2252528888888892,-1,-1.0168790000000003,-0.8420407222222224,-0.6456254814814817,-0.48488562962963005,-0.4688536388888891,-0.6280090444444447,-0.9160959777777782,-1.168126688888889,-1,-1,-0.9870238611111113,-0.8012869777777781,-0.5948683611111113,-0.4677495925925929,-0.43032419444444464,-0.6181337333333335,-0.9173311333333335,-1.1998757592592595,-1,-1,-0.9460295333333336,-0.7601312500000001,-0.5830466666666669,-0.4493190740740741,-0.4017005555555556,-0.6134721555555558,-0.9229238444444445,-1.1555404000000002,-1,-1.0027775555555556,-0.944931777777778,-0.7658407222222224,-0.6081231555555558,-0.20125700000000024,-0.15742131372549048,-0.6543010793650795,-1.0124031746031747,-1.2582138888888892,-1
linenap_12l_short_me,-1,-1,-1,-1,-1,-1,-1,-1,-1,-1,-1,-1,-1,-1,-1,-1,-1,-1,-1,-1,-1,-1,-1,-0.7600000800000002,-0.7881845800000001,-0.7824970800000002,-0.7742502400000002,-0.77604446,-0.7844935400000002,-0.8030003200000002,-1,-1,-1,-0.6977046000000001,-0.6670153120000001,-0.6755707,-0.711928222857143,-0.7090439933333335,-0.7349726900000001,-0.7737242047058824,-1,-1,-0.5541576666666668,-0.5754282666666668,-0.5680687800000002,-0.5770675900000001,-0.5826863142857144,-0.6117778533333333,-0.62874806,-0.6708918823529413,-1,-0.4562943000000001,-0.4513395650000001,-0.4508655600000001,-0.4450034600000001,-0.4776954800000001,-0.4694488200000001,-0.48804866400000013,-0.48952376666666675,-0.5184912436363638,-1,-0.33382282400000013,-0.3346628066666667,-0.3291564400000001,-0.3155194266666667,-0.34318673000000005,-0.34473324000000005,-0.3573926400000001,-0.35495352666666674,-0.39070482000000006,-0.24350020000000017,-0.2346110550000001,-0.2258336960000001,-0.2244687120000001,-0.22431580000000007,-0.22313544000000016,-0.22311801600000009,-0.21225438000000008,-0.22483568000000007,-0.2331236360000001,-0.1709859440000001,-0.1652128240000001,-0.1507431040000001,-0.1482333600000001,-0.1503921066666667,-0.16057144,-0.14198416000000014,-0.1305645500000001,-0.14351202666666682,-0.1450318400000001,-0.16478524000000006,-0.1634166600000001,-0.16921224000000012,-0.19061709600000012,-0.033494125333333444,-0.028290765714285775,-0.06946499555555567,-0.11931624000000007,-0.12793016000000007,-0.14880417000000007
linenap_12l_short_se,-1,-1,-1,-1,-1,-1,-1,-1,-1,-1,-1,-1,-1,-1,-1,-1,-1,-1,-1,-1,-1,-1,-1,-1,-1,-1,-1,-1,-1,-1,-1,-1,-1,-1,-1,-1,-1,-1,-1,-1,-1,-1,-1,-1,-1,-1,-1,-1,-1,-1,-1,-1,-0.7585471640000001,-0.7705752114285717,-0.8095024300000001,-0.838134624,-0.8280702600000001,-1,-1,-1,-1,-0.5621047600000001,-0.5212699433333334,-0.5296957950000001,-0.6202989466666667,-0.6199977833333334,-0.6693444600000001,-0.7639962171428574,-1,-1,-1,-0.21735880000000019,-0.28799612666666674,-0.2952009244444445,-0.3162272228571429,-0.3428783680000001,-0.3545175400000001,-0.3432579480000001,-0.39644462769230776,-0.2938579100000001,-1,-0.1691776933333334,-0.13982204000000012,-0.14053572800000008,-0.15851082666666674,-0.16729135000000006,-0.1624150320000001,-0.17783988000000012,-0.18292975333333342,-0.19927289600000012,-1,-0.09758882857142866,-0.08771395333333347,-0.10696379333333343,-0.03751849333333342,-0.03640480285714293,-0.0729847360000001,-0.10876379500000011,-0.08629029333333342,-0.10618665454545462
linenap_16l_long_me,-1,-1,-1,-1,-1,-1,-1,-1,-0.5394233846153846,-0.5276924615384618,-1,-0.7414668461538462,-0.7266548461538462,-0.7058676923076925,-0.7044947500000001,-0.6381553846153849,-0.6017277692307693,-0.5530101538461539,-0.5148039846153847,-0.4944883461538464,-0.7605414871794873,-0.7284405384615386,-0.6768772692307694,-0.6665009230769232,-0.625416326923077,-0.5704648615384617,-0.5289413076923077,-0.5041105000000002,-0.4574300192307694,-0.4486489230769232,-0.6928298974358976,-0.6578158205128205,-0.6067420000000001,-0.58308625,-0.544548230769231,-0.5191872820512822,-0.464312948717949,-0.45384874358974375,-0.4188988846153846,-0.42555830769230774,-0.6177121538461539,-0.5759077692307694,-0.5394469743589745,-0.5319747307692309,-0.4831047692307695,-0.4460169807692309,-0.41627257692307706,-0.3893083846153847,-0.37334455384615406,-0.3930194615384617,-0.5476226153846155,-0.5061627115384617,-0.4747833589743591,-0.4598364423076925,-0.42039020512820524,-0.39559500000000014,-0.36878366666666673,-0.3463886923076924,-0.32091634615384634,-0.3531310000000003,-0.4686686153846156,-0.45067640384615404,-0.429331653846154,-0.3806708461538464,-0.37107461538461556,-0.33587505769230774,-0.3096386923076925,-0.3015401025641028,-0.28693015384615395,-0.30647574358974383,-0.4010946666666669,-0.38292701923076944,-0.371027653846154,-0.32090671794871817,-0.31088020512820513,-0.2928574230769231,-0.2917724615384617,-0.2739651538461541,-0.25314800000000026,-0.2726850000000003,-0.3315783589743591,-0.3069150128205131,-0.30443443589743613,-0.28805430769230767,-0.26355490384615393,-0.24956965384615404,-0.26882353846153867,-0.259705307692308,-0.23606053846153865,-0.23732541025641038,-0.3218469230769234,-0.3224885512820514,-0.30772973076923094,-0.2756404615384618,-0.07673874786324807,-0.06913797252747272,-0.2515699615384619,-0.3035326923076923,-0.27307692307692333,-0.062389888111888295
linenap_16l_long_se,-1,-1,-1,-1,-1,-1,-1,-1,-1,-0.5354911846153847,-1,-0.5253912692307696,-1,-1,-0.6424907692307695,-0.6302736923076924,-0.5974360769230772,-0.6463944615384618,-0.5169441538461541,-1,-0.4982809230769233,-0.5251120000000001,-0.5325370769230771,-0.5550516923076924,-0.5627663269230769,-0.5720827500000003,-0.6181383846153847,-0.6084337948717952,-0.5459772820512823,-0.4984652500000003,-0.453070630769231,-0.45783834615384633,-0.459299730769231,-0.48436646153846163,-0.5217029743589745,-0.4903216923076924,-0.5717954615384617,-0.5547989615384616,-0.45862686538461545,-0.39415100000000003,-0.3975788205128206,-0.4046757115384617,-0.4073843076923077,-0.4359661923076924,-0.44425446153846176,-0.4543574230769232,-0.45768766666666694,-0.5019183076923079,-0.45295388461538477,-0.3700881025641027,-0.36123817948717957,-0.37588771153846173,-0.3738896923076925,-0.38925957692307717,-0.3957263076923078,-0.39054196153846177,-0.3679020384615387,-0.4059312820512823,-0.3752294102564104,-0.3343637435897437,-0.32030871794871807,-0.304415153846154,-0.30829296153846186,-0.30920603846153855,-0.31635825641025644,-0.3025610000000002,-0.2975249230769232,-0.30638492307692333,-0.31046490384615405,-0.29902350000000033,-0.2801568846153847,-0.2907066153846157,-0.2915771538461539,-0.30769246153846175,-0.2710861153846156,-0.25821669230769234,-0.26417761538461554,-0.30769246153846175,-0.244520903846154,-0.25436415384615385,-0.24376942307692315,-0.24682255769230788,-0.2514946153846154,-0.23416996153846176,-0.23541400000000015,-0.22572727692307712,-0.22553484615384645,-0.22448784615384626,-0.23827071153846174,-0.22837517948717964,-0.23067258974358987,-0.2237632980769232,-0.21443370769230777,-0.20937425641025662,-0.11686082692307713,-0.11811707692307713,-0.1542125230769233,-0.17882716923076952,-0.22883894230769256,-0.02752496153846173
linenap_16l_short_me,-1,-1,-1,-1,-1,-1,-1,-1,-1,-1,-1,-1,-1,-1,-1,-1,-1,-1,-1,-0.5419234230769234,-1,-0.6992134102564105,-0.6543926923076925,-0.623927230769231,-0.6000972692307693,-0.5558298717948719,-0.538867871794872,-0.49914965384615406,-0.47606079487179503,-0.490361403846154,-1,-0.6402871692307694,-0.5840635384615387,-0.5410401538461541,-0.5333860256410259,-0.49792776923076937,-0.45342792307692326,-0.39926200000000023,-0.3861504230769232,-0.44639865384615407,-1,-0.5470136000000001,-0.49852258974358976,-0.47028007692307716,-0.4438571384615386,-0.41694141025641046,-0.3719532307692309,-0.34201219230769253,-0.3319845192307694,-0.3944640769230771,-0.46153869230769257,-0.4622162153846155,-0.4282734102564104,-0.39311061538461556,-0.3766299487179489,-0.3531511346153848,-0.3079111153846156,-0.3033416153846154,-0.29263698076923095,-0.36173664615384626,-0.42128230769230784,-0.37554576923076943,-0.33715767692307713,-0.31192276923076945,-0.3129624102564104,-0.3006673076923079,-0.29576176923076936,-0.2802296153846157,-0.26939669230769253,-0.33713910769230787,-0.3268568717948719,-0.30686140384615407,-0.2578588076923078,-0.2537613461538464,-0.26098225641025663,-0.25566569230769237,-0.2748468461538465,-0.2512204615384618,-0.251821230769231,-0.2892106730769233,-0.2546473589743591,-0.23125438461538492,-0.21435492307692322,-0.21437376923076942,-0.22733080769230785,-0.1995303461538463,-0.2310887692307694,-0.22243800000000014,-0.20156355769230783,-0.24108058974358992,-0.22619083076923088,-0.21571855128205142,-0.21629417948717974,-0.2218509615384617,-0.08539175480769248,-0.06279362393162409,-0.1413227884615387,-0.16924694871794888,-0.16626228846153865,-0.20521958974358992
linenap_16l_short_se,-1,-1,-1,-1,-1,-1,-1,-1,-1,-1,-1,-1,-1,-1,-1,-1,-1,-1,-1,-1,-0.6923079230769231,-0.6716398076923078,-0.6658483846153846,-0.6733546538461541,-0.653177,-0.6216452820512822,-0.6028824615384616,-0.6061740000000002,-0.6038321282051284,-0.6850084615384617,-0.6528076923076925,-0.6041952692307693,-0.5995848846153848,-0.5845830256410257,-0.5778877307692308,-0.5662701282051283,-0.5366740769230771,-0.5339965000000002,-0.5430011538461541,-0.606316935897436,-0.5583699615384616,-0.5158012179487181,-0.5118471025641027,-0.49331961538461566,-0.48522907692307715,-0.4914967179487179,-0.46985435897435923,-0.4691961538461539,-0.48599336538461557,-0.5426231282051284,-0.462385512820513,-0.40135547435897456,-0.3999087435897437,-0.40103407692307713,-0.4179691538461541,-0.3983842564102566,-0.3940613076923079,-0.39506566666666687,-0.42345088461538477,-0.4891296615384617,-0.37476410256410286,-0.32366266666666693,-0.3089055384615386,-0.32049161538461557,-0.3550468076923078,-0.3508386923076924,-0.33217415384615423,-0.32050353846153856,-0.3624513461538462,-0.3903829487179489,-0.3115309743589746,-0.2900216153846156,-0.2933666923076924,-0.30266580769230794,-0.30649634615384624,-0.30570042307692313,-0.30399246153846166,-0.2967313846153849,-0.3089837884615385,-0.34228363461538486,-0.25376765384615396,-0.24845613461538485,-0.2598328846153848,-0.26587080769230775,-0.26157740384615397,-0.2550657692307695,-0.2719741153846156,-0.2616626153846156,-0.26423209615384635,-0.2826923076923079,-0.2221246923076924,-0.22056392307692319,-0.23350272307692324,-0.23970084615384651,-0.07888854515050182,-0.08156449797570872,-0.2247200897435898,-0.21410773846153863,-0.20562724038461552,-0.2615384615384618
linenap_4l_long_me,-1,-1,-1,-1,-1,-1,-1,-1,-1,-1,-1,-1,-1,-1,-1,-1,-1,-1,-1,-1,-1,-1,-1,-1,-1,-1,-1,-1,-1,-1,-1,-0.7520001999999999,-0.7095891000000001,-0.6482572480000001,-0.6033456844444446,-0.5676617890909091,-0.56709462,-1,-1,-1,-1,-0.72041668,-0.677175584,-0.5968310276923078,-0.5357738485714287,-0.487684116923077,-0.5047476400000002,-1,-1,-1,-1,-0.6666580100000001,-0.6199585292307692,-0.5217410066666668,-0.4393327400000001,-0.4116947876923078,-0.44530718,-1,-1,-1,-1,-1,-0.5687956600000001,-0.45113641714285724,-0.34898686000000007,-0.34081122285714294,-0.38943516000000006,-1,-1,-1,-1,-1,-0.5251490523076924,-0.41034983466666675,-0.28290997428571435,-0.26345162588235305,-0.34235564000000007,-1,-1,-1,-1,-1,-0.4958752200000001,-0.3866891875000001,-0.23024068705882364,-0.17495286133333343,-1,-1,-1,-1,-1,-1,-0.41097185818181825,-0.2693754491428572,-0.09820787454545463,-0.07743045846153855,-0.1773788476923078,-0.2655561105882354,-0.3692520833333334,-1
linenap_4l_long_se,-1,-1,-1,-1,-1,-1,-1,-1,-1,-1,-1,-1,-1,-1,-1,-1,-1,-1,-1,-1,-1,-1,-1,-1,-1,-1,-1,-1,-1,-1,-1,-1,-1,-1,-1,-1,-1,-1,-1,-1,-1,-1,-1,-1,-0.8050010600000002,-0.8107181700000001,-0.8290161200000001,-0.8810682293333334,-0.903253416,-1,-1,-1,-1,-1,-0.7703106484210527,-0.673276265263158,-0.6709147911111112,-0.7481310066666667,-0.7910101359999999,-1,-1,-1,-1,-1,-0.6328097226666667,-0.5031350533333334,-0.506407585263158,-0.6236350180000001,-0.6939040666666667,-1,-1,-1,-1,-1,-1,-0.3536924000000001,-0.3791159146666668,-0.5058466511111112,-0.5839428066666668,-1,-1,-1,-1,-1,-0.17525534666666678,-0.20849520285714296,-0.2886216377777779,-0.4062309400000001,-0.49120157500000006,-1,-1,-0.2567389460000001,-0.223819170909091,-0.16469557066666676,-0.08643610000000009,-0.07616740000000012,-0.1947037184000001,-0.27912926933333343,-0.34828767870967753,-0.35295738285714295
linenap_4l_short_me,-1,-1,-1,-1,-1,-1,-1,-1,-1,-1,-1,-1,-1,-1,-1,-1,-1,-1,-1,-1,-1,-1,-1,-1,-1,-1,-1,-1,-1,-1,-1,-1,-1,-1,-1,-1,-1,-1,-1,-1,-1,-1,-1,-1,-1,-1,-1,-1,-1,-1,-1,-1,-1,-1,-1,-1,-1,-1,-1,-1,-1,-0.6883592000000002,-0.6443951450000001,-1,-1,-1,-1,-0.4948521600000001,-0.5063829333333334,-0.514041795,-1,-0.5819147425000001,-0.505351008888889,-0.47126791200000007,-0.36175016000000015,-0.2760001200000002,-0.3063229066666667,-0.3874129950000001,-0.4181221750000001,-0.45687164500000016,-1,-0.4943517454545456,-0.4048727900000001,-0.2965572900000001,-0.2351936000000001,-0.20616767636363645,-0.24169333538461546,-0.30403097000000007,-0.3694615111111112,-0.4143415360000001,-1,-0.4512987240000001,-0.3732366700000001,-0.22127226400000008,-0.10715727200000008,-0.07674590428571437,-0.19308118526315798,-0.26944338880000007,-0.3451653618181819,-1
linenap_4l_short_se,-1,-1,-1,-1,-1,-1,-1,-1,-1,-0.6492857609756099,-1,-1,-1,-1,-1,-1,-1,-1,-1,-0.5395527400000001,-1,-1,-1,-1,-1,-1,-1,-1,-1,-1,-1,-1,-1,-1,-1,-1,-1,-1,-1,-1,-1,-1,-1,-1,-1,-1,-1,-1,-1,-1,-1,-1,-1,-1,-1,-1,-1,-1,-1,-1,-0.46737030666666673,-0.4994075648000001,-0.45295962000000006,-1,-1,-1,-1,-0.4906979600000001,-0.44324574285714297,-1,-0.37679587428571437,-0.3522482028571429,-0.3515185242105264,-0.2847039600000001,-0.2737334600000001,-1,-0.30336713142857147,-0.4116582423529413,-0.4545249457142858,-0.42273150000000015,-0.3735441800000001,-0.339100796923077,-0.2556956466666667,-0.1814047700000001,-0.2197670314285715,-0.2861902711111112,-0.3710245907692309,-0.39668290181818194,-0.3595877257142858,-1,-1,-0.12888704000000006,-0.17275154315789484,-0.16485752666666678,-0.22780503680000008,-0.2632567066666668,-0.23825603304347837,-0.21416494222222232,-0.17423310857142862,-1
linenap_6l_long_me,-1,-1,-1,-1,-1,-1,-1,-1,-1,-1,-1,-1,-1,-1,-1,-1,-1,-1,-1,-1,-1,-1,-1,-1,-0.6020546000000001,-0.5361366691176471,-0.5914652745098039,-1,-1,-1,-1,-1,-1,-0.7547132500000001,-0.5731425656108599,-0.49621316806722704,-0.6072274764705884,-1,-1,-1,-1,-1,-0.9178031764705884,-0.7482804803921569,-0.5106506018099548,-0.45332909243697495,-0.598233411764706,-0.7139951470588237,-1,-1,-1,-1,-1,-0.768155660130719,-0.4390176941176472,-0.3978256470588236,-0.5446805352941178,-1,-1,-1,-1,-1,-1,-0.7558891008403362,-0.3909870000000001,-0.34376869747899175,-0.4386018921568628,-1,-1,-1,-1,-1,-1,-0.654080911764706,-0.36862508021390383,-0.28962068235294125,-0.4029290294117647,-1,-1,-1,-1,-1,-1,-0.32352958823529426,-0.2882423725490197,-0.22811532773109255,-1,-1,-1,-1,-1,-1,-0.5191760588235295,-0.29673026330532226,-0.12336446345811063,-0.10620393198529426,-0.23931761344537825,-1,-1,-1
linenap_6l_long_se,-1,-1,-1,-1,-1,-1,-1,-1,-1,-1,-1,-1,-1,-1,-1,-1,-1,-1,-1,-1,-1,-1,-1,-1,-0.5767569764705884,-0.5228398169934642,-0.5450547176470588,-1,-1,-1,-1,-1,-1,-1,-0.554037005882353,-0.46520460784313733,-0.5095640840336135,-1,-1,-1,-1,-1,-1,-1,-0.49911520588235303,-0.4141976588235295,-0.4968089327731093,-1,-1,-1,-1,-1,-1,-0.7972321470588237,-0.47468850326797396,-0.37057530718954257,-0.4353487156862746,-1,-1,-1,-1,-1,-1,-0.810870705882353,-0.3928660147058824,-0.3325935661764707,-0.3808727647058825,-1,-1,-1,-1,-1,-1,-0.7865409941176471,-0.3301891588235295,-0.27983187500000006,-0.33779254411764714,-1,-1,-1,-1,-1,-0.7529865735294119,-0.6005348074866311,-0.3130859362745099,-0.23493305042016818,-0.33697725000000006,-1,-1,-1,-1,-0.6213557254901962,-0.5850123831932774,-0.39352700490196085,-0.12934961064425782,-0.11030262908496745,-0.27838876203208573,-0.5221264588235295,-0.5913206666666668,-1
linenap_6l_short_me,-1,-1,-1,-1,-1,-1,-1,-1,-1,-1,-1,-1,-1,-1,-1,-1,-1,-1,-1,-1,-1,-1,-1,-1,-1,-1,-1,-1,-1,-1,-1,-1,-1,-1,-1,-1,-1,-1,-1,-1,-1,-1,-1,-1,-1,-1,-1,-1,-1,-1,-1,-1,-1,-1,-1,-1,-1,-1,-1,-1,-1,-0.7160001600000001,-0.695853456,-0.7732550533333336,-1,-1,-1,-1,-1,-1,-0.30387567555555567,-0.3345885822222223,-0.3667015791304349,-0.4919763122580646,-0.4205631200000001,-0.5423138085714286,-0.5623484400000001,-0.48608248000000015,-0.31646118,-0.3105898320000001,-0.21615562500000007,-0.19746435000000007,-0.19980696444444457,-0.2018477320000001,-0.19867196400000012,-0.21780660266666674,-0.2336685457142858,-0.22000347000000012,-0.23168944000000002,-0.22655490888888896,-0.1457527000000001,-0.14448085333333344,-0.14035439200000008,-0.13459583250000007,-0.06578487375000008,-0.05382731285714293,-0.1234401242105264,-0.1285080933333334,-0.1366501076923078,-0.14633932727272736
linenap_6l_short_se,-1,-1,-1,-1,-1,-1,-1,-1,-1,-1,-1,-1,-1,-1,-1,-1,-1,-1,-1,-1,-1,-1,-1,-1,-1,-1,-1,-1,-1,-1,-1,-1,-1,-1,-1,-1,-1,-1,-1,-1,-1,-1,-1,-1,-1,-1,-1,-1,-1,-1,-1,-1,-1,-1,-1,-1,-1,-1,-1,-1,-1,-0.7560722933333334,-1,-1,-1,-1,-1,-1,-1,-1,-0.36580034333333344,-0.49433777250000005,-0.5005359266666668,-0.47695966588235306,-0.49501425142857153,-0.5894413600000001,-0.5676076218181818,-0.3345626720000001,-0.3774602200000001,-0.3422616215384616,-0.2325807100000001,-0.21897841600000012,-0.21154813600000008,-0.20815846666666676,-0.22894832666666678,-0.25014721750000013,-0.23632468000000006,-0.2091126800000001,-0.21238748800000012,-0.2205472218181819,-0.1638183714285715,-0.1446228650000001,-0.1387758575000001,-0.13675882352941188,-0.06116822709677428,-0.06234802307692317,-0.13057303294117656,-0.1274453650000001,-0.1230578240000001,-0.12626743818181826
linenap_8l_long_me,-1,-1,-1,-1,-1,-1,-1,-1,-1,-1,-1,-1,-1,-1,-0.5813391923076924,-0.4825611410256412,-0.5490092307692309,-0.6310949230769232,-1,-1,-1,-1,-0.974890076923077,-0.7884288290598293,-0.580800653846154,-0.4477444358974361,-0.5020742747252749,-0.686991164835165,-0.8723665128205129,-1,-1,-1,-0.9953410461538462,-0.7829385604395607,-0.5244319780219782,-0.42053015384615405,-0.4859365000000001,-0.6444181230769233,-0.832045353846154,-0.9273509230769232,-1,-1,-0.9531607252747254,-0.7124738173076924,-0.4808025384615386,-0.38497149450549467,-0.49834162393162407,-0.6437795604395605,-0.8293729423076924,-0.9269232692307695,-1,-1,-0.9055950769230771,-0.6996082307692308,-0.44753954807692325,-0.3630060769230771,-0.46937431868131885,-0.6739807211538463,-0.8295969230769233,-1,-1,-1,-0.8781569692307694,-0.6360295128205129,-0.40541623076923106,-0.3287117179487182,-0.4587313205128206,-0.6762998461538463,-0.8428716923076924,-1,-1,-1,-0.861926054945055,-0.6026843653846156,-0.3581397252747254,-0.3051535000000001,-0.4275300512820515,-0.6773218846153847,-0.8379023846153847,-1,-1,-1,-0.8178272596153848,-0.5190629769230771,-0.3173910000000002,-0.24848216483516497,-0.40664663636363646,-0.6913995923076925,-0.8409127948717949,-1,-1,-0.8123935,-0.7285058461538463,-0.4556796978021979,-0.11751195879120893,-0.08026777972027987,-0.3859492756410258,-0.6930427218934913,-0.8207014615384617,-1
linenap_8l_long_se,-1,-1,-1,-1,-1,-1,-1,-1,-1,-1,-1,-1,-1,-1,-0.6130446153846155,-0.5332664326923079,-0.548991012820513,-1,-1,-1,-1,-1,-1,-0.9542300512820514,-0.6206346153846154,-0.5006150000000001,-0.5806899010989013,-0.7097224230769232,-1,-1,-1,-1,-1.166697358974359,-1.019138201923077,-0.5806840961538463,-0.4663286282051284,-0.5815978241758243,-0.8158956769230771,-0.9902100000000004,-1,-1,-1,-1.0995076000000001,-0.8929025734265735,-0.5836494461538464,-0.42962876923076954,-0.5497573846153847,-0.8013179120879123,-0.9989110512820516,-1,-1,-1,-1.024509076923077,-0.8228287552447554,-0.4842137521367523,-0.38420410256410276,-0.53072232967033,-0.8284686153846156,-1.0008340256410257,-1,-1,-0.9846155384615388,-0.9342996324786326,-0.7160457692307693,-0.4479774615384617,-0.36792876923076945,-0.5367459230769233,-0.8358954134615386,-0.9628208461538462,-1,-1,-0.9493080000000003,-0.8419283384615386,-0.6210116666666669,-0.4016164505494507,-0.3400114461538463,-0.503779403846154,-0.7910912087912089,-0.9175019487179488,-1,-1,-0.8610649230769233,-0.7257486324786326,-0.5271192797202798,-0.3318262991452994,-0.29572223076923093,-0.47898979720279733,-0.7786867000000001,-0.9142952564102566,-1,-1,-0.8149341410256412,-0.6404240705128207,-0.44016934615384623,-0.1093319692307694,-0.13463715705128215,-0.4782403076923079,-0.7590442153846155,-0.8678194358974359,-1
linenap_8l_short_me,-1,-1,-1,-1,-1,-1,-1,-1,-1,-0.8213513006896552,-1,-1,-1,-1,-1,-1,-1,-1,-1,-1,-1,-1,-1,-1,-1,-1,-1,-1,-1,-1,-1,-1,-1,-1,-1,-1,-1,-1,-1,-1,-1,-1,-1,-1,-1,-1,-1,-1,-1,-1,-1,-0.6558211866666667,-0.7520000600000001,-1,-1,-1,-1,-1,-1,-1,-1,-0.7669021905882354,-0.7082139120000001,-0.6039418181818182,-0.5895198600000001,-0.616640370909091,-0.5339444400000001,-0.7395000533333334,-0.6559805600000002,-1,-0.5460792950000001,-0.5678693733333334,-0.6453701261538463,-0.5590115813333335,-0.6107769580952382,-0.5363188440000001,-0.33465328210526324,-0.3058037695238096,-0.3280613200000001,-0.41969031000000007,-0.22364280000000009,-0.2316080560000001,-0.23892125600000008,-0.26221752000000004,-0.20290343555555565,-0.16293569333333338,-0.1697320850000001,-0.18072797000000007,-0.19097251500000006,-0.1580986533333334,-0.09929715200000011,-0.10854955500000008,-0.08179391000000008,-0.09561632000000009,-0.04787562545454556,-0.08020187428571436,-0.049310782222222294,-0.10311286400000008,-0.07233396000000007,-0.0690450800000001
linenap_8l_short_se,-1,-1,-1,-1,-1,-1,-1,-1,-1,-1,-1,-1,-1,-1,-1,-1,-1,-1,-1,-1,-1,-1,-1,-1,-1,-1,-1,-1,-1,-1,-1,-1,-1,-1,-1,-1,-1,-1,-1,-1,-1,-1,-1,-1,-1,-1,-1,-1,-1,-1,-1,-1,-1,-1,-1,-1,-1,-1,-1,-1,-1,-0.9055444457142858,-0.8484486600000002,-0.8877967050000001,-0.8467207066666668,-0.86152896,-0.8884063200000001,-1,-1,-1,-0.29897792000000006,-0.3766576650000001,-0.4484549233333334,-0.5183766305882354,-0.5729567050000001,-0.5961527221052633,-0.6246652611764707,-0.5946029840000001,-0.7057992350000001,-0.4474194133333334,-0.20848935200000013,-0.2037644200000001,-0.2036284960000001,-0.20445118400000012,-0.21577961333333343,-0.2400692000000001,-0.23746698285714296,-0.2365070950000001,-0.2605824225000001,-0.3026893000000001,-0.12385645714285722,-0.12110156333333344,-0.12712406666666676,-0.1390524533333334,-0.07667537333333341,-0.06342233263157902,-0.1291676800000001,-0.11946014666666675,-0.09907323142857151,-0.11815654857142865
pillowc_12l_long_me,-1,-1,-1,-1,-1,-1,-1,-1,-1,-0.6035131074074076,-1,-1,-1,-0.8079995333333334,-0.7982462866666669,-0.6299733933333336,-0.4963864,-1,-1,-1,-1,-1,-1,-0.5941063000000002,-0.7978214533333335,-0.9978261666666669,-0.8271608733333335,-0.5873053333333335,-0.555000066666667,-1,-1,-1,-0.4081426800000002,-0.5386229133333336,-0.7295419333333335,-0.9316064066666668,-0.8780487916666668,-0.6782100518518521,-0.43206520000000015,-1,-1,-1,-0.3750439333333335,-0.5511845111111112,-0.735485175757576,-0.9561809714285717,-0.9351661400000001,-0.5661804814814817,-0.3414988533333335,-1,-1,-1,-0.35808073333333357,-0.5119553833333335,-0.7163185555555557,-0.9041906814814817,-0.9210681925925928,-0.3510075400000002,-0.37875474666666686,-1,-1,-1,-0.5208274000000002,-0.6819905111111113,-0.8562701904761907,-0.8545918814814817,-0.3222200133333335,-0.32924434166666683,-0.4593303833333334,-1,-1,-1,-0.6067572333333335,-0.674737266666667,-0.8216544866666669,-0.5427834666666669,-0.23347816296296312,-0.3427067733333335,-0.48920293333333353,-1,-1,-1,-0.6485486444444447,-0.6956030666666668,-0.8056937866666669,-0.4292852476190477,-0.2162631897435899,-0.3522805333333334,-0.5984597866666668,-1,-1,-1,-0.2846174500000002,-0.28466922222222235,-0.4707219133333335,-0.6015635641025643,-0.31134419111111133,-0.23908032916666686,-0.30936384166666686,-1
pillowc_12l_long_se,-1,-1,-1,-1,-1,-1,-1,-1,-1,-1,-1,-1,-1,-0.8783334,-0.7045228600000002,-0.557242288888889,-0.6482816800000002,-1,-1,-1,-1,-1,-1,-0.9045200333333334,-0.6637304888888891,-0.5160926571428573,-0.6124906476190479,-1,-1,-1,-1,-1,-1.107476977777778,-0.9183035259259261,-0.6437090833333334,-0.47504621818181836,-0.7373662303030305,-0.9864191047619049,-1,-1,-1,-1,-1.089579325,-0.8787360545454547,-0.5745506615384617,-0.4422967750000002,-0.6962478666666668,-1.027969146666667,-1,-1,-1,-1,-1.0502577333333336,-0.8137202000000001,-0.5325560923076925,-0.4003225259259261,-0.4769241333333335,-1.0578222000000002,-1,-1,-1,-1,-1.0188549904761908,-0.7866498909090911,-0.4065203555555557,-0.3527484500000002,-0.4163270000000002,-1.0531481000000003,-1,-1,-1,-1,-0.9761882666666669,-0.723394927777778,-0.432824975757576,-0.3032165266666669,-0.4757001866666669,-1,-1,-1,-1,-1,-0.9072085777777779,-0.6954024102564105,-0.35208745777777795,-0.2632686333333335,-0.4433346083333335,-0.8713001666666669,-1,-1,-1,-1,-0.8395446966666669,-0.6019618021505379,-0.18319494545454562,-0.1345185682539684,-0.4316892166666669,-0.7211174493827163,-0.7447755666666669,-1
pillowc_12l_short_me,-1,-1,-1,-1,-1,-1,-1,-1,-1,-1,-1,-1,-1,-1,-1,-1,-1,-1,-1,-1,-1,-1,-1,-1,-1,-1,-1,-1,-1,-1,-1,-1,-0.7192859642857143,-0.7092380500000001,-0.6835117053571429,-0.6897643526785714,-0.6637066607142857,-0.6276390306122449,-0.6199572357142857,-0.5834895982142857,-1,-1,-0.6577192824675324,-0.619820431547619,-0.60813275,-0.5806209071428571,-0.5611069841269841,-0.5424752817460318,-0.5371056626984128,-0.48777109677419356,-1,-1,-0.5423921250000001,-0.5012033303571429,-0.4765969577922078,-0.44603534415584417,-0.43293513988095245,-0.4060422738095239,-0.3989477197802198,-0.34607743818681325,-1,-0.4261895000000001,-0.42990035357142864,-0.3946832976190477,-0.3426118928571429,-0.31967188961038967,-0.2936137470238096,-0.2683129752747253,-0.24259997077922082,-0.22578619761904767,-1,-0.36628725000000006,-0.3359361696428572,-0.2906518051948053,-0.23981572402597406,-0.21151336071428578,-0.18785731122448987,-0.17966686309523822,-0.17672135714285725,-0.18913957142857152,-1,-0.30514465178571426,-0.2593728571428572,-0.20934852083333338,-0.15709733928571434,-0.14682615476190483,-0.14460433035714293,-0.15514243571428576,-0.17106905714285722,-0.16996768750000005,-1,-0.25714292857142856,-0.16378832857142864,-0.11734365625000007,-0.05602906677018641,-0.05178081428571438,-0.1125672976190477,-0.1322260422077923,-0.14477549450549457,-0.15726012142857151
pillowc_12l_short_se,-1,-1,-1,-1,-1,-1,-1,-1,-1,-1,-1,-1,-1,-1,-1,-1,-1,-1,-1,-1,-1,-1,-1,-1,-1,-1,-1,-1,-1,-1,-0.6832149880952381,-0.7186904761904761,-1,-1,-1,-1,-1,-1,-1,-1,-0.6040532295918367,-0.6385297571428572,-0.6798384318181818,-0.7371359107142856,-0.7681355119047618,-0.7997450892857142,-1,-1,-1,-1,-0.4197798363095238,-0.45702726428571433,-0.5339113157894737,-0.6181883373015873,-0.6922453443877551,-0.7588358344155844,-0.7909613428571428,-0.8142375595238095,-1,-1,-0.29956531547619053,-0.31028306250000004,-0.34722225274725277,-0.42291664285714287,-0.5035307193877552,-0.6003194441964286,-0.6686252222222222,-0.725702757142857,-0.7828741458333334,-1,-0.2479351,-0.24071906428571438,-0.23410566326530619,-0.2555742648809524,-0.2983468437500001,-0.3530527312030076,-0.4393689214285715,-0.5392037226890757,-0.6325623084415584,-1,-0.21428571428571425,-0.2131877341269842,-0.18939072448979596,-0.17322995238095246,-0.1654297678571429,-0.18255090873015878,-0.2186970331632654,-0.31615092857142857,-0.4885000535714286,-1,-0.15939627857142863,-0.16211727857142863,-0.1481383681318682,-0.13787921428571434,-0.06736515816326537,-0.05055639965986404,-0.08556506722689082,-0.12387542546583859,-0.19010631250000007,-1
pillowc_16l_long_me,-1,-1,-1,-1,-1,-1,-1,-1,-1,-1,-0.5974028571428571,-0.5905545476190477,-0.6064161428571428,-0.6111610714285715,-1,-1,-1,-1,-1,-1,-0.5660394285714286,-0.5619367976190478,-0.5732060000000001,-0.5822040428571429,-0.6077693673469389,-0.6340511428571429,-0.6425322142857144,-0.6377979285714287,-0.6468257285714286,-0.6648431,-0.4883104523809525,-0.4901651500000001,-0.5153894107142858,-0.5200080000000001,-0.5267879404761906,-0.5551690714285715,-0.5541998452380954,-0.5622935714285716,-0.5976198333333335,-0.6234849821428572,-0.40667289285714314,-0.4224483979591838,-0.46640219642857145,-0.44728289285714296,-0.4488016530612246,-0.4711143839285716,-0.4856572857142859,-0.4908494142857144,-0.5440340714285714,-0.5654960204081634,-0.3382616190476191,-0.36739754081632664,-0.4202214464285715,-0.376327767857143,-0.382057273809524,-0.3995092380952382,-0.4117130000000001,-0.43220835714285727,-0.4951751547619049,-0.5185091666666668,-0.264452,-0.3009033750000001,-0.349253654761905,-0.31894782142857153,-0.3190190142857144,-0.31901415714285725,-0.3417201309523811,-0.38038742857142865,-0.4372076875000001,-0.48349163392857153,-0.19489821428571444,-0.2412015625000002,-0.2828715000000001,-0.269569892857143,-0.25892083333333343,-0.2645458571428572,-0.2794193142857144,-0.3390688571428573,-0.37831514285714307,-0.42854843877551035,-0.13500021428571435,-0.15437725000000013,-0.21176039285714296,-0.20507686734693892,-0.21207075892857158,-0.2062053265306124,-0.22263062857142862,-0.2731311020408164,-0.3271733775510205,-0.38779842857142877,-0.1044376071428573,-0.1275121530612246,-0.14401134523809533,-0.16568619642857152,-0.10025546218487412,-0.08734000375939863,-0.18400579761904784,-0.19872562500000013,-0.2560289642857144,-0.30363548319327743
pillowc_16l_long_se,-1,-1,-1,-1,-1,-0.35739750000000026,-1,-1,-1,-1,-1,-1,-1,-0.6970209591836736,-0.5034008642857144,-0.3550953571428573,-0.41526932142857154,-1,-1,-1,-1,-1,-0.8588524428571429,-0.7033713469387756,-0.44681595714285727,-0.33311526785714296,-0.4199808857142858,-0.6473665634920636,-0.8123208392857143,-1,-1,-1,-0.8277313265306123,-0.6420836190476191,-0.4309730510204082,-0.3111272500000002,-0.41593049285714295,-0.6403034642857144,-0.7970221607142858,-1,-1,-1,-0.7892445510204081,-0.5985876020408164,-0.37201747959183684,-0.28338832857142865,-0.41098028571428585,-0.6179179880952382,-0.7680850285714287,-1,-1,-0.7959184285714285,-0.7086919603174604,-0.5240911825396827,-0.33318860714285725,-0.2795797142857145,-0.4010311428571429,-0.5983805357142858,-0.7459229285714286,-1,-1,-0.7175769880952382,-0.6327856160714287,-0.4509480238095239,-0.3004006428571429,-0.25880039285714296,-0.35291630714285727,-0.5584525158730159,-0.7041359880952383,-1,-1,-0.6477273163265308,-0.5433556632653063,-0.4181927857142859,-0.27236737500000024,-0.24631371428571447,-0.3245333571428573,-0.5210763469387757,-0.6854249285714287,-1,-1,-0.5831036547619048,-0.4933073265306124,-0.3596251696428573,-0.25086693877551036,-0.21277366964285724,-0.320731330357143,-0.48919921428571445,-0.6417402380952382,-1,-0.5803571785714285,-0.5220699603174604,-0.42180283928571444,-0.314978292857143,-0.1284840646258505,-0.12122096992481224,-0.32500569285714304,-0.48957056666666676,-0.613724455357143,-1
pillowc_16l_short_me,-1,-1,-1,-1,-1,-1,-1,-1,-1,-1,-1,-1,-1,-1,-1,-1,-1,-1,-1,-1,-1,-1,-1,-1,-1,-1,-1,-1,-1,-1,-1,-1,-1,-1,-1,-1,-1,-1,-1,-1,-1,-1,-1,-1,-1,-1,-1,-1,-1,-1,-1,-1,-1,-1,-1,-1,-1,-1,-1,-1,-1,-0.758695695652174,-0.7877127312252965,-0.7468232282608697,-0.7667158586956522,-0.7667731225296444,-0.7553472236024845,-0.7597746572890026,-0.6735667217391305,-0.6555867254004577,-1,-0.5051248743961353,-0.49761037240075623,-0.42203915217391313,-0.43988890160183075,-0.39458548695652185,-0.41395886956521744,-0.38761844851258587,-0.32938197282608705,-0.3174726811594204,-0.17246382608695665,-0.2144897260869566,-0.1909164503105591,-0.1623576413043479,-0.15619650724637693,-0.15893946739130446,-0.1689379782608697,-0.1743326413043479,-0.17769459130434792,-0.1873236347826088,-0.07952228260869573,-0.07042160869565231,-0.09089342608695661,-0.12204082608695663,-0.05316762525879926,-0.04930021343873527,-0.1022450062111802,-0.1318665603864735,-0.12740233913043492,-0.13725233913043489
pillowc_16l_short_se,-1,-1,-1,-1,-1,-1,-1,-1,-1,-1,-1,-1,-1,-1,-1,-1,-1,-1,-1,-1,-1,-1,-1,-1,-1,-1,-1,-1,-1,-1,-1,-1,-1,-1,-1,-1,-1,-1,-1,-1,-1,-1,-1,-1,-1,-1,-1,-0.7711802028985507,-0.7387909239130436,-0.7180901739130435,-1,-0.8269566304347828,-0.7942491884057973,-0.7806248550724638,-0.7352020043478262,-0.6776688963210703,-0.6580945776397515,-0.6052536572890026,-0.5829791690821257,-0.5591558105590063,-1,-0.6536197190635452,-0.6130734444444444,-0.503396800511509,-0.46908736613272317,-0.4070861839464884,-0.3840669000000001,-0.3447103198757765,-0.35252710144927546,-0.34513505434782615,-0.27834215217391317,-0.3094751413043479,-0.26451897628458504,-0.23935841304347835,-0.23163010559006217,-0.21755407608695662,-0.22233117391304355,-0.22441450000000007,-0.23572880000000002,-0.25291704968944106,-0.19699881159420293,-0.19382971014492759,-0.1883143840579711,-0.1732469391304348,-0.15545033333333344,-0.14122872173913054,-0.16805224347826098,-0.1748725489130436,-0.18638915217391316,-0.20481601086956536,-0.20760891304347845,-0.2281061576086957,-0.2102509043478262,-0.17248380434782615,-0.06547936739130444,-0.05122404347826096,-0.1294293097826088,-0.14471231677018642,-0.14843966956521748,-0.15667074347826093
pillowc_4l_long_me,-1,-1,-1,-1,-1,-1,-1,-1,-1,-1,-1,-1,-1,-1,-1,-1,-1,-1,-1,-1,-1,-1,-1,-1,-0.4705986875,-1,-1,-1,-1,-1,-1,-1,-1,-1,-0.432191056122449,-0.4372704214285715,-1,-1,-1,-1,-1,-1,-1,-1,-0.36881642142857146,-0.38060769642857145,-1,-1,-1,-1,-1,-1,-1,-1,-0.3303995476190477,-0.3221475000000001,-1,-1,-1,-1,-1,-1,-1,-1,-0.29821437500000003,-0.2694393603896104,-1,-1,-1,-1,-1,-1,-1,-1,-1,-0.23585541294642864,-1,-1,-1,-1,-1,-1,-1,-1,-0.1582059285714287,-0.1673804352678572,-1,-1,-1,-1,-1,-1,-1,-1,-0.08810980714285722,-0.09396784298029563,-0.22428975892857148,-1,-1,-1
pillowc_4l_long_se,-1,-1,-1,-1,-1,-1,-1,-1,-1,-0.872124875,-1,-1,-1,-1,-1,-1,-1,-0.8286866428571428,-0.8248925642857143,-0.8283718124999999,-1,-1,-1,-1,-1,-1,-1,-0.8197359642857143,-0.7729916636904761,-0.7794537928571429,-1,-1,-1,-1,-1,-1,-1,-1,-1,-1,-1,-1,-1,-1,-1,-1,-1,-1,-1,-1,-1,-1,-1,-1,-0.6932840803571428,-0.6712938035714286,-0.6209561706349206,-1,-1,-1,-1,-1,-1,-1,-0.5048063849206349,-0.4676055421245422,-0.5051011190476191,-1,-1,-1,-1,-1,-1,-1,-0.40870055000000005,-0.3710188719211823,-1,-1,-1,-1,-1,-1,-1,-1,-0.43817017293233085,-0.4134958767281106,-0.3024579846938776,-1,-1,-1,-1,-1,-1,-1,-0.00862159948979601,-0.018263916666666755,-0.06656687500000008,-1,-1,-1
pillowc_4l_short_me,-1,-1,-1,-1,-1,-1,-1,-1,-1,-1,-1,-1,-1,-1,-1,-1,-1,-1,-1,-1,-1,-1,-1,-1,-1,-1,-1,-1,-1,-1,-1,-1,-1,-1,-1,-1,-1,-1,-1,-1,-1,-1,-1,-1,-1,-1,-1,-1,-1,-1,-1,-1,-1,-1,-1,-1,-1,-1,-1,-1,-1,-1,-1,-1,-1,-1,-1,-1,-1,-1,-1,-1,-0.44503430864197535,-0.45428547521367524,-1,-1,-0.46742560740740746,-0.45323296507936506,-1,-1,-1,-1,-0.3956400555555556,-0.3277614114942529,-0.2442295151515152,-0.21992306666666672,-0.2931072716049383,-0.3502220166666667,-0.39846919999999997,-1,-1,-1,-1,-1,-0.06741067314814819,-0.06098748279569897,-0.1327238022222223,-1,-1,-1
pillowc_4l_short_se,-1,-1,-1,-1,-1,-1,-1,-1,-1,-1,-1,-1,-1,-1,-1,-1,-1,-1,-1,-1,-1,-1,-1,-1,-1,-1,-1,-1,-1,-1,-1,-1,-1,-1,-1,-1,-1,-1,-1,-1,-1,-1,-1,-1,-1,-1,-1,-1,-1,-1,-1,-1,-1,-1,-1,-1,-1,-1,-1,-1,-1,-1,-1,-1,-1,-1,-1,-1,-1,-1,-1,-1,-1,-1,-1,-1,-1,-1,-1,-1,-0.2467171213675214,-0.24810364301075274,-0.2277412008547009,-0.20529678362573103,-0.17305562222222226,-1,-0.1566441174603175,-0.19525834529914535,-0.24790523961352662,-0.2785879460317461,-0.2144435703703704,-0.21456690873015877,-0.18681217894736846,-0.144808950617284,-0.09121969572649577,-0.06516744248366019,-0.16397355321637433,-0.2033024646464647,-0.23773106153846157,-0.25489394814814814
pillowc_6l_long_me,-1,-1,-1,-1,-1,-1,-1,-1,-1,-1,-1,-1,-1,-1,-1,-1,-1,-1,-1,-1,-1,-1,-1,-1,-1,-1,-1,-1,-1,-1,-1,-1,-1,-0.5773198782608697,-0.58218049689441,-1,-1,-1,-1,-1,-1,-1,-1,-0.5189347246376813,-0.5391371702898552,-0.6361386347826088,-1,-1,-1,-1,-1,-1,-1,-1,-0.44369896894409944,-0.626724505636071,-0.7819088586956524,-1,-1,-1,-1,-1,-1,-1,-0.34159833043478266,-0.5197124039270687,-0.7689652367149759,-0.8707144347826087,-1,-1,-1,-1,-1,-1,-0.2669843782608697,-0.3800048560719641,-0.6016882486413044,-0.8067915421994885,-1,-1,-1,-1,-1,-1,-0.1914563826086957,-0.22935380718336493,-0.4245173043478262,-0.8286795626598467,-0.9021739130434783,-1,-1,-1,-1,-1,-0.09469365111346775,-0.08576991787439622,-0.6754775217391306,-0.7728943152173914,-1,-1
pillowc_6l_long_se,-1,-1,-1,-1,-1,-1,-1,-1,-1,-1,-1,-1,-1,-1,-1,-1,-1,-1,-1,-1,-1,-1,-1,-1,-1,-0.5712166837944664,-1,-1,-1,-1,-1,-1,-1,-1,-0.5429974782608696,-0.5161256123188407,-1,-1,-1,-1,-1,-1,-1,-1,-0.46392104968944103,-0.4560335889328064,-1,-1,-1,-1,-1,-1,-1,-1,-0.39403027536231894,-0.3870747782608696,-1,-1,-1,-1,-1,-1,-1,-1,-0.3293832463768117,-0.3206722885375495,-1,-1,-1,-1,-1,-1,-1,-1,-0.253258944099379,-0.24744929813664607,-1,-1,-1,-1,-1,-1,-1,-1,-0.17492305434782618,-0.17572576086956526,-1,-1,-1,-1,-1,-1,-1,-1,-0.11779361371237468,-0.09655413526570057,-0.15480580434782615,-1,-1,-1
pillowc_6l_short_me,-1,-1,-1,-1,-1,-1,-1,-1,-1,-1,-1,-1,-1,-1,-1,-1,-1,-1,-1,-1,-1,-1,-1,-1,-1,-1,-1,-1,-1,-1,-1,-1,-1,-1,-1,-1,-1,-1,-1,-1,-1,-1,-1,-1,-1,-1,-1,-1,-1,-1,-1,-1,-1,-1,-1,-1,-1,-1,-1,-1,-1,-1,-1,-1,-1,-1,-1,-1,-1,-1,-1,-1,-1,-1,-1,-1,-1,-1,-0.4570111171171172,-0.3183784702702704,-0.1847336378378379,-0.18580170515970523,-0.3975669374110954,-0.4281906047297298,-0.46734806045519206,-0.42771490540540547,-0.353531335907336,-0.2855426733254995,-0.2562823783783785,-0.21657461411411416,-0.10615702102102108,-0.10493297621621626,-0.13935905882352947,-0.12841712837837843,-0.0588228765356266,-0.05748083343808931,-0.10616582368082374,-0.11969814656964663,-0.14029821360069752,-0.1527307775467776
pillowc_6l_short_se,-1,-1,-1,-1,-1,-1,-1,-1,-1,-1,-1,-1,-1,-1,-1,-1,-1,-1,-1,-1,-1,-1,-1,-1,-1,-1,-1,-1,-1,-1,-1,-1,-1,-1,-1,-1,-1,-1,-1,-1,-1,-1,-1,-1,-1,-1,-1,-1,-1,-1,-1,-1,-1,-1,-1,-1,-1,-1,-1,-1,-1,-1,-1,-1,-1,-1,-1,-1,-1,-1,-0.2564189594594595,-0.2619632871621623,-0.27882068918918923,-1,-1,-1,-1,-1,-0.3606469081081082,-0.3027028918918919,-0.24144148648648653,-0.22381668288288292,-0.21933266366366372,-0.1746363716216217,-0.14381356370656379,-0.12674931531531536,-0.16838089789789795,-0.21937254697554703,-0.23069048648648655,-0.24339282702702708,-1,-0.2118762432432433,-0.16995916108108114,-0.13160636240786247,-0.06649648995149002,-0.05387930630630636,-0.11259128009828015,-0.1273717297297298,-0.15377434296365336,-0.17097283378378383
pillowc_8l_long_me,-1,-1,-1,-1,-1,-1,-1,-1,-1,-1,-1,-1,-1,-1,-1,-1,-1,-1,-1,-1,-1,-1,-1,-1,-1,-1,-1,-1,-1,-1,-1,-1,-1,-1,-1,-1,-1,-1,-1,-1,-1,-1,-1,-1,-1,-1,-1,-1,-1,-1,-1,-1,-1,-1,-1,-1,-1,-1,-1,-1,-0.7133296977225674,-0.6970731652173914,-0.6559931900161031,-0.6661948725637182,-0.6843024655797102,-0.6614524852173913,-0.6489582449275363,-0.6570612073578597,-0.6938431809256663,-0.7198651413043479,-0.6317577521739132,-0.5509633779264215,-0.46048534202898556,-0.4130173164251208,-0.37674950434782617,-0.3593576217391305,-0.35471559954233417,-0.45498102006688973,-0.5365729328063242,-0.5956204782608696,-1,-0.5662834492753624,-0.5036858212560387,-0.38813632850241553,-0.2281685016722409,-0.20665178260869577,-0.3506709048913044,-0.4938845054347827,-0.5626192639751554,-0.5920811739130435,-1,-1,-0.5985422909698997,-0.5597843352033661,-0.17734653686200388,-0.08498653913043487,-0.43129762541806027,-0.5561518847826088,-0.5796783043478262,-1
pillowc_8l_long_se_2,-1,-1,-1,-1,-1,-1,-1,-1,-1,-1,-1,-1,-1,-1,-1,-1,-1,-1,-1,-1,-1,-1,-1,-1,-0.6177771086956523,-0.5667780592885376,-1,-1,-1,-1,-1,-1,-1,-0.6708495391304348,-0.5666939565217393,-0.5291068160535118,-0.5758768695652174,-1,-1,-1,-1,-1,-0.805993850241546,-0.6508874710144928,-0.5102694833759592,-0.4714923979933111,-0.48686213043478277,-1,-1,-1,-1,-1,-0.7067838695652174,-0.5834395354691077,-0.4422520811594204,-0.4009069449275363,-0.4394927391304349,-1,-1,-1,-1,-1,-0.7063770869565217,-0.5478122137681161,-0.3813541130434783,-0.3319856211180125,-0.4211460144927537,-1,-1,-1,-1,-1,-1,-0.4428382869565218,-0.31190877777777787,-0.2728279891304349,-0.35588342857142863,-1,-1,-1,-1,-1,-1,-1,-0.21156992608695663,-0.2076291943734016,-0.23384480434782623,-1,-1,-1,-1,-1,-1,-1,-0.08662722073578605,-0.0885273913043479,-0.1579394724637682,-1,-1,-1
pillowc_8l_short_me,-1,-1,-1,-1,-1,-1,-1,-1,-1,-1,-1,-1,-1,-1,-1,-1,-1,-1,-1,-1,-1,-1,-1,-1,-1,-1,-1,-1,-1,-1,-1,-1,-1,-1,-1,-1,-1,-1,-1,-1,-1,-1,-1,-1,-1,-1,-1,-1,-1,-1,-1,-1,-1,-1,-1,-1,-1,-1,-0.768467375,-0.7479736160714285,-1,-1,-1,-0.8413818214285713,-0.8232853571428571,-0.7908120000000001,-0.7075887514285715,-0.6154444298469388,-0.5677883892857143,-0.5737825547619048,-0.40594472448979596,-0.3916295306122449,-0.49618325187969925,-0.6415418214285714,-0.608235643939394,-0.521554530612245,-0.38515156318681326,-0.34735753348214293,-0.40920982440476195,-0.45737073809523815,-1,-0.36029466558441564,-0.30423374579831935,-0.2387142397959184,-0.1962560819327732,-0.18124411607142865,-0.22393414508928577,-0.3238693238095239,-0.4125680454545455,-1,-1,-0.3870655408163266,-0.37187729142857145,-0.3191974502164503,-0.09094685880398677,-0.06764635714285722,-0.26080275765306127,-0.36682518181818186,-1,-1
pillowc_8l_short_se,-1,-1,-1,-1,-1,-1,-1,-1,-1,-1,-1,-1,-1,-1,-1,-1,-1,-1,-1,-1,-1,-1,-1,-1,-1,-1,-1,-1,-1,-1,-1,-1,-1,-1,-1,-1,-1,-1,-1,-1,-1,-1,-1,-1,-1,-1,-1,-1,-1,-1,-1,-1,-1,-1,-1,-1,-1,-1,-1,-1,-1,-0.44372803571428576,-1,-1,-1,-1,-1,-1,-1,-1,-1,-0.4156296173469389,-0.3678813035714286,-0.3069248163265307,-1,-1,-0.33690478571428584,-0.3777213452380953,-0.4310466642857143,-0.4588580941558442,-1,-0.39159390079365086,-0.33293604761904766,-0.25665857142857146,-0.2078975126050421,-0.17266007417582424,-0.23860385000000003,-0.2715581785714286,-0.33403705769230774,-0.37075319642857146,-1,-0.38082439285714287,-0.33971301406926413,-0.2378353540816327,-0.08925791746031753,-0.07012557359307364,-0.16452030414746552,-0.2510883585164836,-0.3130940436507937,-0.354180880952381
towel_12l_long_me,-0.41481513333333353,-1,-1,-1,-1,-1,-1,-0.3367318000000001,-1,-0.40000020000000025,-0.34445542500000015,-0.3287741523809525,-0.3087239333333335,-0.2838901416666668,-0.2941073851851853,-0.294844814814815,-0.28742382222222235,-0.3032063185185187,-0.31431687500000016,-0.3551385629629631,-0.2714870555555557,-0.25933644000000017,-0.25227291111111133,-0.24232066666666688,-0.238971377777778,-0.22733928888888896,-0.22782646666666692,-0.24094491111111122,-0.2525425666666668,-0.3124008733333335,-0.23934201333333352,-0.21664635555555573,-0.20093784166666684,-0.20186364761904776,-0.20182006666666683,-0.19588623333333346,-0.19310362222222235,-0.21051740952380965,-0.21393282222222237,-0.2709208888888891,-0.2014833333333335,-0.19337765555555567,-0.15512926666666682,-0.1514172533333335,-0.1558091333333335,-0.14771740000000005,-0.15124252222222234,-0.19190231666666668,-0.1900879866666668,-0.24800129629629644,-0.18549032000000015,-0.15203373333333345,-0.12032660952380965,-0.11910321666666687,-0.12420420000000025,-0.12045093333333354,-0.11997568000000011,-0.14395256666666678,-0.1629446000000001,-0.2239248200000002,-0.15189119047619057,-0.10863045555555574,-0.08339509333333354,-0.08118582666666674,-0.09593150000000022,-0.09765690000000021,-0.09988357777777797,-0.11659346666666681,-0.14740095555555568,-0.2299659666666668,-0.0942752666666668,-0.06825026666666685,-0.060247493333333464,-0.0665883166666668,-0.09463985333333355,-0.10460293333333352,-0.0852900333333335,-0.09511757333333352,-0.13333722857142877,-0.2062709466666668,-0.0635302000000001,-0.03795048888888906,-0.051535283333333515,-0.060591255555555695,-0.10543242222222236,-0.10826364444444465,-0.0877190333333335,-0.09202961333333337,-0.12124561904761913,-0.17641198666666685,-0.23546147407407428,-0.18702583636363648,-0.1047210500000001,-0.14547928148148168,-0.06657066262626281,-0.04955073750000019,-0.12977749333333352,-0.12209181481481499,-0.143167688888889,-0.1681725333333335
towel_12l_long_se,-0.5133334666666667,-0.48501146666666684,-0.4743388333333335,-0.46892911111111124,-1,-0.5366667666666667,-1,-1,-1,-1,-0.40555553333333355,-0.38114093888888906,-0.37959866666666686,-0.3917472814814817,-0.3870771000000001,-0.4333136909090911,-0.4096645866666668,-0.4027452000000002,-0.39666650000000025,-1,-0.36544043809523824,-0.309940142857143,-0.28077294444444456,-0.2678006933333334,-0.2741213600000001,-0.28142386666666686,-0.22036545000000018,-0.23915122222222235,-0.24117308148148167,-0.2523338952380954,-0.32880268888888914,-0.26659136666666694,-0.23898414666666684,-0.21939698095238103,-0.21698086666666683,-0.20804958095238102,-0.1959524476190478,-0.18758542666666678,-0.19378198666666688,-0.23770189166666683,-0.2875058000000002,-0.22417574444444466,-0.2059960555555558,-0.17541465000000026,-0.15982977333333345,-0.16088989333333353,-0.15394686666666682,-0.1513899000000001,-0.1786376666666669,-0.24888863333333341,-0.25113512777777797,-0.1824931333333335,-0.17544754666666681,-0.14370983333333354,-0.1230598800000001,-0.12798668000000019,-0.12787098666666674,-0.12460996666666688,-0.1804312533333335,-0.22436385833333342,-0.1976419266666668,-0.1309474888888891,-0.12692016190476205,-0.10276223333333354,-0.10277148333333347,-0.10601648888888901,-0.10111931111111121,-0.11873335555555563,-0.1598115111111113,-0.19796378333333348,-0.16127675333333352,-0.10059301333333348,-0.09295406666666667,-0.08011660000000013,-0.09722546666666675,-0.1124808833333335,-0.08067846666666675,-0.09098930000000012,-0.13100655555555568,-0.1888642095238097,-0.1639810296296298,-0.0997231666666668,-0.07471728888888894,-0.07033992000000011,-0.09543036666666671,-0.10557990000000017,-0.06591312000000013,-0.07108668000000015,-0.11110694666666684,-0.1656053777777779,-0.15601142666666687,-0.14291535000000014,-0.12101496666666679,-0.10489915833333345,-0.06011687741935499,-0.04235883010752706,-0.11108254285714304,-0.10806225238095259,-0.121075794871795,-0.14939965555555573
towel_12l_short_me,-1,-1,-1,-1,-1,-1,-0.48000012000000014,-1,-1,-1,-0.53103016,-0.5288873900000001,-0.521420952,-0.5206073200000001,-0.5018360650000001,-0.4717692057142858,-0.45297310666666674,-0.4626101666666667,-0.4820685244444446,-1,-0.4773514550000001,-0.4806041600000001,-0.4660049066666668,-0.44950685714285726,-0.42876186000000005,-0.40444450500000007,-0.3781712850000001,-0.3868717371428572,-0.4305107066666668,-1,-0.3888251942857144,-0.38812092500000006,-0.3885335600000001,-0.37053448000000005,-0.36430978666666675,-0.3358977550000001,-0.31762089714285724,-0.32437291200000007,-0.36702807272727284,-0.40600000000000014,-0.3270694800000001,-0.32006604666666677,-0.30958690666666683,-0.2994922857142858,-0.28900795,-0.27495274857142865,-0.26104106666666677,-0.2663412514285715,-0.30350256571428574,-0.33676866000000005,-0.2891620933333334,-0.2687168300000001,-0.24127188000000008,-0.2327582342857144,-0.21555574666666674,-0.20559572500000015,-0.1989843657142858,-0.2057838200000001,-0.24357566000000008,-0.29647310400000004,-0.22903790857142867,-0.2113214866666668,-0.17737859555555566,-0.1585452666666667,-0.14525289714285725,-0.14420793600000006,-0.13394320000000007,-0.1414616800000001,-0.17943113777777786,-0.2234736240000001,-0.15431334666666677,-0.1418787950000001,-0.11548613142857149,-0.09394754285714292,-0.08976986000000013,-0.0896930533333334,-0.0885768133333334,-0.09083660666666675,-0.13136191600000008,-0.16240012000000004,-0.08338470000000012,-0.0672855600000001,-0.06766171000000004,-0.056861813333333434,-0.0715882720000001,-0.07731960000000009,-0.07154528000000009,-0.07432832000000007,-0.0890776514285715,-0.1136061000000001,-0.10039432363636375,-0.1270757333333334,-0.1132573800000001,-0.07794357142857147,-0.0602156400000001,-0.05661301777777788,-0.07753797600000009,-0.06728610000000008,-0.07598579111111116,-1
towel_12l_short_se,-1,-1,-0.42900655000000004,-0.4505997333333334,-0.44044386,-1,-1,-1,-1,-0.48422463944444455,-1,-0.4525986840000001,-0.49779266000000005,-0.5009726742857143,-0.4478658457142858,-0.38787403000000015,-0.3742709733333334,-0.37067066000000004,-0.38064666666666674,-0.4080329450000001,-1,-0.36449490400000006,-0.37127178285714296,-0.3933667028571429,-0.43929987200000004,-0.4261926650000001,-0.42202663333333346,-0.37305302666666673,-0.3134676533333334,-0.3112497640000001,-1,-0.2896286600000001,-0.3025475133333334,-0.32242846666666675,-0.3723037142857144,-0.39055557333333346,-0.3654290250000001,-0.2652092066666668,-0.2475498950000001,-0.25135244470588247,-1,-0.21013855500000012,-0.23222309333333338,-0.25147752000000007,-0.2851835542857144,-0.2608800400000001,-0.22584245714285725,-0.1877498133333334,-0.18317904000000013,-0.18683741750000005,-0.11542856000000001,-0.16026314666666674,-0.20287657714285726,-0.21553038000000005,-0.15846842285714294,-0.13240683200000003,-0.12558201333333344,-0.12834085142857152,-0.12001916400000008,-0.12840787000000006,-0.07383820000000019,-0.11278342000000008,-0.1263726057142858,-0.11299308000000008,-0.09545412666666679,-0.08399282000000008,-0.07303764571428581,-0.0774093600000001,-0.10029464444444453,-0.13188922800000008,-0.06451342000000015,-0.09292123555555566,-0.0706127120000001,-0.07730927333333341,-0.06638936000000006,-0.06918906666666676,-0.06308120000000006,-0.05335968000000006,-0.054832702222222314,-0.07928736000000008,-0.05912943000000015,-0.0652164250000001,-0.06578872000000008,-0.07137652800000009,-0.049546450000000075,-0.04511645142857151,-0.03642705000000007,-0.037728600000000036,-0.03530471200000007,-0.0773822133333334,-1,-1,-1,-1,-1,-1,-1,-1,-1,-1
towel_4l_long_me,-1,-1,-1,-1,-1,-1,-1,-1,-1,-1,-1,-1,-1,-1,-1,-1,-1,-1,-1,-1,-1,-1,-1,-1,-0.6926505542857143,-0.7475949971428573,-0.8088335600000001,-1,-1,-1,-1,-1,-1,-0.7122382200000001,-0.6441497742857144,-0.6692078648275863,-0.76606152,-1,-1,-1,-1,-1,-1,-1,-0.5608130907692309,-0.571546863448276,-0.6778835400000002,-1,-1,-1,-1,-1,-1,-1,-0.48382186500000013,-0.4588927984615385,-0.5981292400000002,-1,-1,-1,-1,-1,-1,-1,-0.3634747200000001,-0.3745481970370371,-0.47182344666666676,-1,-1,-1,-1,-1,-1,-1,-0.27386198285714297,-0.27338325032258076,-0.32000004000000004,-1,-1,-1,-1,-1,-1,-1,-0.20229108210526325,-0.18063569142857153,-1,-1,-1,-1,-1,-1,-1,-1,-0.15843657037037046,-0.1100626976744187,-0.23084446666666678,-1,-1,-1
towel_4l_long_se,-1,-1,-1,-1,-1,-1,-1,-1,-1,-1,-1,-1,-1,-1,-1,-1,-1,-1,-1,-1,-1,-1,-1,-1,-0.6205533600000002,-0.620256785,-1,-1,-1,-1,-1,-1,-1,-1,-0.6036945571428572,-0.5690855633333334,-0.6280358800000001,-1,-1,-1,-1,-1,-1,-1,-0.49943290857142864,-0.5083899826086957,-0.5944001066666668,-1,-1,-1,-1,-1,-1,-1,-0.4212280450000001,-0.41732822857142865,-1,-1,-1,-1,-1,-1,-1,-1,-0.3204855971428572,-0.3207251580000001,-1,-1,-1,-1,-1,-1,-1,-1,-0.23645370666666674,-0.21664601428571437,-1,-1,-1,-1,-1,-1,-1,-1,-0.16988647076923086,-0.18322237052631588,-1,-1,-1,-1,-1,-1,-0.7257211986666667,-0.47342805777777786,-0.11724866545454554,-0.0995608047457628,-0.267520478918919,-0.44884132000000004,-1,-1
towel_4l_short_me,-1,-1,-1,-1,-1,-1,-1,-1,-1,-1,-1,-1,-1,-1,-1,-1,-1,-1,-1,-1,-1,-1,-1,-1,-1,-1,-1,-1,-1,-1,-1,-1,-1,-1,-1,-1,-1,-1,-1,-1,-1,-1,-1,-1,-1,-1,-1,-1,-1,-1,-1,-1,-1,-1,-1,-1,-1,-1,-1,-1,-1,-1,-1,-1,-1,-1,-1,-1,-1,-1,-1,-0.3225794444444445,-0.30701229629629634,-0.31963911851851856,-1,-1,-1,-1,-1,-1,-0.19082262898550728,-0.2018092919753087,-0.17839465691056916,-0.161911982375479,-0.13918094285714291,-0.1227150464052288,-0.09997600444444449,-0.14763852800000005,-0.16570105432098772,-0.15728801538461545,-0.08437791578947375,-0.08009909012345685,-0.08973995294117652,-0.07934524888888893,-0.08851588777777783,-0.10179731111111116,-0.093291657936508,-0.09154194106280199,-0.09981024444444449,-0.0917602944444445
towel_4l_short_se,-1,-1,-1,-1,-1,-1,-1,-1,-1,-1,-1,-1,-1,-1,-1,-1,-1,-1,-1,-1,-1,-1,-1,-1,-1,-1,-1,-1,-1,-1,-1,-1,-1,-1,-1,-1,-1,-1,-1,-1,-1,-1,-1,-1,-1,-1,-1,-1,-1,-1,-1,-1,-1,-1,-1,-1,-1,-1,-1,-1,-1,-1,-1,-1,-1,-1,-1,-1,-1,-1,-1,-0.2877778000000001,-1,-1,-1,-1,-1,-1,-1,-1,-0.20000006666666667,-0.22656838709677424,-0.20945419506172844,-0.16465268024691362,-0.13933437777777782,-0.1398712727272728,-0.19848528080808084,-0.24370526222222225,-0.25364585228758174,-0.24016023942652334,-1,-0.16154480658436218,-0.14525613730158735,-0.12014028888888893,-0.05845925410628024,-0.046028001932367196,-0.08928877688888893,-0.09194209925925931,-0.10303579928315418,-0.137076750877193
towel_6l_long_me,-1,-1,-1,-1,-1,-1,-1,-1,-1,-1,-1,-1,-1,-1,-1,-1,-1,-1,-1,-1,-1,-1,-1,-1,-1,-1,-1,-1,-1,-1,-1,-1,-0.7027076933333336,-0.69652495,-0.6783394000000001,-0.6740738666666668,-0.6769819,-0.6737152560000002,-0.68305633,-1,-0.6894335000000001,-0.6734222646153847,-0.6571798114285715,-0.64905352,-0.6225605741176471,-0.5912230694736843,-0.5895383857142859,-0.5918604822222223,-0.6219160847058824,-0.683841027586207,-0.6228195280000001,-0.574596451764706,-0.5370601800000001,-0.5208382840000001,-0.4879215129411765,-0.45427837523809533,-0.4467131133333334,-0.46825383777777785,-0.5312155300000001,-0.6178011350000001,-0.5138546240000001,-0.4718720020000001,-0.42250989111111115,-0.3711036231578948,-0.34545341000000007,-0.3112776300000001,-0.3117466133333334,-0.37661919466666677,-0.4660796375000001,-0.5781501305263159,-1,-0.35271412545454556,-0.2893191836363637,-0.2357449494736843,-0.19578548000000007,-0.18880963000000012,-0.23258118500000013,-0.3437611050000001,-0.4486899333333334,-0.5638073180000001,-0.2902500400000001,-0.21756332235294126,-0.1620484818181819,-0.11604193714285724,-0.10830958000000009,-0.11730572727272738,-0.17462475818181827,-0.30111624666666675,-0.42315748533333347,-0.5196981925000002,-0.20866676000000006,-0.09628954909090919,-0.05337339000000008,-0.06265330600000008,-0.06193412857142865,-0.06109412685714296,-0.1008485257142858,-0.22669550530612254,-0.38223082260869573,-0.46586717333333344
towel_6l_long_se,-1,-1,-1,-1,-1,-1,-1,-1,-1,-1,-1,-1,-1,-1,-1,-1,-1,-1,-1,-1,-1,-1,-1,-1,-1,-1,-1,-1,-1,-1,-1,-0.7240000800000002,-0.7049668000000001,-1,-1,-1,-1,-1,-1,-1,-1,-0.6363342000000001,-0.6187548365217392,-0.5725811633333334,-1,-1,-1,-1,-1,-1,-1,-0.5157621760000001,-0.46609653333333345,-0.4509065885714287,-0.44386392,-1,-1,-0.6313430363636364,-0.6842277952941178,-1,-0.4268046400000001,-0.4187704490909092,-0.35970620307692314,-0.31275480842105274,-0.3185760275000001,-0.3501822900000001,-0.41701133200000007,-0.45283746857142865,-0.4888321420000001,-0.5386344044444445,-0.3508338000000001,-0.3152139040000001,-0.27312282133333343,-0.2359821440000001,-0.19615056222222232,-0.18238862000000008,-0.24518594909090918,-0.28953046857142867,-0.3716035578947369,-0.4282298750000001,-0.2869732960000001,-0.26059139714285723,-0.2167485854545455,-0.16721595500000008,-0.11995631666666677,-0.11177306000000009,-0.1465100615384616,-0.20419571466666678,-0.2796001800000001,-0.3413388533333334,-0.23793842526315798,-0.21080252363636373,-0.1698517357142858,-0.1227472929032259,-0.06541991794871804,-0.05764529872340435,-0.1182442016000001,-0.15736192457142864,-0.20349630470588242,-0.2496848790000001
towel_6l_short_me,-1,-1,-1,-1,-1,-1,-1,-1,-1,-1,-1,-1,-1,-1,-1,-1,-1,-1,-1,-1,-1,-1,-1,-1,-1,-1,-1,-1,-1,-1,-1,-1,-1,-1,-1,-1,-1,-1,-1,-1,-1,-1,-1,-1,-1,-1,-1,-1,-1,-1,-1,-1,-1,-1,-1,-1,-1,-1,-1,-1,-0.27037642222222236,-0.29057646363636375,-0.5707004190476191,-0.6811805222222224,-0.7288059312500001,-0.690172188888889,-0.676749075,-0.6477140935483872,-0.6262303559139786,-0.6336345190476191,-0.2159043851851853,-0.18617091176470596,-0.19614256842105274,-0.34075837575757584,-0.3448910035714287,-0.3609258926829269,-0.32181484351851863,-0.34160325913978506,-0.33397126904761915,-0.30850550793650805,-0.17318815490196088,-0.1305391222222223,-0.12071721515151525,-0.10858148611111118,-0.10815666190476196,-0.11310573333333342,-0.11713308974358982,-0.14223609333333342,-0.16119349333333344,-0.20266028115942036,-0.12140298095238104,-0.10086064000000004,-0.08792859649122814,-0.08107313333333344,-0.049663931250000085,-0.04892654722222227,-0.07605012638888896,-0.07713331025641033,-0.08780236419753094,-0.11387762962962969
towel_6l_short_se,-1,-1,-1,-1,-1,-1,-1,-1,-1,-0.6161901964444446,-1,-1,-1,-1,-1,-1,-1,-1,-1,-1,-1,-1,-1,-1,-1,-1,-1,-1,-1,-1,-1,-1,-1,-1,-1,-1,-1,-1,-1,-1,-1,-0.5928788333333335,-0.48141424444444453,-0.5754643916666669,-1,-1,-1,-1,-1,-1,-1,-0.5513723222222223,-0.5005523178571429,-0.4400470222222223,-0.461338088888889,-0.49759380833333355,-1,-1,-1,-1,-0.23777820000000005,-0.4079615507246378,-0.48717487575757584,-0.4755288433333334,-0.5508817620370372,-0.4679907160493828,-0.21913280833333343,-0.19585171111111116,-1,-1,-0.17015682500000007,-0.17684768333333342,-0.18626581111111123,-0.23206252352941187,-0.34442650967741945,-0.36576287936507945,-0.3093893235294119,-0.22639083854166675,-0.14679023846153855,-0.11983533333333343,-0.12020144444444453,-0.14092127111111122,-0.16609529666666675,-0.2115452238095239,-0.19978875833333343,-0.20306636041666673,-0.13764052888888897,-0.10126955384615394,-0.08765601190476198,-0.09975858039215693,-0.11988681587301597,-0.09173896078431382,-0.06883740000000009,-0.06228621041666673,-0.07275461666666672,-0.04934988421052639,-0.0670128622222223,-0.07820096190476197,-0.08743377708333341,-0.1080223551282052
towel_8l_long_me,-1,-1,-1,-1,-1,-1,-1,-1,-1,-1,-1,-1,-1,-1,-1,-1,-1,-1,-1,-1,-1,-0.3778275043478262,-0.40116108695652186,-0.44688347826086966,-0.47521756521739145,-1,-1,-1,-1,-1,-1,-0.3245327312252965,-0.3652528743961353,-0.41613217786561274,-0.47637466798418976,-0.5372850790513835,-0.5685830217391306,-1,-1,-1,-0.2682712463768117,-0.27814902898550736,-0.316741067193676,-0.34530759782608705,-0.39555382028985514,-0.4613667424749165,-0.5161452508361205,-0.5504194110671937,-0.5973360380434783,-0.6134058043478261,-0.220290243478261,-0.22038901449275372,-0.23305207509881432,-0.25042729249011864,-0.29443968012422367,-0.34399018012422367,-0.4039862753623189,-0.4684124720496895,-0.5398295551839466,-0.5933762826086957,-0.17627527826086958,-0.1727187246376812,-0.16838322360248453,-0.17247327536231888,-0.19697626086956527,-0.2389575155279504,-0.28332362898550734,-0.3493451739130436,-0.42308314009661846,-0.49408378260869573,-0.16531233333333345,-0.15767910434782617,-0.1445182826086957,-0.13078955434782621,-0.13089615217391312,-0.1433496141304349,-0.16568308361204026,-0.20675510367892982,-0.2663778081841433,-0.31936547058823533,-0.1567086521739131,-0.1489979130434784,-0.13277768599033826,-0.1122883315217392,-0.1008699689440995,-0.10589897826086966,-0.11341922826086967,-0.13340634782608704,-0.16134761660079058,-0.1990481130434784,-0.15129806521739136,-0.12965862898550734,-0.11321848550724649,-0.10062332608695664,-0.059311712732919374,-0.06119417391304357,-0.0905454040920717,-0.08629139782608707,-0.09457296480331273,-0.11430592318840588
towel_8l_long_se,-1,-1,-1,-1,-1,-1,-1,-1,-1,-1,-1,-1,-1,-1,-1,-1,-1,-1,-1,-1,-1,-1,-1,-1,-1,-1,-1,-1,-1,-1,-1,-1,-1,-1,-1,-1,-1,-0.6307248260869566,-0.6235767717391305,-0.6182013768115943,-1,-1,-1,-1,-1,-0.7521739130434784,-0.5431935494071147,-0.5332335728900257,-0.5141938347826088,-0.5171654381270904,-1,-0.5407228550724638,-0.5529912086956522,-0.567535298136646,-0.534616550094518,-0.46309051956521746,-0.4083291902173914,-0.3746130608695653,-0.37984544202898557,-0.41353301144164767,-0.26810292753623194,-0.29401437922705326,-0.29658280193236725,-0.31644090000000014,-0.29065314782608703,-0.24837405115089523,-0.24768516387959874,-0.25231981884057986,-0.28688101739130445,-0.32669769875776405,-0.18054766459627333,-0.17287544782608705,-0.1602376739130436,-0.14889834782608705,-0.14223692391304354,-0.1335834619565218,-0.15452504347826096,-0.17562907905138347,-0.20558972332015818,-0.26513093788819886,-0.10323133913043488,-0.09323303985507257,-0.09065815579710153,-0.0847843140096619,-0.0878616608695653,-0.10054921739130446,-0.10162427717391315,-0.12140061304347838,-0.1397136847826088,-0.18437693675889336,-0.08533422222222227,-0.09258653452685432,-0.0811988492753624,-0.07409435177865623,-0.05787751332398327,-0.06124726726342723,-0.08593080217391313,-0.07864171118012431,-0.08389262500000007,-0.10531286011342166
towel_8l_short_me,-1,-1,-1,-1,-1,-1,-1,-1,-1,-1,-1,-1,-1,-1,-1,-1,-1,-1,-1,-1,-1,-1,-0.5623787400000001,-1,-1,-0.5520001600000002,-0.5458313300000002,-0.5355810300000001,-0.5302613066666667,-0.5440001200000002,-0.4907167440000001,-0.4807934776470589,-0.4993790061538463,-0.5273311133333334,-0.5249391560000001,-0.509677242857143,-0.4943366500000001,-0.49013156000000013,-0.4898890833333334,-0.5129651920000001,-0.3916992600000001,-0.3885017700000001,-0.3778271640000001,-0.41458276000000005,-0.4281722525000001,-0.41457889666666675,-0.4073592400000001,-0.4115851760000001,-0.4273796218181819,-0.4538716800000001,-0.3090560640000001,-0.30418867466666677,-0.2876056880000001,-0.300207890909091,-0.3053534000000001,-0.30967184923076935,-0.30954502800000006,-0.3349731563636365,-0.36243354333333344,-0.39269528400000014,-0.25505851200000007,-0.24349422400000012,-0.22096938800000007,-0.20512507000000008,-0.2074824800000001,-0.2110623000000001,-0.22488144800000015,-0.2539167760000001,-0.29163122769230776,-0.33996717090909095,-0.23180470666666686,-0.21005021600000012,-0.1772818080000001,-0.15354573333333343,-0.13218657454545465,-0.1353960000000001,-0.1547065240000001,-0.184340170909091,-0.22738391714285724,-0.28167652666666676,-0.22599532000000008,-0.19780497777777792,-0.14931799500000012,-0.11677319500000008,-0.09590424800000008,-0.09570083428571434,-0.11081197714285726,-0.13108497600000008,-0.1733543015384616,-0.23503514909090917,-0.1950109200000001,-0.17241523111111118,-0.11323151826086968,-0.08064516666666674,-0.05907894117647067,-0.05534319393939403,-0.07640860380952388,-0.08415821090909102,-0.12032778307692317,-0.16761006545454557
towel_8l_short_se,-1,-1,-1,-1,-1,-1,-1,-1,-1,-1,-1,-1,-1,-1,-1,-1,-1,-1,-1,-1,-1,-1,-1,-1,-1,-1,-1,-1,-1,-1,-1,-0.6332111155555556,-0.6202091200000002,-0.6341536999999999,-1,-1,-1,-1,-1,-1,-1,-0.5282422917647059,-0.5033668666666667,-0.5598714447058825,-0.6305905900000001,-1,-1,-1,-1,-1,-0.3974941200000001,-0.3942811893333334,-0.3622428400000001,-0.4094776340000001,-0.5566925861538462,-0.6133038925000001,-0.6181448971428573,-0.5791965566666668,-0.5911172020000001,-0.5945440711111112,-0.32670731500000005,-0.2856929920000001,-0.2512406290909091,-0.2530799800000001,-0.31295289904761914,-0.3466977800000001,-0.36187477200000007,-0.33457906222222233,-0.35869894095238103,-0.3557145446153847,-0.2274992971428573,-0.2046256600000001,-0.175614716923077,-0.15248965333333342,-0.14722336000000008,-0.14794333333333343,-0.17057682909090918,-0.1806284181818183,-0.2158042225000001,-0.2300025080000001,-0.1646185950000001,-0.14237552333333345,-0.1134870920000001,-0.09866214285714293,-0.09805716000000009,-0.09935942666666682,-0.11007025714285724,-0.11888074666666675,-0.14621082666666677,-0.15594543428571436,-0.0886885150000001,-0.05970153217391314,-0.05068230857142865,-0.06256356000000007,-0.053168177500000094,-0.05511241333333344,-0.07602185500000008,-0.08210341666666675,-0.08528262000000006,-0.09040917333333341
waffle_12l_long_me,-0.5648615833333335,-0.581276966666667,-0.5814170833333336,-0.5750728333333336,-0.5577379444444447,-0.56666675,-1,-1,-1,-1,-0.5157630416666669,-0.5220249722222223,-0.5204370972222224,-0.5345371250000002,-0.5248015555555557,-0.5252920833333335,-0.530943166666667,-0.5313774333333335,-0.5376892833333335,-1,-0.4633323472222224,-0.46429106250000035,-0.4485025833333336,-0.44913426666666684,-0.4499630000000003,-0.4423385500000003,-0.4512434500000002,-0.44608231666666687,-0.46362221666666686,-0.4952534791666669,-0.42711441666666694,-0.4161073541666668,-0.3970855000000003,-0.38706188333333347,-0.3808755166666669,-0.37423731666666693,-0.3794025833333336,-0.38554638888888915,-0.3999808000000002,-0.4306859642857145,-0.41198052777777805,-0.3908189791666669,-0.35311647222222237,-0.32831075000000026,-0.32202022222222254,-0.3220278125000001,-0.32590523333333354,-0.3350979166666669,-0.354657041666667,-0.3893519027777781,-0.39088746666666685,-0.3403300416666669,-0.3259265833333335,-0.2823451041666668,-0.2640759791666669,-0.2622211805555559,-0.28284475000000026,-0.3024181111111114,-0.32684081666666687,-0.34819120833333356,-0.3410247361111113,-0.30896972222222246,-0.2590468166666668,-0.23752718750000013,-0.22925704166666672,-0.2323171111111113,-0.24192085000000013,-0.25931887500000017,-0.28719573333333354,-0.333861666666667,-0.3310379791666669,-0.2834983055555557,-0.23793434523809542,-0.20952923333333337,-0.20756400000000014,-0.2094820555555558,-0.19264545833333335,-0.20145620833333355,-0.2292065595238097,-0.2853995476190479,-0.29529804166666684,-0.24912631250000017,-0.22917283333333355,-0.20452402777777798,-0.19178983333333344,-0.1903374583333335,-0.18712700000000007,-0.1881767916666668,-0.19789870833333373,-0.22324354761904788,-0.32124781666666685,-0.29715193518518535,-0.23791130000000013,-0.25200371428571444,-0.10659456818181835,-0.11524445833333356,-0.2487110666666669,-0.26371000000000017,-0.29327584848484867,-0.35830181547619067
waffle_12l_long_se,-0.6687500416666667,-0.666667,-1,-1,-1,-1,-1,-1,-1,-1,-0.552640777777778,-0.5056826136363639,-0.5740249479166669,-0.5875204000000003,-0.5703639479166668,-0.5492878452380955,-0.5057888750000002,-0.5142764444444448,-0.5149498055555557,-0.5862513083333336,-0.3857953500000002,-0.3775241500000002,-0.40355770833333343,-0.4185303928571431,-0.4278749583333336,-0.43573120833333356,-0.4374041527777779,-0.44851423333333357,-0.4585513166666669,-0.4520955119047621,-0.37618283333333347,-0.35192519444444464,-0.3316489583333334,-0.3263583333333335,-0.33732212500000025,-0.3504332142857145,-0.35940893333333357,-0.3860128750000002,-0.40874795000000025,-0.41151605833333355,-0.3688508055555558,-0.3359189666666669,-0.32637468333333364,-0.3127090000000001,-0.3056484444444447,-0.3031008333333335,-0.31362206666666687,-0.3287200166666669,-0.3551097500000001,-0.36882681250000027,-0.338282523809524,-0.31209558333333354,-0.2971531666666668,-0.2876792777777779,-0.27970641666666685,-0.27655605555555574,-0.29042483333333363,-0.321338138888889,-0.33461902083333345,-0.3373007261904764,-0.3128388500000001,-0.2711089722222225,-0.2529736944444446,-0.2516641666666669,-0.24814158333333358,-0.24787915277777808,-0.2501131500000003,-0.27506047916666676,-0.3145413055555559,-0.33317125000000014,-0.2711620119047621,-0.2433343571428573,-0.22456727777777807,-0.21906560416666693,-0.23027483333333348,-0.2291120000000002,-0.22510463888888915,-0.25017733333333353,-0.2756239333333335,-0.31961109848484864,-0.25220473333333354,-0.2322061666666669,-0.2088789722222225,-0.1999679583333335,-0.21019845833333367,-0.20068183333333361,-0.20171933333333336,-0.22281279166666684,-0.2449071666666669,-0.2732692916666669,-0.2802638541666669,-0.2556061666666668,-0.2479599523809526,-0.22685027380952394,-0.09807274206349223,-0.0913186066666669,-0.2261176851851854,-0.23574549242424256,-0.24673576515151535,-0.2665695151515154
waffle_12l_short_me,-1,-1,-1,-1,-1,-1,-1,-1,-1,-0.7021037872340427,-1,-1,-1,-1,-1,-1,-1,-1,-1,-1,-1,-0.6166214466666667,-0.6294776900000001,-0.6425022899999999,-0.6543438285714286,-0.6231967800000002,-0.6594399,-0.6610005800000001,-0.6449662900000002,-1,-0.6105454800000003,-0.5772862840000001,-0.5236684800000001,-0.5134983266666667,-0.532043035,-0.540118328888889,-0.562954472,-0.5762856080000002,-0.5822395520000001,-0.5893881600000002,-0.49024910400000016,-0.5364489828571429,-0.51691284,-0.49078208000000006,-0.41380305000000006,-0.40089705500000006,-0.4194340800000001,-0.41710498857142864,-0.4395177771428572,-0.43916950000000005,-0.4122215520000001,-0.3951498300000001,-0.3677545040000001,-0.3211788240000001,-0.317134208888889,-0.3030470666666668,-0.3128535280000001,-0.33496943333333346,-0.3291603353846155,-1,-0.27152572500000005,-0.2554920971428572,-0.2589551920000001,-0.21372177600000009,-0.20696513142857148,-0.20292928000000013,-0.21348909714285716,-0.19854726500000008,-0.2339872200000001,-1,-0.18184266000000013,-0.21357826285714293,-0.21057916000000013,-0.15259707200000014,-0.13781160000000012,-0.1234120971428572,-0.12096776800000013,-0.1304155066666668,-0.1268594950000001,-0.139074690909091,-0.11101437333333343,-0.08696689600000011,-0.09010665000000007,-0.09469664000000011,-0.08252964000000007,-0.09974526500000008,-0.09564049000000002,-0.09154677600000008,-0.07836317333333342,-0.07517679636363644,-0.08243514666666678,-0.08136890000000008,-0.09037671000000008,-0.04745210666666674,-0.05986527333333347,-0.034622552000000084,-0.01877037000000009,-0.0477364400000001,-0.021777333333333464,-0.0373727950000001
waffle_12l_short_se,-1,-1,-1,-1,-1,-1,-1,-1,-1,-1,-1,-1,-1,-1,-1,-1,-1,-1,-1,-1,-1,-1,-1,-0.7613333199999999,-0.7434184666666668,-0.7383533400000002,-0.7214466133333336,-0.7061779733333333,-0.6923853,-0.6925379666666668,-1,-0.7428222600000001,-0.7392632571428572,-0.7099300057142858,-0.6773288914285714,-0.6738931466666668,-0.640544325,-0.631479872,-0.6279410880000001,-0.63575862,-1,-0.6373178920000001,-0.6037451560000001,-0.57177412,-0.54942732,-0.5431752222222223,-0.5287105600000002,-0.526314776,-0.5245532560000001,-0.5390853177777779,-0.4958621200000002,-0.48643668444444454,-0.4493242228571429,-0.4398971133333334,-0.4290778457142858,-0.42415582000000007,-0.40185832666666677,-0.4018142400000001,-0.4008979542857144,-0.4316180036363637,-0.38678478000000005,-0.3670936280000001,-0.3177501822222223,-0.3048573028571429,-0.3098483085714287,-0.2899797911111112,-0.2882678560000001,-0.2882527920000001,-0.28966593142857155,-0.315443490909091,-0.22826562000000006,-0.21663899555555563,-0.18444900000000009,-0.18377211200000007,-0.18644850500000007,-0.18022937142857148,-0.1824881040000001,-0.18310692800000009,-0.1891948900000001,-0.22037430666666669,-0.13747085777777782,-0.10957134000000006,-0.1051077800000001,-0.11667297333333337,-0.11353997333333339,-0.115312662857143,-0.11400985600000006,-0.11132759000000009,-0.1161545520000001,-0.1479276133333334,-0.11555721647058831,-0.06814277000000007,-0.07957281142857155,-0.08388209333333341,-0.04554677263157907,-0.0505136320000001,-0.07964730000000005,-0.0801627850000001,-0.08354898666666674,-1
waffle_16l_long_me,-1,-0.321572576923077,-0.34624787179487204,-0.3773375384615386,-0.3723527692307694,-0.3774247692307695,-0.3810353653846156,-0.3882489076923078,-0.3856418461538462,-0.38223469230769247,-1,-0.24687626923076922,-0.27161148076923086,-0.30334285897435914,-0.30163726923076933,-0.3098508153846154,-0.33079725000000015,-0.3394698653846156,-0.3356423653846156,-0.33905792307692323,-1,-0.2037711538461541,-0.231055653846154,-0.27087465384615417,-0.2681163461538463,-0.2757143076923079,-0.2982762000000001,-0.2976505961538463,-0.2800093846153848,-0.28280143956043974,-1,-0.1552506615384617,-0.22142901923076944,-0.2549211153846156,-0.25397146153846156,-0.2559434230769232,-0.2802623461538463,-0.2742438076923078,-0.23500182051282056,-0.2333975230769233,-1,-0.14799928846153856,-0.21288776923076932,-0.23254664615384638,-0.22759846153846178,-0.2390184230769232,-0.2687203846153847,-0.2487253846153848,-0.21738679487179519,-0.18032294871794893,-1,-0.12038258461538481,-0.18993125000000022,-0.21186794230769254,-0.20681576923076947,-0.21663596153846185,-0.23457634615384626,-0.21709788461538473,-0.1684163230769232,-0.14798832051282065,-1,-0.07923596153846171,-0.1613524102564104,-0.19092430769230773,-0.18450107692307705,-0.1912131538461539,-0.19751807692307705,-0.1836339615384616,-0.14016023076923093,-0.12589597435897434,-1,-0.08770802564102578,-0.15092986538461542,-0.17726611538461562,-0.18257061538461575,-0.18479715384615397,-0.1801933076923078,-0.152725753846154,-0.09567946153846166,-0.10447755769230797,-1,-0.10042569230769251,-0.1444005000000001,-0.1581548461538463,-0.17161165384615396,-0.16727823076923082,-0.1637344153846155,-0.13824741538461566,-0.07976161538461556,-0.07556254807692322,-1,-0.22567311538461549,-0.21101623076923096,-0.21835839743589763,-0.08906479615384631,-0.0838194322344324,-0.18624548076923098,-0.17780950000000018,-0.14508695604395622,-0.10155026153846174
waffle_16l_long_se,-0.29924980769230786,-0.28210238461538484,-0.4043124615384618,-0.43546748076923103,-0.49055961538461557,-0.4604432115384618,-0.4602960192307694,-0.4548409384615388,-1,-0.3846154615384618,-0.2662362692307694,-0.24338250000000017,-0.2781242615384617,-0.313851871794872,-0.369885830769231,-0.35502475000000017,-0.3553363384615386,-0.34748650000000014,-0.33761092307692314,-0.32117303846153844,-0.2800812692307694,-0.2230428717948719,-0.2478078846153849,-0.2866678717948719,-0.3015381230769232,-0.3040907692307693,-0.29259015384615394,-0.2832124423076924,-0.26768378846153856,-0.23561106153846167,-0.24571728205128218,-0.21142680769230793,-0.23599276923076934,-0.2810364230769234,-0.3050861153846155,-0.30703655769230787,-0.2739344230769233,-0.26430942307692323,-0.23243573076923096,-0.19467719230769256,-0.24023986538461556,-0.19510221153846186,-0.23232476923076933,-0.2650469743589745,-0.3051955128205131,-0.28995726923076937,-0.2496082884615385,-0.24569421153846166,-0.22558267307692326,-0.1704012115384617,-0.22682782692307707,-0.18112792307692316,-0.21727876923076947,-0.24529700000000015,-0.2443226461538463,-0.22547932051282069,-0.22168900000000014,-0.22277147692307708,-0.18842405769230794,-0.14198557692307714,-0.21432923076923094,-0.16748107692307718,-0.19686746153846166,-0.21199380769230775,-0.1934740769230772,-0.18745315384615402,-0.18563207692307698,-0.18687138461538483,-0.14813026923076944,-0.11562294871794891,-0.21441088461538482,-0.16159730769230804,-0.17626338461538463,-0.18262561538461564,-0.18461776923076942,-0.18444950000000015,-0.16794842307692331,-0.15727795384615403,-0.1345416923076925,-0.10610376923076938,-0.1961266923076924,-0.1634370576923079,-0.16062417307692323,-0.16253155769230787,-0.16960961538461544,-0.16731926923076945,-0.1562350769230771,-0.14144092307692327,-0.11930525000000018,-0.10587223076923089,-0.20185730769230767,-0.19830125641025656,-0.19126082692307705,-0.18091828846153862,-0.08210554230769246,-0.08716890384615397,-0.17461369230769241,-0.1611581098901101,-0.15440105128205148,-0.12711761538461558
waffle_16l_short_me,-1,-1,-1,-1,-1,-1,-1,-1,-1,-1,-1,-0.5707284166666667,-0.5608479722222224,-0.5418619814814816,-0.5207360000000003,-0.5158961222222224,-0.49431304166666684,-0.5078576574074075,-0.577047277777778,-1,-0.5705375238095239,-0.5218396555555557,-0.5104981388888891,-0.49436725000000026,-0.48705566666666694,-0.47591409259259265,-0.4538034722222223,-0.4967685833333335,-0.6087322936507938,-1,-0.5171632606837608,-0.45316301851851865,-0.44410711111111134,-0.44189711111111124,-0.4394333222222223,-0.4413312000000001,-0.4290605185185186,-0.45447225396825414,-0.5710159444444447,-1,-0.4210891333333335,-0.3650139444444446,-0.3598171250000002,-0.3585250833333335,-0.35044551111111116,-0.3643733492063494,-0.3571190138888889,-0.38323935416666677,-0.5448505370370372,-0.4858362037037039,-0.3410847986111113,-0.27931859259259273,-0.26859600000000017,-0.2639272222222224,-0.2488085555555557,-0.24523646296296311,-0.24974318888888902,-0.2939386222222224,-0.3446150833333334,-0.4052434074074075,-0.26211007142857157,-0.20826121296296313,-0.19912607407407423,-0.1978200833333334,-0.16359668518518536,-0.16039361111111125,-0.16282301388888903,-0.18793712222222228,-0.20524108333333344,-0.2952145909090911,-0.1926043333333335,-0.15626588888888893,-0.15086766666666684,-0.1468806944444447,-0.14228305555555568,-0.13325044444444473,-0.12626977777777784,-0.12882266666666667,-0.1326849027777779,-0.20580778472222233,-0.13547955555555574,-0.11128912962962974,-0.10530648611111124,-0.11130581111111125,-0.12295879166666682,-0.12805927777777787,-0.11829872222222247,-0.10725308888888896,-0.11726371296296306,-0.1641394206349208,-0.10714220833333342,-0.08900048611111121,-0.08953988888888895,-0.10451686111111122,-0.07114350740740752,-0.061794555555555665,-0.1224840370370372,-0.12476177777777776,-1,-1
waffle_16l_short_se,-1,-1,-1,-1,-1,-1,-0.4175922777777779,-0.39709505555555563,-0.390410388888889,-0.39637183333333353,-1,-1,-0.5607139444444447,-0.4927671296296298,-0.46447385185185197,-0.4396517777777779,-0.4019873611111112,-0.38412561111111126,-0.37039824074074085,-0.3928037063492064,-1,-0.5555556666666668,-0.5277243253968256,-0.4729635370370372,-0.4327266666666668,-0.40695876666666675,-0.3633221777777778,-0.3363734166666669,-0.33084613888888903,-0.3741852500000002,-1,-1,-0.4353532469135804,-0.38283344444444456,-0.36530276666666683,-0.3412383777777779,-0.307971402777778,-0.2902803888888891,-0.28278550000000013,-0.30903565277777784,-1,-0.38921966666666685,-0.32170299206349223,-0.28704653703703714,-0.28228719444444456,-0.2635528111111112,-0.23760185185185195,-0.23306053703703725,-0.22900390740740761,-0.2571846904761907,-1,-0.2558249814814816,-0.23220365277777788,-0.21470554166666678,-0.21181258888888907,-0.1962058333333334,-0.19989188888888904,-0.18370991666666675,-0.18374120833333346,-0.21473214285714304,-0.27777783333333356,-0.1804419907407409,-0.15528373611111115,-0.1559381805555556,-0.14877885185185194,-0.14865140740740757,-0.14758342592592613,-0.14576692592592602,-0.14803601851851866,-0.1680116111111112,-0.23083637301587315,-0.12788488888888908,-0.11772269444444458,-0.12835061111111132,-0.12802205555555568,-0.1278200000000001,-0.1225736111111113,-0.11843922222222224,-0.12180222222222228,-0.15000302777777794,-0.17359262037037043,-0.0917549861111112,-0.09638372222222236,-0.1080256444444446,-0.11819920833333347,-0.1267438888888891,-0.12171738888888904,-0.11130325925925938,-0.10772518518518527,-0.1259311388888891,-0.09444450000000006,-0.07901279166666686,-0.09959123333333345,-0.10971404629629639,-0.06408399673202625,-0.0704690980392158,-0.10973381111111132,-0.115581814814815,-0.10855722222222237,-0.10941497222222238
waffle_4l_long_me,-1,-1,-1,-1,-1,-1,-1,-1,-1,-1,-1,-1,-1,-1,-1,-0.5683014933333335,-0.57200012,-1,-1,-1,-1,-1,-1,-1,-0.5914299900000002,-0.5482149175000001,-0.5812905085714286,-0.6113849600000001,-1,-1,-1,-1,-1,-0.8279711950000002,-0.5526226826666668,-0.4927623280000001,-0.5329041873684212,-0.713114384,-0.8266666800000002,-1,-1,-1,-0.93290302,-0.8588240320000001,-0.49872648000000014,-0.4381390953846155,-0.47904481866666676,-0.8154706100000001,-0.8822227033333334,-1,-1,-1,-1,-0.8594876800000001,-0.41787760250000006,-0.37891345066666676,-0.42131000615384623,-0.8191028363636365,-0.9155566213333334,-1,-1,-1,-1,-0.8413126866666668,-0.35693452500000006,-0.3142709800000001,-0.36061776666666673,-0.8584431400000001,-0.91295356,-1,-1,-1,-1,-0.80019877,-0.27740808000000006,-0.24727144705882365,-0.2990693100000001,-0.8655807366666668,-0.90400024,-1,-1,-1,-1,-0.7569596177777779,-0.19448764285714293,-0.18231032666666677,-0.26512292000000004,-0.84410534,-1,-1,-1,-1,-1,-0.15948123428571434,-0.10069176086956531,-0.08501672255319156,-0.15899780666666677,-1,-1,-1
waffle_4l_long_se,-1,-1,-1,-1,-1,-1,-1,-1,-1,-1,-1,-1,-1,-1,-1,-1,-1,-1,-1,-1,-1,-1,-1,-1,-1,-1,-1,-1,-1,-1,-1,-1,-1,-1,-0.7719929000000001,-0.7576214926315791,-0.7900000600000001,-1,-1,-1,-1,-1,-1,-1,-0.6951791781818183,-0.6679449790476192,-0.77600012,-1,-1,-1,-1,-1,-1,-1,-0.5958334819047619,-0.542911187826087,-1,-1,-1,-1,-1,-1,-1,-1,-0.5017100992000001,-0.4297039695238096,-1,-1,-1,-1,-1,-1,-1,-1,-0.391846561904762,-0.29194362588235306,-1,-1,-1,-1,-1,-1,-1,-1,-0.23341548923076932,-0.20267252705882363,-1,-1,-1,-1,-1,-0.5011773857142858,-0.37755000000000005,-0.22279391400000007,-0.11238324682926838,-0.10181101900000009,-0.21754927680000008,-0.3371635223529412,-0.4365142850000001,-1
waffle_4l_short_me,-1,-1,-1,-1,-1,-1,-1,-1,-1,-1,-1,-1,-1,-1,-1,-1,-1,-1,-1,-1,-1,-1,-1,-1,-1,-1,-1,-1,-1,-1,-1,-1,-1,-1,-1,-1,-1,-1,-1,-1,-1,-1,-1,-1,-1,-1,-1,-1,-1,-1,-1,-1,-1,-1,-1,-1,-1,-1,-1,-1,-1,-1,-1,-1,-1,-1,-1,-1,-1,-1,-0.24931341428571438,-0.43437606250000005,-0.4598589380952382,-0.45702393333333347,-1,-1,-1,-1,-1,-1,-0.20607567346938782,-0.2347678857142858,-0.39104853167701875,-0.44405126502463066,-0.5170891540372672,-0.16052134000000007,-0.17930058571428578,-0.24888542857142867,-0.2505240756302522,-0.28755623452380963,-0.16971878857142864,-0.15661786218487403,-0.14058703529411773,-0.12035488775510213,-0.06328085828571436,-0.05687745974025982,-0.12407895714285722,-0.14259226904761915,-0.16897311200000006,-0.20798804316109432
waffle_4l_short_se,-1,-1,-1,-1,-1,-1,-1,-1,-1,-1,-1,-1,-1,-1,-1,-1,-1,-1,-1,-1,-1,-1,-1,-1,-1,-1,-1,-1,-1,-1,-1,-1,-1,-1,-1,-1,-1,-1,-1,-1,-1,-1,-1,-1,-1,-1,-1,-1,-1,-1,-1,-1,-1,-1,-1,-1,-1,-1,-1,-1,-1,-1,-1,-1,-1,-1,-1,-1,-1,-1,-1,-1,-1,-1,-1,-1,-1,-0.27164848571428585,-0.2733478476190477,-0.2677531224489797,-0.32576746386554634,-0.28505088928571437,-0.2510711111111112,-0.1991229802197803,-0.18680641978021986,-0.17105256071428576,-0.17646809285714293,-0.19327754714285722,-0.2038842482142858,-0.20776358095238104,-0.20929835816326536,-0.20526445357142864,-0.17848592000000008,-0.15006793793103457,-0.07532224117647064,-0.05775980676691737,-0.12597135126050427,-0.1375469865546219,-0.14774717983193283,-0.15044138571428578
waffle_6l_long_me_2,-1,-1,-1,-1,-1,-1,-1,-1,-1,-1,-1,-1,-1,-1,-1,-1,-1,-1,-1,-1,-1,-1,-1,-1,-1,-1,-1,-1,-1,-1,-1,-1,-1,-1,-1,-1,-1,-1,-1,-1,-1,-1,-1,-1,-1,-1,-1,-1,-1,-1,-1,-1,-1,-1,-1,-1,-1,-1,-1,-1,-0.38277892708333344,-0.47042147159090925,-0.5659816550925927,-0.5920372797619049,-0.6856659507575757,-0.700068652777778,-0.7025430416666667,-0.37976191666666687,-0.3676088333333334,-0.39786370833333345,-0.2763503402777779,-0.26604933333333347,-0.28131322685185195,-0.3555793782051283,-0.4009737736111112,-0.42144311489899,-0.41378447101449284,-0.3224318903508773,-0.28953220238095245,-0.29890471031746046,-0.19986501515151522,-0.17643937916666674,-0.16302740909090918,-0.15600999166666676,-0.15258447916666676,-0.14475019230769243,-0.16436102916666678,-0.17565439015151524,-0.19333444696969707,-0.22018346491228077,-0.13292198245614045,-0.12352549739583342,-0.10974435049019618,-0.10655038095238105,-0.07366583179012354,-0.07018740104166676,-0.11297354656862754,-0.13060698842592602,-0.1477890303030304,-0.17592532352941187
waffle_6l_long_se,-1,-1,-1,-1,-1,-1,-1,-1,-1,-1,-1,-1,-1,-1,-1,-1,-1,-1,-1,-1,-1,-1,-1,-1,-1,-1,-1,-1,-1,-1,-1,-1,-1,-1,-1,-1,-1,-1,-1,-1,-1,-1,-1,-1,-1,-1,-1,-1,-1,-1,-0.4389291510416668,-0.4446717343750001,-0.4580297583333335,-1,-1,-1,-1,-1,-1,-1,-0.34467055208333347,-0.3241350659722223,-0.3483465372807018,-0.4450063125000001,-0.6565827820512822,-0.6730101907894738,-0.7134265963541667,-0.6868484888888889,-0.699710080882353,-0.7341729642857144,-0.30863705000000013,-0.2811314583333335,-0.2481270468750001,-0.24152459935897444,-0.27897957083333347,-0.37176205603448287,-0.4143379260752689,-0.42283576449275373,-0.4426493125000001,-0.4842742313218392,-0.279792011904762,-0.2495823397435899,-0.21373260984848494,-0.17975674537037048,-0.15675535606060617,-0.14560067857142864,-0.18445009615384625,-0.22502564423076932,-0.2705321577380953,-0.35170271279761917,-0.20691186666666678,-0.1835054484126985,-0.1545084975490197,-0.12738035208333343,-0.07188591161616172,-0.06602159508547017,-0.10255395694444455,-0.13932911833333345,-0.1717542736111112,-0.2312449314814816
waffle_6l_short_me,-1,-1,-1,-1,-1,-1,-1,-1,-1,-1,-1,-1,-1,-1,-1,-1,-1,-1,-1,-1,-1,-1,-1,-1,-1,-1,-1,-1,-1,-1,-1,-1,-1,-1,-1,-1,-1,-1,-1,-1,-1,-1,-1,-1,-1,-1,-1,-1,-1,-1,-1,-1,-1,-1,-1,-1,-1,-1,-1,-1,-0.3753452650000001,-0.4084238875000001,-0.3478862000000001,-0.37211938000000006,-1,-1,-1,-1,-1,-1,-0.2799092000000001,-0.265487010909091,-0.26365773066666676,-0.2776066133333334,-0.2546855880000001,-0.2708462050000001,-0.28423113142857154,-0.32030989333333343,-0.34625466400000005,-0.37689712888888893,-0.22048635000000005,-0.2023940533333334,-0.18613166666666675,-0.17258142666666676,-0.15603785333333342,-0.1698019266666667,-0.18620417538461548,-0.2133940400000001,-0.24712340000000008,-0.2682889670588236,-0.15808537333333342,-0.14839949777777783,-0.13157675200000007,-0.1213099300000001,-0.06596854967741943,-0.05696365263157902,-0.10820615076923087,-0.10392707500000009,-0.10907795478260877,-0.11795099259259269
waffle_6l_short_se,-1,-1,-1,-1,-1,-1,-1,-1,-1,-1,-1,-1,-1,-1,-1,-1,-1,-1,-1,-1,-1,-1,-1,-1,-1,-1,-1,-1,-1,-1,-1,-1,-1,-1,-1,-1,-1,-1,-1,-1,-1,-1,-1,-1,-1,-1,-1,-0.8118337200000001,-0.782905888888889,-0.75201028,-1,-1,-1,-1,-1,-1,-0.7451408800000001,-0.6874987889655173,-0.6359712188235295,-0.6038174088888889,-1,-0.7260548966666668,-0.8858127890909091,-1,-1,-1,-0.5439247788235294,-0.45828343304347835,-0.4583272400000001,-0.4670337100000001,-0.397413008888889,-0.45538483166666677,-0.559301731764706,-0.41989929846153856,-0.25700484571428583,-0.26200185600000014,-0.2864471600000001,-0.30583282933333344,-0.3484764233333334,-0.3667799111111112,-0.2752645900000001,-0.25559672727272736,-0.22654760666666676,-0.19159850909090917,-0.16936795692307702,-0.16596286909090918,-0.1795211120000001,-0.2170731942857144,-0.2572544500000001,-0.27983191555555564,-0.15460577200000009,-0.1537073140000001,-0.14071516153846161,-0.1183987120000001,-0.06935904125000009,-0.0705919793548388,-0.12171807733333344,-0.1360858400000001,-0.16640825250000008,-0.1769017276190477
waffle_8l_long_me,-1,-1,-1,-1,-1,-1,-1,-1,-1,-1,-1,-0.5350957592592593,-0.5289550666666668,-0.5212565000000002,-0.5174626666666668,-0.5191608055555558,-0.5182010138888891,-0.5119557870370373,-1,-1,-0.5250009444444446,-0.5089002407407408,-0.5010398981481482,-0.4934343000000001,-0.4886142777777779,-0.46908155555555564,-0.47467291269841283,-0.4839237222222224,-0.4959025617283952,-0.5002584783950619,-0.5012685111111113,-0.49658421428571436,-0.4831371944444446,-0.45215589506172854,-0.4329269583333334,-0.4236107777777779,-0.4298329444444446,-0.4431768253968255,-0.4555847222222224,-0.476725888888889,-0.49028144444444466,-0.47587113888888904,-0.4451091875000001,-0.40113550000000014,-0.3798088333333335,-0.36943138194444464,-0.376823138888889,-0.3940750069444446,-0.4195186444444446,-0.4367621435185186,-0.4604874861111113,-0.4380230634920636,-0.39666509876543227,-0.3472260555555557,-0.31715141358024707,-0.3134084537037039,-0.32524177777777796,-0.35253296825396835,-0.3820925493827162,-0.41746465151515166,-0.435163138888889,-0.4028396358024693,-0.3621494126984129,-0.29122730555555565,-0.260449138888889,-0.2544572962962965,-0.2683440396825399,-0.3100878750000001,-0.34143236507936525,-0.3851452777777779,-0.39282320370370377,-0.36237373809523826,-0.3109083412698414,-0.2497333253968255,-0.21452018518518529,-0.2128090370370371,-0.23074602777777792,-0.27344501111111125,-0.3228222666666668,-0.3702853833333335,-0.35595908333333354,-0.3312349444444446,-0.2631724393939396,-0.2112563827160495,-0.17389504761904778,-0.1615886458333335,-0.19002988194444456,-0.23583899305555572,-0.287727388888889,-0.3516778611111112,-0.3012347777777779,-0.2845304550264552,-0.22754510000000014,-0.16735951851851866,-0.08933560931899655,-0.07604616666666678,-0.1674760686274511,-0.19783349415204693,-0.23262046732026154,-0.30750091025641046
waffle_8l_long_se,-1,-1,-1,-1,-1,-1,-1,-1,-1,-1,-1,-1,-1,-1,-1,-1,-1,-1,-1,-1,-1,-1,-1,-1,-1,-1,-1,-1,-1,-1,-0.6743602666666668,-0.6836345185185186,-0.7000000555555556,-1,-1,-1,-1,-1,-1,-1,-0.5937614949494951,-0.6303427979797981,-0.670034088888889,-0.7177857555555557,-0.7008330555555556,-0.6962964444444445,-0.695789777777778,-0.6912268611111112,-0.7536866172839508,-0.7446451712962965,-0.45646816161616177,-0.48896767171717187,-0.5209840481481484,-0.5737773437500001,-0.6076844829059831,-0.6130079494949496,-0.609045080808081,-0.600464904761905,-0.6078502222222224,-0.6247114814814817,-0.33300595061728405,-0.3406283030303031,-0.3403459797979799,-0.3528807575757577,-0.3883596209150328,-0.40318861965811975,-0.4145329398148149,-0.42306062820512835,-0.4517590864197532,-0.5007064735449737,-0.24316863492063506,-0.23970219753086436,-0.23736287301587317,-0.23432820833333343,-0.23445212500000012,-0.25128033950617296,-0.2718755611111113,-0.3069907888888891,-0.34861996296296305,-0.3940427320261439,-0.17326430555555566,-0.17388069047619062,-0.1758541736111112,-0.16990249206349212,-0.17732418750000006,-0.17587161111111121,-0.2007845185185186,-0.23313195138888906,-0.2716383765432101,-0.29844367777777797,-0.1235604652777779,-0.12498504938271615,-0.13017845679012358,-0.1391643819444445,-0.08531493162393176,-0.07559187992831554,-0.1563176458333335,-0.15769329938271617,-0.17155279513888902,-0.19983417063492076
waffle_8l_short_me,-1,-1,-1,-1,-1,-1,-1,-1,-1,-1,-1,-1,-1,-1,-1,-1,-1,-1,-1,-1,-1,-1,-1,-1,-1,-1,-1,-1,-1,-1,-1,-0.81733308,-0.8360297866666668,-0.8460002800000002,-1,-1,-1,-1,-1,-1,-0.7400001199999999,-0.7549214690909092,-0.7717373133333334,-0.7903162436363637,-0.8121938240000001,-0.8339631600000003,-1,-1,-1,-1,-0.5849137085714287,-0.5889995946666668,-0.6071545946666668,-0.6394454666666667,-0.6860876213333335,-0.7433028830769232,-0.79210996,-0.8321087777777779,-0.84750758,-1,-0.4205300514285715,-0.4078472200000001,-0.4280485675000001,-0.4389735733333334,-0.47866154888888895,-0.6145234640000001,-0.6764398857142858,-0.737544768888889,-0.7855863672727272,-1,-0.2877487644444445,-0.2649358200000001,-0.25034560363636377,-0.2556207446153847,-0.2731941600000001,-0.2810026307692309,-0.29418304000000006,-0.2533356560000001,-0.3172865450000001,-0.3058096400000001,-0.16508804888888898,-0.16037474000000004,-0.1461983350000001,-0.14292847000000009,-0.1336556450000001,-0.13503122000000006,-0.15937441818181827,-0.1725546311111112,-0.19533193200000007,-0.21210768000000008,-0.08728575555555564,-0.08470379200000007,-0.08320754000000012,-0.09487902666666671,-0.04551116666666677,-0.049296456363636436,-0.09372605090909096,-0.09182133176470597,-0.08950933230769241,-0.13135980480000006
waffle_8l_short_se,-1,-1,-1,-1,-1,-1,-1,-1,-1,-1,-1,-1,-1,-1,-1,-1,-1,-1,-1,-1,-1,-1,-1,-1,-1,-1,-1,-1,-1,-1,-1,-1,-1,-1,-1,-1,-1,-1,-1,-1,-1,-1,-1,-1,-0.84260856,-0.8427408700000002,-0.8298982933333335,-0.8301990200000001,-0.8321680400000001,-0.8413116600000002,-1,-0.73020014,-0.7683948177777778,-0.7697191300000001,-0.7187869900000001,-0.6933272333333335,-0.7029810166666667,-0.7042429846153847,-0.7233489272727274,-0.7524449885714286,-0.3960000600000001,-0.4342926457142858,-0.4927171557894738,-0.4781329377777779,-0.48238435733333346,-0.4691641680000001,-0.49839960285714296,-0.5303999085714286,-0.5699738857142858,-0.59852285,-0.314636008888889,-0.2763197490909092,-0.28000674000000014,-0.2763555200000001,-0.26502012727272733,-0.27347706400000005,-0.30705585066666674,-0.3302785250000001,-0.3781432720000001,-0.4411097955555557,-0.21133766285714298,-0.19013855555555562,-0.18692816000000007,-0.16901325200000006,-0.14835520000000008,-0.1537480066666667,-0.15914672363636373,-0.1759665927272728,-0.21622790857142865,-0.2589436500000001,-0.10657026666666673,-0.10222127384615393,-0.1156777560000001,-0.11095124000000009,-0.046340724137931104,-0.04558394758620699,-0.09510503384615393,-0.07902936250000009,-0.08899970250000008,-0.11119810666666677
