check_12l_long_me,-1,-0.7500002500000001,-0.7382968333333337,-0.7186460833333335,-0.7038463333333338,-0.6927910416666669,-0.6691824166666671,-0.666666875,-0.6316274166666669,-0.6209808750000002,-0.6004760000000002,-0.5927350000000002,-0.5752536250000002,-0.5735812916666669,-0.5615927685185187,-0.7313672083333334,-0.7320425000000002,-0.722229666666667,-0.696563916666667,-0.6799995000000003,-0.671759791666667,-0.6474792500000002,-0.6250623333333335,-0.5949587500000002,-0.5890758750000002,-0.5846671666666668,-0.5676666458333336,-0.5486382500000002,-0.543581166666667,-0.5234320416666669,-0.6881946944444446,-0.6699494166666667,-0.6702314583333334,-0.6684365000000003,-0.6624998750000002,-0.6438262500000003,-0.5882366666666666,-0.5791667500000003,-0.571724625,-0.567093666666667,-0.5655559166666667,-1,-1,-1,-0.5048267083333335,-0.6554345000000004,-0.6575514166666667,-0.6573605833333334,-0.650264291666667,-0.6410995833333336,-0.6054161666666669,-0.5766749583333336,-0.55408325,-0.5435979166666669,-0.537551416666667,-0.5416660833333337,-0.5415267916666668,-0.5248609583333337,-0.5217400000000002,-0.49935794444444465,-0.6356704583333336,-0.6376837500000001,-0.6382296250000001,-0.6224066666666669,-0.6097793333333338,-0.5770609166666669,-0.5378794583333335,-0.49957677777777804,-0.4989502291666669,-0.49675979166666684,-0.5022886666666668,-0.5035302291666668,-0.4995385208333336,-0.5000920000000001,-0.48698673333333353,-0.6126055416666667,-0.6145630833333336,-0.6140036666666668,-0.5842306111111114,-0.5763406944444446,-0.543031166666667,-0.4993516111111113,-0.4639359166666667,-0.45706337500000016,-0.4606002083333336,-0.4742368333333335,-0.47723270833333353,-0.4747025000000002,-0.47658083333333345,-0.4575702708333335,-0.5879167083333336,-0.5887547500000002,-0.589847291666667,-0.5680387083333336,-0.5239379166666669,-0.5104634583333334,-0.46869013888888916,-0.4275018333333334,-0.4222776250000002,-0.4284130833333335,-0.43576358333333365,-0.4432123750000003,-0.4463161666666669,-0.4484307500000002,-0.4311352500000001,-0.5744046666666669,-0.574368666666667,-0.5718760000000004,-0.5662877500000001,-0.5055558333333335,-0.4864761666666668,-0.425815291666667,-0.40551120833333354,-0.40169666666666703,-0.40632233333333356,-0.4166668750000003,-0.41831825000000006,-0.4195772916666669,-0.4228181666666669,-0.41851993750000016,-0.5583249583333334,-0.5592136666666668,-0.5550645833333335,-0.5159231875000003,-0.48426383333333367,-0.44459238888888913,-0.3965513750000004,-0.3772727500000003,-0.3738358333333335,-0.38124725000000015,-0.38791216666666706,-0.3942397083333336,-0.39901033333333347,-0.40075800000000017,-0.40184118750000014,-0.5324191666666671,-0.5286116666666669,-0.5079850833333335,-0.47005325000000026,-0.44558791666666675,-0.40411083333333364,-0.36470129166666687,-0.3290490555555558,-0.3308059791666669,-0.3345343750000003,-0.3338041666666668,-0.3568287083333337,-0.3647360416666669,-0.3740521666666668,-0.4004760972222223,-0.5005749166666669,-0.4945280000000003,-0.4823118055555557,-0.4185819166666668,-0.4007032500000003,-0.35651941666666676,-0.32164339583333357,-0.28447308333333365,-0.28592108333333366,-0.2921295416666671,-0.30047341666666666,-0.32157579166666683,-0.3286329583333334,-0.3446025000000001,-0.3486179583333335,-0.4602319166666668,-0.436995666666667,-0.4312715833333337,-0.3938586875000002,-0.33995020833333345,-0.3117890000000003,-0.26845170833333354,-0.24324412500000028,-0.24790883333333344,-0.257171791666667,-0.2604804166666669,-0.2679600833333335,-0.28207595833333343,-0.3086355416666668,-0.3153703020833335,-0.41666700000000023,-0.40616060416666694,-0.4017416458333336,-0.3859842500000002,-0.32274904166666685,-1,-0.26392245833333355,-0.230591277777778,-0.2379217708333335,-0.24142436111111118,-1,-0.2633337500000004,-0.26558483333333355,-0.26100525000000013,-0.2687781041666669,-1,-0.45952395833333365,-0.42488533333333345,-0.40242469444444473,-0.3407340000000002,-0.3042598055555559,-1,-1,-1,-0.25601783333333344,-0.2685635833333334,-0.30972241666666683,-0.2759470833333333,-1,-1,-1,-0.5141645000000002,-0.4731785000000002,-0.4299537083333337,-0.35905419444444453,-1,-1,-0.0734085476190478,-0.09467651388888895,-1,-1,-1,-1,-1,-0.4583335833333336
check_12l_long_se,-1,-1,-1,-1,-0.6840082083333335,-0.642502125,-0.6215839375000002,-0.6162219444444447,-0.653288013888889,-0.7041175833333336,-0.7532603333333336,-1,-1,-1,-1,-1,-1,-1,-0.7260919166666668,-0.6834798611111113,-0.5897853333333336,-0.5558484791666668,-0.5527082500000002,-0.5709333333333335,-0.6659536458333335,-0.8168438166666668,-1,-1,-1,-1,-1,-0.9154766250000002,-0.8480119722222225,-0.7608697500000001,-0.6455885000000005,-0.5845240833333335,-1,-1,-0.5753431250000001,-1,-0.7908335000000002,-1.0166549833333336,-1.1000001666666668,-1,-1,-1,-0.9339180000000002,-0.8489616388888891,-0.7449024166666668,-0.6572088333333337,-0.5781547500000003,-0.5188749444444446,-0.4969336250000004,-0.5381849583333337,-0.654016027777778,-0.7773967500000002,-0.959055138888889,-1.127407666666667,-1,-1,-1,-0.9181691250000004,-0.8507089722222223,-0.7482660000000001,-0.6548168333333335,-0.5677161666666668,-0.49334777777777783,-0.4782601666666669,-0.5093218055555558,-0.6268973958333336,-0.7761481111111114,-0.9485161666666668,-1.0901270000000003,-1,-1,-1,-0.9122245833333334,-0.8438773888888892,-0.7393736111111112,-0.6286503055555558,-0.5451277500000002,-0.47816952777777805,-0.44819708333333347,-0.4889808888888892,-0.594582277777778,-0.7410914583333337,-0.9458967777777779,-1.092218888888889,-1,-1,-1,-0.9180657708333335,-0.838699888888889,-0.732105527777778,-0.6108016666666667,-0.5246043333333337,-0.44520691666666673,-0.4208842500000004,-0.469550277777778,-0.5792080833333335,-0.7329216458333335,-0.9243841944444445,-1.0877790833333336,-1,-1,-1,-1,-0.8250002500000002,-1,-0.6583335,-0.4885417500000003,-0.4179171666666667,-0.4074563888888892,-0.41927066666666707,-0.528240666666667,-0.6553028333333336,-0.9809899583333335,-1,-1.1375001666666666,-1,-1,-0.8731618055555557,-0.8117417083333336,-0.7237203888888891,-0.6127865000000001,-0.5173694166666669,-0.41520177777777795,-0.38705141666666676,-0.4107103055555558,-0.5169422777777778,-0.6834706875000002,-0.891167166666667,-1.0332673833333335,-1.0899805000000005,-1,-1,-0.8597751111111114,-0.8004017916666668,-0.7152081111111115,-0.6066438611111113,-0.5063445555555558,-0.40308297222222245,-0.35656683333333367,-0.39137672222222253,-0.5107010833333336,-0.6670701666666667,-0.8554246875000002,-0.994970277777778,-1.051984166666667,-1,-1,-0.8416368333333336,-0.7692584166666669,-0.6666681388888892,-0.5765519583333336,-0.48889205555555576,-0.388076138888889,-0.3297195833333336,-0.34150202777777794,-0.47367235416666686,-0.6545449375000002,-0.8128491944444446,-0.9287321944444447,-0.9969478333333336,-1,-1,-0.8275379444444446,-0.7512116944444447,-0.6484743055555556,-0.5242146250000002,-0.4518437916666669,-0.3426239166666669,-0.3086772500000001,-0.3204009375000002,-0.4328659444444446,-0.5686345555555559,-0.7344866250000001,-0.8610218333333336,-0.9389773750000001,-1,-1,-0.8029516666666668,-0.7416667500000002,-0.6327600555555557,-0.5703130833333334,-0.40350950000000024,-1,-0.26083408333333336,-0.2996125416666669,-0.44172279166666695,-0.5923854444444447,-0.7149395277777779,-0.846822777777778,-0.9177085833333335,-1,-1,-0.7853385833333337,-0.6949320833333335,-0.5928030416666668,-0.5061694583333336,-0.4180660625000001,-0.3299170000000003,-0.23847394444444459,-0.27714865277777806,-0.3972715555555557,-0.5312792500000003,-0.6538933055555557,-0.8035055000000002,-0.8971095000000003,-1,-1,-0.7606374375000001,-0.6851339722222225,-0.6002342166666669,-0.5180718888888891,-0.4415600000000001,0.05575833333333313,-0.06925596875000015,-0.11564266666666684,-0.475694916666667,-0.5276647500000002,-0.6566091190476193,-0.7797519583333336,-0.8527113750000003,-1
check_12l_short_me,-1,-1,-1,-1,-1,-1,-1,-1,-1,-1,-1,-1,-1,-1,-1,-1,-1,-1,-1,-1,-1,-1,-1,-1,-1,-1,-1,-1,-1,-1,-1,-1,-1,-1,-1,-1,-1,-1,-1,-1,-1,-1,-1,-1,-1,-1,-1,-1,-1,-1,-1,-1,-1,-1,-1,-1,-1,-1,-1,-1,-1,-1,-1,-1,-1,-1,-1,-1,-1,-1,-1,-1,-1,-1,-1,-1,-1,-1,-1,-1,-1,-1,-1,-1,-1,-1,-1,-1,-1,-1,-1,-0.88440048,-0.88492332,-0.8659995600000001,-1,-1,-1,-1,-1,-1,-1,-1,-1,-1,-1,-0.8194385040000001,-0.8205500080000001,-0.8178940240000001,-0.8065263900000001,-0.8519285600000002,-0.8115853000000002,-0.83658347,-0.84024004,-0.8368958000000002,-0.8488619000000002,-0.8323678600000002,-0.84194251,-0.8319805100000001,-0.8285751800000001,-1,-0.7075557066666668,-0.70011179,-0.6982906800000002,-0.6977184700000002,-0.68659994,-0.7326569900000001,-0.7223104000000002,-0.7274265280000001,-0.7295395760000001,-0.7292882666666666,-0.7277498000000002,-0.73801956,-0.7287717840000001,-0.7269475440000001,-1,-0.5905637600000001,-0.5778475066666667,-0.5539234640000001,-0.5534654640000001,-0.5640320533333334,-0.5762098800000001,-0.5888692400000001,-0.5939430000000001,-0.5949588320000001,-0.5968222266666668,-0.5955941600000001,-0.5966372240000001,-0.5941337360000001,-0.590697624,-1,-0.5413334000000001,-0.4516006866666667,-0.4232717040000001,-0.4189687600000001,-0.42688680000000007,-0.4226853000000001,-0.4462172320000001,-0.44867350400000006,-0.45176144800000007,-0.4644303066666668,-0.44802704000000004,-0.45918848800000006,-0.44061101333333347,-0.4404894700000001,-0.4542801714285715,-1,-0.3242846160000001,-0.29355982666666675,-0.2858278320000001,-0.28801157333333344,-0.2932512933333335,-0.2806028200000001,-0.28954017600000015,-0.28896697600000004,-0.3032830500000001,-0.3128922533333334,-0.30170362400000006,-0.2851065120000001,-0.28486676000000005,-0.3108554950000001,-1,-0.1962675266666668,-0.1900779040000001,-0.17385671000000008,-0.18641810000000014,-0.15850762000000007,-0.17270101000000004,-0.17682013333333346,-0.17698833333333344,-0.1698542480000001,-0.1600000800000001,-0.1747501066666668,-0.17455520000000013,-0.17454848000000006,-0.2029565800000001,-0.14507150000000002,-0.13027248000000002,-0.11903004000000006,-0.11834332000000003,-0.11764870000000005,-1,-0.11707430000000008,-0.10759274000000008,-0.1096186400000001,-0.11655544000000018,-1,-0.11675456000000006,-0.1132233600000001,-0.10651576000000018,-0.12559490666666673,-1,-0.11226456000000007,-0.1023064600000001,-0.09584024000000002,-0.10001020000000005,-0.09822236000000006,-0.054043594285714355,-0.041696236000000074,-0.04136856500000008,-0.09040395333333344,-0.09400008000000004,-0.0876925400000001,-0.07672121333333348,-0.0783553333333334,-0.05265352000000005
check_12l_short_se,-1,-1,-1,-1,-1,-1,-1,-1,-1,-1,-1,-1,-1,-1,-1,-1,-1,-1,-1,-1,-1,-1,-1,-1,-1,-1,-1,-1,-1,-1,-1,-1,-1,-1,-1,-1,-1,-1,-1,-1,-1,-1,-1,-1,-1,-1,-1,-1,-1,-1,-1,-1,-1,-1,-1,-1,-1,-1,-1,-1,-1,-1,-1,-1,-1,-1,-1,-1,-1,-1,-1,-1,-1,-1,-1,-1,-1,-1,-1,-1,-1,-1,-1,-1,-1,-1,-1,-1,-1,-1,-1,-1,-1,-1,-1,-1,-1,-1,-1,-1,-1,-1,-1,-1,-1,-1,-1,-1,-1,-1,-1,-1,-1,-1,-1,-1,-1,-1,-1,-1,-1,-1,-1,-1,-1,-1,-1,-1,-1,-0.9417217800000002,-1,-0.9237586000000002,-0.9204544800000001,-0.9191112400000001,-0.9150910200000002,-1,-1,-0.8946667799999999,-0.9096945300000001,-0.91130004,-0.8987628666666668,-0.8840196400000001,-0.8952531,-0.8794083520000001,-0.8452787700000002,-0.9004585066666668,-0.7966121680000001,-0.7771625950000001,-0.7759152400000001,-0.7778380457142858,-1,-1,-0.6560929555555557,-0.7226722072727274,-0.7227346400000001,-0.6941035733333334,-0.6824338618181819,-0.693078541818182,-0.6380353955555557,-0.6403527000000001,-0.5819128222222224,-0.5288157550000001,-0.5021158444444446,-0.47840617777777783,-0.49047618800000015,-1,-0.3902355542857144,-0.39967222857142864,-0.4186933200000001,-0.3741563666666668,-0.4304589600000001,-0.37239373714285723,-0.3921942000000001,-0.37762128000000006,-0.3240203840000001,-0.29133884000000004,-0.30079381600000016,-0.2789388400000001,-0.2649595200000001,-0.2666531300000001,-0.22900012000000014,-0.2443530000000001,-0.21658618000000007,-0.2124420800000001,-0.20914017000000013,-0.18921228,-0.20548264000000005,-0.2044628300000001,-0.2021579200000001,-0.18952522000000005,-0.1858001600000001,-0.18927630666666673,-0.19049426666666677,-0.19425076000000008,-0.20148061333333342,-1,-0.1330930733333334,-0.14334986666666674,-0.14334434666666676,-0.14795540000000007,-0.15447628000000013,-0.1487262600000001,-0.13600878666666683,-0.14360228000000008,-0.15141360000000015,-1,-0.1514086,-0.15010832000000007,-0.14256629333333345,-0.16057260000000007,-0.09506682000000011,-0.0800291600000001,-0.08356576800000007,-0.10130677333333342,-0.11245436000000009,-0.12254560000000009,-0.04308900307692318,-0.03301125000000008,-0.041337027692307786,-0.07836394000000006,-0.11451420000000012,-0.12062411000000006,-0.11721992000000007,-0.10799174666666674,-0.11334710000000009
check_16l_long_me,-1,-1,-1,-1,-1,-1,-1,-1,-1,-1,-1,-1,-1,-1,-1,-0.48461576923076943,-0.48653892307692304,-0.49441907692307707,-0.5033397692307693,-0.48705896153846173,-0.48919915384615414,-0.4804844615384615,-0.4844353076923077,-0.48017430769230784,-0.4848298461538464,-1,-1,-1,-1,-1,-0.46666669230769253,-0.4536218846153848,-0.45427973076923095,-0.4652857692307696,-0.4681739230769232,-0.4641012307692307,-0.4654271538461541,-0.46598446153846174,-0.4661209230769232,-0.4739051025641029,-0.4537747948717951,-1,-0.4708330769230773,-0.47285115384615395,-1,-0.4384621538461541,-1,-1,-0.45089053846153854,-0.4535903846153847,-0.45384657692307706,-0.4538457692307694,-0.45384738461538476,-0.4513283846153848,-0.4462296923076925,-1,-0.4434834615384618,-0.44426823076923083,-0.4430986666666669,-0.46826688461538485,-0.42075992307692306,-0.4183133846153849,-0.42744023076923093,-0.43962776923076935,-0.44615769230769237,-0.4477209230769232,-0.44887607692307707,-0.449724307692308,-0.44425076923076956,-0.431664576923077,-0.4215228461538464,-0.4194472307692308,-0.4190510769230771,-1,-0.43219930769230797,-0.40432907692307696,-0.38975588461538474,-0.4089121538461539,-0.4209155384615385,-0.4338892307692308,-0.436783,-0.4408799230769234,-0.44469000000000014,-0.43871738461538484,-0.4245920384615386,-0.41493653846153855,-0.4098589230769231,-0.40514946153846165,-0.3999354615384617,-0.40327569230769233,-0.3782955000000001,-0.36534384615384613,-0.380290307692308,-0.3989670769230769,-0.4104800384615387,-0.41389669230769227,-0.42413561538461575,-0.4253604615384616,-0.41748030769230793,-0.4047508846153849,-0.3919276923076924,-0.3941993846153846,-0.38674676923076945,-0.38109334615384627,-0.38096659615384637,-0.35628315384615394,-0.3466211538461541,-0.35634630769230763,-0.37634757692307697,-0.38169633333333347,-0.37583697435897445,-0.3828713076923077,-0.38505742307692303,-0.37752853846153867,-0.37353384615384627,-0.36196976923076923,-0.3732581153846155,-0.36457015384615415,-0.36672807692307724,-0.361991230769231,-0.33554269230769257,-0.3214026153846156,-0.3321197692307692,-0.3417844615384618,-0.34686103846153865,-0.339162076923077,-0.34003438461538454,-0.3407124615384616,-0.33464676923076925,-0.32728653846153855,-0.3323994615384616,-0.3377061538461542,-0.34271615384615395,-0.3441867692307694,-0.3472687692307694,-0.3083842051282053,-0.29386812820512836,-0.3031731025641027,-0.31671107692307715,-0.3169020000000001,-0.3131471538461541,-0.3126375384615388,-0.2987488461538463,-0.2958932307692309,-0.29469428205128223,-0.30375892307692326,-0.314706307692308,-0.3181548461538461,-0.32262892307692304,-0.3272328846153847,-0.28667684615384614,-0.24621207692307723,-0.25818569230769245,-0.2842316923076925,-0.28367458974358983,-0.2851418461538463,-0.2747751923076924,-0.2573867692307693,-0.25227361538461535,-0.2537007307692309,-0.26917130769230807,-0.2883133461538463,-0.2995157435897438,-0.30830769230769234,-0.3108555000000002,-0.2671328461538464,-0.22657348717948733,-0.23593576923076917,-0.23934676923076936,-0.24333280769230786,-0.24067230769230785,-0.2346150769230773,-0.22126730769230793,-0.22615396153846176,-0.23296746153846187,-0.23701092307692334,-1,-1,-0.29619146153846165,-0.3021138974358975,-0.23771520512820532,-0.1962324230769231,-0.21649823076923108,-0.21756469230769238,-0.21890992307692306,-0.21762842307692332,-0.21353815384615404,-0.19176092307692325,-0.19819915384615394,-0.21681919230769256,-0.2302548461538464,-0.2391303461538464,-0.24835530769230785,-0.2675434615384617,-0.2915309615384616,-0.3005192564102565,-0.1833997692307696,-0.2030133846153848,-0.2042409230769232,-0.2076700000000002,-0.19453761538461567,-0.191955307692308,-0.16802500000000029,-0.15756588461538468,-0.1949591923076925,-0.19966338461538477,-0.2065848461538464,-0.21166523076923083,-0.22903734615384627,-0.2439013461538464,-0.3253995961538463,-0.2837438769230771,-0.2768225000000002,-0.2754681923076925,-0.28211451282051303,-0.22799850000000013,-0.09048823076923095,-0.09495445641025657,-0.07704878846153858,-0.1893819487179488,-0.21008386538461557,-0.16624807692307692,-0.17434526923076943,-0.1965318974358976,-0.20715638461538463
check_16l_long_se,-1,-1,-0.4146843846153846,-0.41538469230769265,-0.41538469230769265,-0.42224865384615395,-0.44143376923076927,-0.44895153846153857,-1,-1,-1,-1,-1,-1,-1,-0.4386876153846155,-0.42282841025641044,-0.4124453076923077,-0.4143053846153847,-0.4134452692307694,-0.41763984615384614,-0.4287210000000003,-0.45597107692307715,-0.4732350384615387,-0.49325633333333346,-0.5246024615384617,-1,-1,-1,-1,-0.4376413076923077,-0.4250330769230772,-0.41754376923076936,-0.41538153846153875,-0.4126743076923078,-0.40680184615384635,-0.4145566923076925,-0.42902,-0.454474076923077,-0.4831121153846154,-0.5195878461538461,-0.5467098205128207,-0.5687251153846156,-0.5906557307692308,-0.6182618846153849,-1,-1,-1,-1,-1,-1,-1,-1,-0.45384623076923114,-0.46923015384615413,-1,-0.5357298461538462,-1,-1,-0.6221154230769232,-0.4417212307692311,-0.42469176923076934,-0.423076,-0.4169211538461542,-0.4148920769230769,-0.39217215384615406,-0.3905293461538463,-0.4136823076923078,-0.44402692307692315,-0.4762927692307694,-0.5105393846153848,-0.5237285384615388,-0.5416481538461541,-0.5466906538461538,-0.6025204615384617,-0.4351876923076925,-0.42307576923076934,-0.4199603076923079,-0.4120959230769234,-0.39043835897435925,-0.37416296153846174,-0.369311230769231,-0.3839513333333335,-0.41264976923076924,-0.44352569230769234,-0.4780797948717951,-0.5115744615384619,-0.5195122307692308,-0.527403730769231,-0.574963230769231,-0.42769307692307723,-0.419229,-0.4113916923076926,-0.3936265384615385,-0.3799671923076925,-0.36041111538461557,-0.3538456923076924,-0.3631313846153847,-0.38233234615384637,-0.42451065384615405,-0.4611017307692309,-0.48545323076923086,-0.4958303846153849,-0.5153385000000001,-0.5635319615384617,-0.42051138461538473,-0.41447253846153853,-0.4010367692307696,-0.38241443589743607,-0.36596123076923076,-0.3453266923076924,-0.3388968461538462,-0.3440406923076925,-0.3708970769230773,-0.3876217179487181,-0.4315386923076925,-0.4580382692307694,-0.47499761538461555,-0.48582453846153867,-0.5312394615384617,-0.41642415384615405,-0.4121658461538464,-0.399508076923077,-0.38117430769230787,-0.3627646153846155,-0.33413807692307695,-0.32072384615384625,-0.3193561538461539,-0.3320104615384618,-0.36529712820512844,-0.39388269230769246,-0.42557392307692304,-0.4520074358974362,-0.4578334615384617,-0.5089071794871797,-0.4150976923076925,-0.4083444615384615,-0.4012015384615388,-0.38196784615384627,-0.3647953076923078,-0.3275985384615387,-0.3033730384615386,-0.3023325000000002,-0.31306461538461555,-0.33429261538461563,-0.36944284615384626,-0.3929311153846157,-0.41217315384615405,-0.43987707692307715,-0.45887833333333344,-0.410688307692308,-0.40439638461538485,-0.3963474615384616,-0.38693176923076944,-0.361337307692308,-0.3256379230769234,-0.29649330769230775,-0.2790269230769232,-0.2945124615384618,-0.30923092307692307,-0.32950426923076936,-0.37320802564102584,-0.38747184615384644,-0.39710876923076954,-0.4423972115384618,-1,-1,-1,-0.3769234615384617,-1,-0.3131875384615384,-0.2999997692307692,-1,-1,-0.2962623076923079,-0.31274315384615414,-1,-0.3724088461538463,-0.37967065384615406,-1,-0.4068823846153847,-0.40222653846153855,-0.39657715384615383,-0.3801296153846154,-0.3541918461538464,-0.3114416923076925,-0.27710492307692325,-0.23416192307692327,-0.23562057692307709,-0.28042650000000025,-0.2981999230769233,-0.3206810000000002,-0.3533370000000001,-0.37129342307692315,-0.3956079230769233,-0.40590876923076935,-0.3997254615384616,-0.3924476923076924,-0.37449892307692323,-0.3244433846153847,-0.28991007692307713,-0.2577499230769233,-0.21453930769230786,-0.22150515384615402,-0.26567003846153875,-0.29380615384615405,-0.3096597307692309,-0.34096492307692344,-0.35594307692307686,-0.3782468076923079,-0.41763346153846187,-0.40982942307692327,-0.3866756923076926,-0.3591451153846156,-0.3220789230769232,-0.2909994615384616,-0.04746726153846175,-0.07675867692307706,-0.061692591715976484,-0.2595153461538463,-0.2934200769230771,-0.3075841153846154,-0.3446774615384618,-0.35319807692307714,-0.3686395384615387
check_16l_short_me,-1,-1,-1,-1,-1,-1,-1,-1,-1,-1,-1,-1,-1,-1,-1,-1,-1,-1,-1,-1,-1,-1,-1,-1,-1,-1,-1,-1,-1,-1,-1,-1,-1,-1,-1,-1,-1,-1,-1,-1,-1,-1,-1,-1,-1,-1,-1,-1,-1,-1,-1,-1,-1,-1,-1,-1,-1,-1,-0.7293101666666669,-1,-1,-1,-1,-1,-1,-1,-1,-0.8055557222222223,-0.8035718888888889,-0.7872546111111113,-0.7672752777777779,-1,-0.7299569861111113,-0.6771742222222223,-0.7132242916666669,-1,-1,-1,-0.8333333333333335,-0.8244447777777778,-0.8215816111111114,-0.8092593333333337,-0.7792654074074076,-0.7582503888888891,-0.7510297407407408,-0.7012086111111113,-0.6527956851851853,-0.6228571666666667,-0.5945104305555557,-0.6259262222222223,-0.8488096666666667,-0.8527477222222222,-0.8275451296296298,-0.8058656666666668,-0.8175268333333334,-0.7703269814814816,-0.7434052361111113,-0.6832039222222224,-0.6544835740740742,-0.628648888888889,-0.6036401481481484,-0.578571388888889,-0.5484169444444444,-0.51944425,-0.5093955833333335,-0.7686870555555557,-0.7853430694444445,-0.7339102361111113,-0.6868888333333335,-0.6948065555555557,-0.6411040972222224,-0.5998680000000002,-0.5567795370370372,-0.5478590000000001,-0.519648888888889,-0.49491486111111127,-0.4934032222222224,-0.4697220555555556,-0.4437844814814816,-0.4344195370370372,-1,-0.6467923240740743,-0.5892228333333335,-0.5863426944444445,-0.554116925925926,-0.5071477592592595,-0.5021687037037037,-0.4867606481481483,-0.4546506666666668,-0.4475152222222224,-0.4281120833333334,-0.43888900000000003,-0.39795959722222235,-0.3718406388888892,-0.3706754722222224,-0.4703703333333334,-0.504618962962963,-0.4547908611111113,-0.4751854166666668,-0.4295769305555557,-0.4075589074074075,-0.39921174074074095,-0.3949073888888891,-0.35955985185185196,-0.35807383333333354,-0.34204286111111126,-0.37777783333333337,-0.33790425925925943,-0.31630161111111127,-0.29687640740740756,-0.4371915833333334,-0.3821089777777779,-0.3602382407407409,-0.3350210555555557,-0.33426519444444447,-0.3108406666666668,-0.30782981481481503,-0.3018155370370371,-0.2837477222222223,-0.2829866944444446,-0.2842700000000001,-1,-0.2824863333333335,-0.254194851851852,-0.24323950000000016,-0.34398166666666696,-0.28117155555555573,-0.25911373611111127,-0.2222223333333335,-0.24758377777777799,-0.23034733333333335,-0.2312813055555557,-0.22943755555555567,-0.22708630555555565,-0.2275717500000001,-0.23072508333333344,-0.22222241666666678,-0.23213688888888895,-0.1942990555555557,-0.18766091269841279,-1,-0.18358461111111116,-0.16522322222222235,-0.16111116666666678,-0.16169148148148166,-0.16502277777777785,-0.16588748611111132,-0.15977844444444456,-0.1595315925925927,-0.1671013055555556,-0.17151270370370386,-0.16944455555555565,-0.1600009074074076,-0.11600998611111123,-0.10754075925925938,-1,-0.1449420555555556,-0.10575888888888905,-0.10335658333333346,-0.10499785185185201,-0.11876522222222241,-0.131216277777778,-0.11716650000000008,-0.11875394444444472,-0.1377865555555558,-0.1374625000000003,-1,-0.12722705555555566,-0.10919319444444453,-0.16219924305555566,-1,-1,-0.09597800000000012,-1,-0.1029346944444446,-0.11403505555555582,-0.09134373611111121,-0.09160835000000013,-0.08714098611111123,-0.13312344444444463,-0.1299738333333334,-1,-0.11825416666666679,-1,-0.13437516666666674
check_16l_short_se,-1,-1,-1,-1,-1,-1,-1,-1,-1,-1,-1,-1,-1,-1,-1,-1,-1,-1,-1,-1,-1,-1,-1,-1,-1,-1,-1,-1,-1,-1,-1,-1,-1,-1,-1,-1,-1,-1,-1,-1,-0.6134618888888891,-1,-1,-1,-1,-1,-1,-1,-1,-1,-1,-0.6636958611111112,-0.6407936944444446,-0.6189902222222223,-0.6077627592592594,-0.5771896666666668,-0.6021239444444447,-0.5773957916666668,-0.5664687777777779,-1,-1,-0.6986112777777779,-0.7140475555555559,-1,-0.6793049259259262,-0.6690222916666667,-0.6376903333333335,-0.6131447500000001,-0.6025796666666667,-0.5728552222222223,-0.5545604444444446,-0.5441100000000001,-0.5356383611111113,-0.5193963333333336,-1,-0.6737815185185186,-0.6695670833333334,-0.666342138888889,-0.6698414444444446,-0.627607,-0.6173420833333335,-0.608789138888889,-0.583779777777778,-0.5576078055555557,-0.5457890277777779,-0.5104940555555558,-0.49452175000000015,-0.4796733333333334,-0.46291284722222237,-1,-0.6424608888888891,-0.6254860555555558,-0.6277007777777779,-0.5982682407407409,-0.5785690833333333,-0.5835978333333335,-0.5607974722222224,-0.5386991111111111,-0.51440675,-0.4848911666666668,-0.4560473611111112,-0.4433318055555557,-0.4133729166666669,-0.42590133333333363,-0.43125,-0.5507369074074074,-0.5509491481481482,-0.5518397037037038,-1,-0.531759166666667,-0.5167630370370372,-0.49609466666666685,-0.4730928055555557,-0.44306757407407427,-0.41693075925925943,-0.3857195555555556,-0.3808643888888889,-0.36488252777777785,-0.38014238888888907,-0.41111122222222224,-0.4439414259259261,-0.4431940555555557,-0.445833314814815,-1,-0.44396985185185206,-0.44125314814814826,-0.43194479629629634,-0.4001792037037038,-0.3751055555555557,-0.3527451805555556,-0.3254567222222223,-1,-0.32431894444444453,-0.3294199444444445,-0.35866552777777794,-0.34463681481481495,-0.343359425925926,-0.34519403703703716,-0.3760100555555556,-0.3324746666666668,-0.3498612407407408,-0.3506519814814816,-0.32998666666666676,-0.32223740740740764,-0.27612887037037054,-0.27625969444444454,-1,-0.27562709259259277,-0.29610077777777805,-0.32461150000000016,-0.26919838888888914,-0.2740294166666669,-0.2787816666666668,-0.28553850000000003,-0.2647508888888891,-0.27379291666666683,-0.27408133333333357,-0.27255263888888903,-0.2663194722222223,-0.235206777777778,-0.24537127777777804,-1,-0.24991561111111135,-0.27160277777777797,-1,-0.22045413888888898,-0.22620533333333348,-0.23348461111111127,-1,-0.23402894444444458,-0.23733127777777782,-0.22449922222222235,-0.22399611111111128,-0.22137180555555575,-0.211364,-0.21996736111111115,-1,-0.22033572222222236,-0.24525303703703724,-1,-0.16213448148148163,-0.18200622222222226,-0.18985763888888907,-1,-0.19648038888888897,-0.19961758333333357,-0.1974251944444445,-0.18703444444444464,-0.18532919444444462,-0.18543755555555574,-0.19147647222222228,-1,-0.19763362962962988,-0.21072127777777794,-0.2288580555555557,-0.11013594444444451,-0.14065666666666676,-0.15179758333333346,-0.159053138888889,-0.1681995000000001,-0.17175638888888906,-0.16579591666666688,-0.15754559259259268,-0.15338538888888903,-0.16548074074074082,-0.1719457777777779,-0.15917883333333346,-0.16362066666666675,-0.1979385555555557,-1,-0.09892008333333346,-0.10673411111111125,-0.1221377222222223,-0.13148158333333346,-0.14882333333333345,-0.16403163194444453,-0.0492833851851853,-0.04968157936507949,-0.05254957692307705,-0.15435463888888895,-0.15740364444444457,-1,-0.14592681481481493,-0.152645013888889,-0.1868673055555557
check_4l_long_me,-1,-1,-1,-1,-1,-1,-1,-1,-1,-1,-1,-1,-1,-1,-0.6012207536842106,-1,-1,-1,-1,-1,-1,-1,-1,-1,-1,-1,-1,-1,-1,-1,-1,-1,-1,-1,-1,-1,-1,-1,-1,-1,-1,-1,-1,-1,-1,-1,-1,-1,-1,-1,-1,-1,-0.58854024,-0.8014564266666667,-1,-1,-1,-1,-1,-1,-1,-1,-1,-1,-1,-1,-1,-0.63130724,-0.6482747533333335,-1,-1,-1,-1,-1,-1,-1,-1,-1,-1,-1,-1,-1,-0.5698192844444446,-0.6641405600000001,-1,-1,-1,-1,-1,-1,-1,-1,-1,-1,-1,-1,-0.6948274700000001,-0.7850283760000001,-0.981173704,-1,-1,-1,-1,-1,-1,-1,-1,-1,-1,-1,-1,-0.9206715200000001,-0.47251138857142866,-0.9887416000000001,-1.0462088266666667,-1,-1,-1,-1,-1,-1,-1,-1,-1,-1,-1.0037958666666669,-0.5415504844444445,-0.6107494840000001,-1,-1.071651052,-0.51600252,-1,-1,-1,-1,-1,-1,-1,-1,-1,-0.28590106000000004,-0.2776730960000001,-0.9050833920000001,-1,-0.9128941450000001,-0.3882300640000001,-1,-1,-1,-1,-1,-1,-1,-1,-1,-1,-0.2304272480000001,-0.6019733377777778,-0.5907052600000001,-0.7570889866666668,-0.46174554666666673,-1,-1,-1,-1,-1,-1,-1,-1,-1,-1,-0.1856604300000001,-0.32757537600000014,-0.1647993520000001,-0.16179047000000008,-0.14573273000000003,-1,-1,-1,-1,-1,-1,-1,-1,-1,-1,-1,-0.13588007555555567,-0.1640169680000001,-0.17129884000000006,-0.1148129866666668,-1,-1,-1,-1,-1,-1,-1,-1,-1,-1,-0.1676280400000001,-0.12914790400000012,-0.13990630666666679,-1,-1,-1,-1,-1,-1,-1,-1,-1,-1,-1,-0.17692542400000008,-0.08579162571428581,-0.1745520018181819,-0.17470507777777788,-0.19232258782608705,-1,-1,-1,-1,-1
check_4l_long_se,-1,-1,-1,-1,-1,-1,-1,-1,-1,-1,-1,-1,-1,-1,-1,-1,-1,-1,-1,-1,-1,-1,-1,-1,-1,-1,-1,-1,-1,-1,-1,-1,-1,-1,-1,-1,-1,-1,-1,-1,-1,-1,-1,-1,-1,-1,-1,-1,-1,-1,-1,-1,-1,-1,-1,-1,-1,-1,-1,-1,-1,-1,-1,-1,-1,-1,-1,-1,-1,-1,-1,-1,-1,-1,-1,-1,-1,-1,-1,-1,-1,-1,-0.7557017760000001,-0.7559835600000001,-1,-1,-1,-1,-1,-1,-1,-1,-1,-1,-1,-1,-0.7600000800000002,-0.71217129,-0.7038470290909091,-0.7570266133333333,-1,-1,-1,-1,-1,-1,-1,-1,-1,-1,-1,-0.7773336000000002,-0.6469130142857143,-0.628040696,-1,-1,-1,-1,-1,-1,-1,-1,-1,-1,-1,-1,-1,-0.5637146566666668,-0.5422139650000001,-1,-1,-1,-1,-1,-1,-1,-1,-1,-1,-1,-1,-1,-0.49537560285714294,-0.46051423428571436,-1,-1,-1,-1,-1,-1,-1,-1,-1,-1,-1,-1,-1,-0.39276188000000006,-0.36852084,-1,-1,-1,-1,-1,-1,-1,-1,-1,-1,-1,-1,-1,-0.29372736000000005,-0.28400808000000016,-1,-1,-1,-1,-1,-1,-1,-1,-1,-1,-1,-1,-1,-0.21141538285714295,-0.2120310800000001,-1,-1,-1,-1,-1,-1,-1,-1,-1,-1,-1,-1,-0.17916308000000014,-0.1626314450000001,-0.19395457000000005,-1,-1,-1,-1,-1,-1,-1,-1,-0.43847182666666673,-0.32383595500000006,-0.24565175200000006,-0.1873428293333334,-0.16300583692307702,-0.05917175022222231,-0.17071719578947375,-0.2202161600000001,-0.3011742400000001,-0.39303932000000014,-1,-1,-1
check_4l_short_me,-1,-1,-1,-1,-1,-1,-1,-1,-1,-1,-1,-1,-1,-1,-1,-1,-1,-1,-1,-1,-1,-1,-1,-1,-1,-1,-1,-1,-1,-1,-1,-1,-1,-1,-1,-1,-1,-1,-1,-1,-1,-1,-1,-1,-1,-1,-1,-1,-1,-1,-1,-1,-1,-1,-1,-1,-1,-1,-1,-1,-1,-1,-1,-1,-1,-1,-1,-1,-1,-1,-1,-1,-1,-1,-1,-1,-1,-1,-1,-1,-1,-1,-1,-1,-1,-1,-1,-1,-1,-1,-1,-1,-1,-1,-1,-1,-1,-1,-1,-1,-1,-1,-1,-1,-1,-1,-1,-1,-1,-1,-1,-1,-1,-1,-1,-1,-1,-1,-1,-1,-1,-1,-1,-1,-1,-1,-1,-1,-1,-1,-1,-1,-1,-1,-1,-1,-1,-1,-1,-1,-1,-1,-1,-1,-1,-1,-1,-1,-1,-1,-1,-1,-1,-1,-1,-1,-1,-1,-1,-1,-1,-1,-1,-1,-1,-1,-0.30415894285714296,-0.2901629085714286,-0.26809672857142863,-1,-1,-1,-1,-1,-1,-1,-0.4031646666666668,-0.42080063636363646,-0.43142318441558447,-1,-1,-0.27827723333333343,-0.25747982857142865,-0.23930100634920645,-0.21752904000000006,-0.2015155142857144,-0.18585896190476195,-1,-1,-0.21937405714285724,-0.2551814507936509,-0.3052831376623378,-0.32323880952380957,-0.3585227057142858,-0.3714286285714287,-1,-0.2604969785714287,-0.24298304761904768,-0.2179965321428572,-0.19727570204081643,-0.1741173746031747,-0.15151631785714292,-0.12921223333333343,-0.14737134571428578,-0.18088754545454552,-0.21127688928571434,-0.25029335555555565,-0.2908950222222223,-0.32795206031746044,-1,-1,-0.26315855714285724,-0.2536187357142858,-0.22456061190476195,-0.1982955190476191,-0.16461144285714294,-0.11242335476190483,-0.028704408928571498,-0.08515237142857149,-0.1566860527472528,-0.21632160238095244,-0.28501843602484483,-0.3101099936507937,-0.3186030500000001,-1
check_4l_short_se,-1,-1,-1,-1,-1,-1,-1,-1,-1,-1,-1,-1,-1,-1,-1,-1,-1,-1,-1,-1,-1,-1,-1,-1,-1,-1,-1,-1,-1,-1,-1,-1,-1,-1,-1,-1,-1,-1,-1,-1,-1,-1,-1,-1,-1,-1,-1,-1,-1,-1,-1,-1,-1,-1,-1,-1,-1,-1,-1,-1,-1,-1,-1,-1,-1,-1,-1,-1,-1,-1,-1,-1,-1,-1,-1,-1,-1,-1,-1,-1,-1,-1,-1,-1,-1,-1,-1,-1,-1,-1,-1,-1,-1,-1,-1,-1,-1,-1,-1,-1,-1,-1,-1,-1,-1,-1,-1,-1,-1,-1,-1,-1,-1,-1,-1,-1,-1,-1,-1,-1,-1,-1,-1,-1,-1,-1,-1,-1,-1,-1,-1,-1,-1,-1,-1,-1,-1,-1,-1,-1,-1,-1,-1,-1,-1,-1,-1,-1,-1,-1,-1,-1,-1,-1,-1,-1,-1,-1,-1,-1,-1,-1,-1,-1,-1,-1,-1,-1,-1,-1,-1,-1,-1,-1,-1,-1,-0.33976194285714295,-0.3620873657142858,-0.38857830857142867,-0.389785361904762,-0.4571430000000002,-0.446685355844156,-0.41137393809523815,-0.3563100653061225,-0.3068421047619048,-1,-1,-1,-0.20000005714285715,-0.2505665942857144,-0.26395860000000004,-0.2741958467532468,-0.29368008857142863,-0.30541196326530623,-0.32221842142857154,-1,-0.40463542857142865,-0.36577428253968264,-0.3136913285714287,-0.4162713238095239,-0.47797937391304357,-0.3460052857142858,-0.3661785857142858,-0.17949830989010998,-0.17132721428571437,-0.20205968163265312,-0.23581194857142865,-0.27068109206349217,-0.28998471020408173,-0.2974388571428572,-1,-1,-0.36291835714285725,-0.3426049880952382,-0.3136315815126051,-0.2952455105590063,-0.22512707571428578,-0.044206817142857215,-0.08708178775510211,-0.19525602637362646,-0.23618064033613456,-0.2711192857142858,-0.2949065740259741,-0.3040433047619049,-1
check_6l_long_me,-1,-1,-1,-1,-1,-1,-1,-1,-1,-1,-1,-1,-1,-1,-1,-1,-1,-1,-1,-1,-1,-1,-1,-1,-1,-1,-1,-1,-1,-1,-1,-1,-1,-1,-1,-1,-1,-1,-1,-1,-1,-1,-1,-1,-1,-1,-1,-1,-1,-1,-1,-1,-1,-1,-1,-1,-1,-1,-1,-1,-1,-1,-1,-1,-1,-1,-1,-1,-1,-1,-1,-1,-1,-1,-1,-1,-1,-1,-1,-1,-1,-1,-1,-1,-1,-1,-1,-1,-1,-1,-1,-1,-1,-1,-1,-1,-1,-1,-1,-1,-1,-1,-1,-1,-1,-1,-1,-1,-1,-1,-1,-1,-1,-1,-1,-1,-1,-1,-1,-1,-1,-1,-0.7166669583333336,-0.718750166666667,-1,-1,-1,-1,-1,-1,-1,-1,-1,-1,-1,-1,-0.4783820937500001,-0.5750141027777779,-0.6226278083333334,-0.7316191000000001,-1,-1,-1,-1,-1,-1,-1,-1,-1,-1,-1,-0.4246316250000002,-0.4218745773809525,-0.484813638888889,-0.5980431250000001,-1,-1,-1,-1,-1,-1,-1,-1,-1,-1,-1,-0.4040468125000001,-0.3732672250000001,-0.33924523611111124,-0.3197397187500001,-0.3111846851851853,-0.2765502916666668,-1,-1,-0.25034737500000015,-0.2853010000000001,-0.2987496250000001,-0.35492583333333344,-0.3682121166666668,-0.3659727314814816,-1,-0.38257663541666675,-0.36004103125000003,-0.3182507430555557,-0.27774886111111124,-0.24112882500000007,-0.20757990277777788,-0.19079548611111127,-0.18413030208333342,-0.210901511904762,-0.24244240625000008,-0.25775467500000016,-0.2898506904761906,-0.3215520416666668,-0.33726810416666675,-1,-0.3747517916666667,-0.35874760416666684,-0.316036388888889,-0.2638056250000001,-0.21665529166666675,-0.1763766666666668,-0.14807833333333337,-0.1564324761904763,-0.1935490416666668,-0.22872547222222236,-0.2544200416666669,-0.2913998229166668,-0.3280823194444445,-0.34528513888888895,-1,-0.3683777208333334,-0.3422342968750001,-0.2949175437500001,-0.24409902500000008,-0.19040296527777786,-0.1291166568627452,-0.04673257230392167,-0.10835158928571437,-0.16653823284313735,-0.20882590972222234,-0.26671109325396836,-0.31515852916666676,-0.34879136607142863,-0.34274816666666674
check_6l_long_se,-1,-1,-1,-1,-1,-1,-1,-1,-1,-1,-1,-1,-1,-1,-1,-1,-1,-1,-1,-1,-1,-1,-1,-1,-1,-1,-1,-1,-1,-1,-1,-1,-1,-1,-1,-1,-1,-1,-1,-1,-1,-1,-1,-1,-1,-1,-1,-1,-1,-1,-1,-1,-1,-1,-1,-1,-1,-1,-1,-1,-1,-1,-1,-1,-1,-1,-1,-1,-1,-1,-1,-1,-1,-1,-1,-1,-1,-1,-1,-1,-1,-1,-1,-1,-1,-1,-1,-1,-1,-1,-1,-0.6818304416666668,-0.7111677708333335,-0.7351190833333336,-1,-1,-1,-1,-1,-1,-1,-1,-1,-1,-1,-1,-0.550382263888889,-0.6060573750000001,-0.7012115572916668,-0.7417534513888892,-0.7480113611111112,-1,-1,-1,-1,-1,-1,-1,-1,-1,-1,-0.4511709739583334,-0.47839618560606073,-0.5638702321428573,-0.6299887196969698,-0.7008851250000001,-0.7572835166666668,-1,-1,-1,-1,-1,-1,-1,-1,-1,-0.4052851979166668,-0.3821138680555557,-0.40741574537037045,-0.4566392234848486,-0.5450622596153847,-0.6669095208333334,-0.7443483690476191,-0.7886155000000001,-0.7899208333333336,-1,-1,-1,-1,-1,-1,-0.3800478214285715,-0.3571770833333334,-0.32482052976190484,-0.3348733958333334,-0.3728722613636365,-0.4790097972222223,-0.5948949548611112,-0.6971431875000001,-0.7735198750000001,-0.800625263888889,-1,-1,-1,-1,-1,-0.37665493055555566,-0.3449294861111112,-0.30578235416666677,-0.2821631562500002,-0.259788638888889,-0.2991040568181819,-0.3910676577380954,-0.47793934803921584,-0.5946947615740742,-0.6517345982142858,-0.6239101184210528,-0.6701096710526318,-0.6560862708333335,-0.6729967628205129,-1,-0.37296588541666675,-0.3524005312500001,-0.3166159444444446,-0.271216576388889,-0.23535816666666676,-0.20404876785714293,-0.2165446770833335,-0.24858513257575765,-0.3098759583333334,-0.3221119687500001,-0.35108325000000007,-0.3743047239583334,-0.4601370416666668,-0.4518634642857144,-1,-0.3729161875000001,-0.3528369375000001,-0.31800520833333346,-0.27766191666666673,-0.2332957291666668,-0.18573491666666678,-0.14702281250000016,-0.1630102857142858,-0.23234007500000012,-0.2728717187500001,-0.3172178229166668,-0.34918995833333344,-0.37622226041666673,-0.4190907361111112,-1,-0.3764733525641027,-0.34881076944444456,-0.30555768137254913,-0.25676312760416675,-0.19322849479166676,-0.14859503571428584,-0.07232444270833342,-0.10667794117647067,-0.2592200000000001,-0.3806769812500001,-0.3991666458333334,-0.401305563888889,-0.40218740972222233,-1
check_6l_short_me,-1,-1,-1,-1,-1,-1,-1,-1,-1,-1,-1,-1,-1,-1,-1,-1,-1,-1,-1,-1,-1,-1,-1,-1,-1,-1,-1,-1,-1,-1,-1,-1,-1,-1,-1,-1,-1,-1,-1,-1,-1,-1,-1,-1,-1,-1,-1,-1,-1,-1,-1,-1,-1,-1,-1,-1,-1,-1,-1,-1,-1,-1,-1,-1,-1,-1,-1,-1,-1,-1,-1,-1,-1,-1,-1,-1,-1,-1,-1,-1,-1,-1,-1,-1,-1,-1,-1,-1,-1,-1,-1,-1,-1,-1,-1,-1,-1,-1,-1,-1,-1,-1,-1,-1,-1,-1,-1,-1,-1,-1,-1,-1,-1,-1,-1,-1,-1,-1,-1,-1,-1,-1,-1,-1,-1,-1,-1,-1,-1,-1,-1,-1,-1,-1,-1,-1,-0.43999998000000007,-1,-1,-1,-1,-1,-1,-1,-1,-1,-1,-1,-1,-1,-0.39600012000000007,-0.40764966000000014,-0.4006499666666668,-0.3683638100000001,-1,-1,-1,-1,-1,-1,-1,-1,-1,-0.4506666400000001,-0.44800004000000015,-1,-0.36156618000000007,-0.33419892800000006,-0.3162101333333334,-0.2897473500000001,-0.5825007288888889,-0.4454805600000001,-1,-1,-1,-0.2987808700000001,-0.3269302640000001,-0.3768493911111112,-0.35981096444444455,-0.34757145714285725,-1,-0.35331566666666675,-0.32093337000000005,-0.2865908933333334,-0.25174941000000006,-0.3369888350000001,-0.5150125946666668,-0.6400114240000001,-0.42484738315789483,-0.2268705022222223,-0.22386046285714295,-0.23443190000000014,-0.24155373000000013,-0.2675723200000001,-0.2828533700000001,-1,-0.3435380200000001,-0.32406882000000004,-0.29684916000000006,-0.25357286000000007,-0.2028164160000001,-0.1584760880000001,-0.12899136800000005,-0.13925776800000006,-0.16983777333333347,-0.19678174000000015,-0.2156612000000001,-0.23677716000000004,-0.2528865000000001,-0.26400088,-1,-0.3383988600000001,-0.3011081111111112,-0.24466324842105272,-0.18859716470588245,-0.14338061066666677,-0.10151333882352953,-0.04163762714285725,-0.08738598545454554,-0.1434641100000001,-0.17742266315789484,-0.21704883157894747,-0.2387974300000001,-0.2550129653333334,-0.2633706133333335
check_6l_short_se,-1,-1,-1,-1,-1,-1,-1,-1,-1,-1,-1,-1,-1,-1,-1,-1,-1,-1,-1,-1,-1,-1,-1,-1,-1,-1,-1,-1,-1,-1,-1,-1,-1,-1,-1,-1,-1,-1,-1,-1,-1,-1,-1,-1,-1,-1,-1,-1,-1,-1,-1,-1,-1,-1,-1,-1,-1,-1,-1,-1,-1,-1,-1,-1,-1,-1,-1,-1,-1,-1,-1,-1,-1,-1,-1,-1,-0.7265604400000001,-0.7422982400000002,-0.7558357066666668,-0.7855557000000002,-1,-1,-1,-1,-1,-1,-1,-1,-1,-1,-1,-0.6478044400000001,-0.6982071600000002,-0.7204058333333334,-0.7552138800000001,-0.7529778200000001,-0.77359465,-0.7884766800000003,-1,-1,-1,-1,-1,-1,-1,-1,-0.5812823280000001,-0.58822196,-0.615921236,-0.6589602350000001,-0.6695698628571429,-0.7132191244444446,-0.7501301,-0.7624678800000001,-0.7840000000000003,-1,-1,-1,-1,-1,-1,-0.5293740320000001,-0.5072674720000001,-0.50407567,-0.5218250000000001,-0.5620372571428572,-0.6120575644444446,-0.642240582857143,-0.712017608888889,-0.7616021200000002,-0.7991729266666668,-0.8020812333333335,-0.7965201733333336,-0.8146356000000001,-0.8637779600000002,-1,-0.5078298400000001,-0.47862997000000007,-0.4376697257142858,-0.41277652666666675,-0.45671044888888895,-0.4840601333333334,-0.5510563257142858,-0.6079454436363637,-0.6691609350000001,-0.703893815,-0.7296138150000001,-0.7392946160000001,-0.7809271485714288,-0.8154654742857145,-1,-1,-0.48477009000000015,-0.4164052960000001,-0.36175606666666676,-0.3495862480000001,-0.3677346088888889,-0.41854006666666677,-0.4749307511111112,-0.5325237640000001,-0.5629391155555556,-0.6045411672727273,-0.646062545,-0.6947442355555555,-0.7514894285714288,-1,-1,-0.47721441000000014,-0.4274795600000001,-0.35049299333333345,-0.2959455440000001,-0.2653636100000001,-0.2898714457142858,-0.33599932666666676,-0.36817086222222234,-0.4063491080000001,-0.4748824240000001,-0.5359417257142859,-0.6164473699999999,-0.6708640640000002,-1,-1,-0.48000012000000014,-0.4482157800000001,-0.3865830285714287,-0.3028537885714287,-0.23028802000000007,-0.1987158800000001,-0.2111261900000001,-0.2627842800000001,-0.3283346685714286,-0.4049594000000001,-0.4773798450000001,-0.562054,-0.5966096133333333,-1,-1,-1,-0.4694834000000001,-0.4323724800000001,-0.36164840000000004,-0.26557113777777785,-0.15152187000000011,-0.15211465333333343,-0.28573797142857155,-0.3610430514285715,-0.4225128900000001,-0.49036958666666686,-0.5398112400000001,-1,-1,-1,-1,-1,-0.47068199111111125,-0.4253649576470589,-0.22029592600000011,-0.06370427586206907,-0.09498585200000008,-0.22870344500000006,-0.4339545700000001,-0.46628286000000013,-0.521479792,-1,-1
check_8l_long_me,-1,-1,-1,-1,-1,-1,-1,-1,-1,-1,-1,-1,-1,-1,-1,-1,-1,-1,-1,-1,-1,-1,-1,-1,-1,-1,-1,-1,-1,-1,-1,-1,-1,-1,-1,-1,-0.6012865833333336,-0.5391705000000001,-0.49802556349206367,-0.5427042361111114,-1,-1,-1,-1,-1,-1,-1,-1,-1,-0.779606527777778,-0.6999918492063494,-0.6138534583333335,-0.5176880925925927,-0.46021961111111126,-0.5094879027777779,-0.6159776825396827,-0.6906483055555557,-0.7544446111111113,-1,-1,-1,-1,-1,-0.8711573333333336,-0.7958504074074075,-0.6960046805555556,-0.5954545740740743,-0.4787848444444446,-0.4366873666666667,-0.5104571666666669,-0.5850944444444446,-0.665185814814815,-0.7657108611111112,-0.8194444444444445,-1,-1,-1,-1,-0.8389161481481485,-0.7594210925925927,-0.6785513703703706,-0.5745065694444447,-0.45439229166666684,-0.41487991666666674,-0.5029806666666669,-0.586676962962963,-0.6645771481481484,-0.752830013888889,-0.8240739444444445,-1,-1,-1,-1,-0.8312475000000001,-0.7595430000000002,-0.6720706851851854,-0.5535992333333335,-0.4198312000000001,-0.3865060972222223,-0.48224798611111125,-0.5923724861111113,-0.6627774583333336,-0.7381294629629631,-0.822696388888889,-1,-1,-1,-1,-0.816118477777778,-0.752498638888889,-0.6451049206349208,-0.4879595000000001,-0.3828664027777778,-0.3529444861111112,-0.45923159523809537,-0.5575963888888891,-0.6598758333333336,-0.7502589888888891,-0.8132048666666668,-1,-1,-1,-1,-0.7923793333333335,-0.7297247037037038,-0.6116476333333335,-0.48752376851851864,-0.34459526666666673,-0.32487442222222246,-0.40991850000000013,-0.5671395444444446,-0.6579021296296297,-0.744255763888889,-0.7865483055555558,-1,-1,-1,-1,-0.7741490555555556,-0.6993264814814816,-0.567736588888889,-0.4197927444444446,-0.2957703111111113,-0.3092722777777779,-0.3964916111111112,-0.5514000555555557,-0.6538154444444446,-0.7319789444444446,-0.7762644444444446,-1,-1,-1,-1,-0.7649813703703705,-0.6766811388888889,-0.5386829861111113,-0.34830617777777795,-0.2704870555555557,-0.2731709583333335,-0.3753411777777779,-0.5131590000000001,-0.6344024305555557,-0.7278655740740742,-0.7766633333333335,-1,-1,-1,-1,-0.733666763888889,-0.6500667685185186,-0.5041987037037038,-0.3266613240740742,-0.23226477777777793,-0.24970869444444457,-0.3370810833333335,-0.5164527333333334,-0.6348946296296298,-0.723768763888889,-0.7650325555555556,-1,-1,-1,-1,-0.6525795666666668,-0.5411198981481483,-0.42683900617283965,-0.2534397430555557,-0.1938160555555557,-0.21948291666666678,-0.34191401851851866,-0.499450527777778,-0.6223264305555556,-0.7243337685185187,-0.7052759722222223,-0.5899665694444446,-1,-1,-1,-0.5419754629629632,-0.43725569444444456,-0.29273377777777787,-0.17990433333333347,-0.194759088888889,-0.2838085925925928,-0.35928517592592607,-0.5422129753086421,-0.6948660555555557,-0.6181607222222224,-0.5829863888888892,-0.4869745000000001,-1,-1,-0.278273527777778,-0.34092062418300667,-0.29292843209876557,-0.26351138888888903,-0.29202013888888906,-0.16108342592592603,-0.37345629012345694,-0.4853571825396827,-0.47233042690058497,-0.33651007602339195,-0.3369994409722223,-0.4999138333333335,-0.2786899555555557
check_8l_long_se,-1,-1,-1,-1,-1,-1,-1,-1,-1,-1,-1,-1,-1,-1,-1,-1,-1,-1,-1,-1,-1,-1,-1,-1,-1,-1,-1,-1,-1,-1,-1,-1,-1,-1,-1,-1,-1,-1,-1,-0.5755500277777779,-0.5831183333333334,-1,-1,-1,-1,-1,-1,-1,-1,-1,-1,-0.6702382777777778,-0.6212736296296297,-0.558221523809524,-0.5308863611111112,-0.5438169074074075,-0.6156658730158732,-0.7067130370370371,-1,-1,-1,-1,-1,-1,-1,-0.7919445370370372,-0.6934485925925928,-0.5824479111111113,-0.5118589444444446,-0.4910300370370371,-0.5065806111111112,-0.6257516805555556,-0.7612958650793652,-0.8236115,-1,-1,-1,-1,-1,-0.8970763611111114,-0.8075588194444446,-0.6832254814814817,-0.5535976111111113,-0.4674329444444446,-0.4560284814814817,-0.5244056481481483,-0.632326027777778,-0.7666352444444445,-0.8453703333333333,-1,-1,-1,-1,-0.9621298611111113,-0.8876833555555557,-0.763697314814815,-0.6298799814814816,-0.5016717222222223,-0.4409276481481483,-0.438174962962963,-0.5373921333333335,-0.6525971944444445,-0.8278588194444445,-0.8555556111111116,-1,-1,-1,-1,-0.9500515555555556,-0.8777892685185186,-0.7352798777777779,-0.5884124907407409,-0.4718391111111112,-0.39592700000000014,-0.40398455555555574,-0.5186603125000001,-0.6942771428571429,-0.8230823730158732,-1,-1,-1,-1,-1,-0.8985981805555557,-0.8256819111111112,-0.6964281904761906,-0.5437291203703706,-0.42159363333333344,-0.3569241111111113,-0.3904491296296298,-0.5265985925925927,-0.6774436333333335,-0.8225356111111113,-1,-1,-1,-1,-1,-0.8708055277777779,-0.7798625555555557,-0.6201772685185186,-0.5096974166666669,-0.37977226984126994,-0.3245707444444446,-0.3707118333333334,-0.532825488888889,-0.6916697083333335,-0.8106483055555557,-1,-1,-1,-1,-0.8382717500000001,-0.8191670555555557,-0.7096209907407409,-0.5941930444444445,-0.44354294444444453,-0.3395117222222224,-0.2879588333333335,-0.3709901527777779,-0.5345631444444445,-0.6927849166666669,-0.7799076111111114,-1,-1,-1,-1,-0.787163888888889,-0.7425206000000002,-0.6286822986111114,-0.5032204523809525,-0.3640123086419755,-0.27513755555555575,-0.27146738888888905,-0.37722498412698424,-0.5448919444444446,-0.6926639722222223,-0.7748702777777778,-1,-1,-1,-1,-0.6773046481481484,-0.6269267777777779,-0.5055473703703706,-0.38069552777777793,-0.265946888888889,-0.22155094444444456,-0.24179702777777795,-0.2984821388888891,-0.47970793055555566,-0.6969083095238097,-0.7535719722222225,-1,-1,-1,-0.5979939444444446,-0.5760750222222224,-0.4932191790123458,-0.39003119444444456,-0.2969598240740742,-0.21963585185185205,-0.19531511111111127,-0.21128515277777782,-0.3447676358024693,-0.5351608402777779,-0.674383888888889,-0.734524388888889,-1,-1,-1,-0.47458291025641036,-0.4391562074074075,-0.3593816759259261,-0.30117712698412713,-0.2524006111111113,-0.20957203174603195,-0.08551119777777792,-0.1578434907407409,-0.3061802824074076,-0.47471033333333346,-0.6209955030864199,-0.6761953174603176,-1,-1
check_8l_short_me,-1,-1,-1,-1,-1,-1,-1,-1,-1,-1,-1,-1,-1,-1,-1,-1,-1,-1,-1,-1,-1,-1,-1,-1,-1,-1,-1,-1,-1,-1,-1,-1,-1,-1,-1,-1,-1,-1,-1,-1,-1,-1,-1,-1,-1,-1,-1,-1,-1,-1,-1,-1,-1,-1,-1,-1,-1,-1,-1,-1,-1,-1,-1,-1,-1,-1,-1,-1,-1,-1,-1,-1,-1,-1,-1,-1,-1,-1,-1,-1,-1,-1,-1,-1,-1,-1,-1,-1,-1,-1,-1,-1,-1,-1,-1,-1,-1,-1,-1,-1,-1,-1,-1,-1,-1,-1,-1,-1,-1,-1,-1,-1,-1,-1,-1,-1,-1,-1,-1,-1,-1,-1,-1,-1,-1,-1,-1,-1,-1,-1,-1,-1,-1,-1,-1,-1,-1,-1,-1,-1,-1,-1,-1,-1,-1,-1,-1,-1,-1,-1,-1,-1,-1,-1,-1,-1,-1,-1,-1,-1,-1,-1,-1,-0.50800012,-0.45112112666666676,-1,-0.5850911333333334,-0.6895859171428572,-0.652741992,-0.7498891675000001,-0.7781675511111111,-0.7680686200000001,-0.7518746676923078,-0.6699144100000001,-0.6700963183333334,-0.5808946872727274,-0.5448840275000001,-0.4634263733333334,-0.3280136350000001,-0.2908888400000001,-1,-0.32350289714285724,-0.3400228000000001,-0.3147115800000001,-0.3010256400000001,-0.3976170600000001,-0.41805807777777787,-0.3825970072727274,-0.3654255600000001,-0.23340634181818193,-0.2063392100000001,-0.20549633000000012,-0.1941226400000001,-0.19775976000000015,-0.2138495600000001,-0.1329763066666668,-0.1384644600000001,-0.11811156000000006,-0.12875876000000006,-0.13031165600000008,-0.1297651600000001,-0.1293467100000001,-0.12577753333333344,-0.12952209333333342,-0.14860571000000006,-0.15498434000000005,-0.15717552000000012,-0.1599551733333334,-0.1616201600000001,-0.1652847150000001,-0.09672244000000019,-0.06838503200000008,-0.08804300000000005,-0.07773413600000012,-0.10106524000000013,-0.11103679333333345,-0.05255481333333344,-0.04506077882352952,-0.05105775058823541,-0.12464605333333341,-0.13425772400000008,-0.1340341933333334,-0.13772698000000008,-0.13841700000000012,-0.11289054000000014
check_8l_short_se,-1,-1,-1,-1,-1,-1,-1,-1,-1,-1,-1,-1,-1,-1,-1,-1,-1,-1,-1,-1,-1,-1,-1,-1,-1,-1,-1,-1,-1,-1,-1,-1,-1,-1,-1,-1,-1,-1,-1,-1,-1,-1,-1,-1,-1,-1,-1,-1,-1,-1,-1,-1,-1,-1,-1,-1,-1,-1,-1,-1,-1,-1,-1,-1,-1,-1,-1,-1,-1,-1,-1,-1,-1,-1,-1,-1,-1,-1,-1,-1,-1,-1,-1,-1,-1,-1,-1,-1,-1,-1,-1,-1,-1,-1,-1,-1,-1,-1,-1,-1,-1,-1,-1,-1,-1,-1,-1,-1,-1,-1,-1,-1,-1,-1,-1,-1,-1,-1,-1,-1,-1,-0.47950016000000006,-0.7846472500000001,-0.9607804,-0.9476665200000003,-1,-1,-1,-1,-1,-1,-1,-1,-1,-1,-1,-0.4085511900000001,-0.4555400400000001,-0.6294598857142858,-0.8570428840000001,-0.8982405866666667,-0.9274777500000001,-0.9555520080000001,-0.9437737400000001,-1,-1,-1,-1,-1,-1,-1,-0.34706506400000003,-0.3324042400000001,-0.34753776666666675,-0.34960677333333345,-0.6420421333333335,-0.7773620727272729,-0.8113263850000001,-0.8536650250000002,-0.9416225911111112,-0.9468002533333334,-0.9410667800000001,-1,-1,-1,-1,-0.30081334000000004,-0.2863349733333334,-0.2791044800000001,-0.2684245542857144,-0.2733632628571429,-0.40633266181818184,-0.5313305833333334,-0.6297645753846155,-0.7484005600000001,-0.8368447280000001,-0.9054803600000001,-0.9285545933333333,-0.9712589800000001,-1,-1,-0.28825012000000005,-0.27679924000000006,-0.25032036000000013,-0.2266580400000001,-0.21510729333333348,-0.20486782000000014,-0.22582971200000013,-0.30354188000000004,-0.42721993555555565,-0.5504367044444445,-0.7006010953846155,-0.7454841927272728,-0.8252700363636365,-0.8602258533333332,-1,-0.28110460000000015,-0.2735140133333334,-0.24389020000000017,-0.21647552000000003,-0.19266894666666676,-0.16207982666666676,-0.15403030666666676,-0.15237038000000014,-0.18281242666666675,-0.25502905600000003,-0.32420086666666675,-0.4191733388235295,-0.5479795700000001,-1,-1,-0.2672105066666668,-0.24949115333333347,-0.23465696571428582,-0.2027846250000001,-0.1717501828571429,-0.05914679142857152,-0.053669030000000076,-0.04581268250000009,-0.10771536571428585,-0.08830537000000008,-0.10143795000000008,-0.14300798181818192,-0.1641042257142858,-1
cotnap_12l_long_me,-1,-1,-1,-1,-1,-1,-0.6164891333333337,-0.5400921111111112,-0.557808488888889,-0.613818555555556,-0.6637877333333336,-0.7283252444444446,-0.7876223333333338,-0.8697811111111112,-0.8943585000000005,-1,-1,-1,-1,-1,-0.8249770000000003,-1,-0.5362973333333336,-0.5477278888888895,-1,-0.6666670000000005,-1,-1,-1,-1,-1,-1,-1,-1,-0.9313951666666669,-0.7876068888888893,-0.5931766666666669,-0.4938505555555559,-0.5094438333333337,-0.5631257407407408,-0.6421838888888892,-0.7036241666666672,-0.7760221851851854,-0.8568368888888891,-0.8888906666666672,-1,-1,-1,-1.1985600370370375,-0.9991899444444448,-0.777778,-1,-1,-1,-0.5555563333333334,-1,-1,-0.7777783333333338,-1,-0.8888883333333338,-1,-1,-1.3245171666666666,-1.1980234074074079,-0.9544310000000003,-0.7369506111111114,-0.5501721111111113,-0.47033855555555565,-0.48043305555555604,-0.5451305555555558,-0.6294245,-0.7026332222222225,-0.7682462962962966,-0.8283547777777783,-0.8665094444444448,-1,-1,-1.2652781111111115,-1.145092166666667,-0.9076862777777778,-0.728365027777778,-0.5305003703703706,-0.4512448888888891,-0.45803466666666703,-0.5120934444444447,-0.5704053333333335,-0.6698625185185187,-0.7407201111111114,-0.7946766666666669,-0.8675154444444447,-1,-1,-1.2534866111111114,-1,-0.9888890000000002,-1,-1,-0.4315551111111112,-0.43248611111111124,-1,-0.5555556666666671,-0.6539682222222226,-1,-1,-1,-1,-1,-1.2443098148148153,-1.0923509444444446,-0.901587638888889,-0.6909236666666668,-0.5184518148148151,-0.4240818333333337,-0.42869025925925963,-0.4889835,-0.5497391666666669,-0.6444560740740746,-0.7250008333333335,-0.7845955555555559,-0.8498628333333336,-1,-1,-1.2266668888888894,-1.1137486111111112,-1,-0.6814823333333337,-0.5086957777777781,-1,-1,-0.4414352222222223,-0.5555556666666671,-1,-0.6673976111111115,-0.773413388888889,-1,-1,-1,-1.213715962962963,-1.0521105000000004,-0.8802114444444448,-0.6693670370370374,-0.45780066666666686,-0.38897188888888934,-0.3895426111111112,-0.4407915185185187,-0.5225650000000002,-0.5993617222222226,-0.6794240000000005,-0.7572703333333338,-0.8128218888888891,-1,-1.2222223333333337,-1.1553192222222224,-1.0259780833333336,-0.8329219629629632,-0.6510827407407411,-0.4424718888888889,-0.3512295555555557,-0.36677016666666684,-0.42097561111111137,-0.503226703703704,-0.603578555555556,-0.6904295000000003,-0.7538718888888895,-0.7924936666666672,-1,-1,-1.1005752222222225,-0.9875002222222226,-0.8151391111111113,-0.535714555555556,-0.43290566666666674,-0.31959955555555564,-0.35765516666666686,-0.43862259259259295,-0.5452382962962967,-0.6419162222222223,-0.7374918518518521,-0.8031601481481484,-1,-1,-1.1388897777777784,-1.095558592592593,-0.9655491111111114,-0.7763223888888892,-0.5910638518518522,-0.43408811111111145,-0.32391522222222235,-0.3114888888888889,-1,-1,-1,-1,-1,-1,-1,-1.0967320000000003,-1,-1.0000003333333334,-0.7555556666666667,-0.5715281666666672,-0.45820125925925964,-1,-1,-1,-1,-1,-1,-1,-1,-1,-1,-1.0575589444444446,-0.9488680444444448,-0.8139014444444448,-0.7239935925925931,0.0805444814814811,-0.0446336402116405,-0.10717296825396855,-1,-1,-1,-1,-1,-1
cotnap_12l_long_se,-1,-1,-1,-1,-1,-1,-1,-1,-1,-1,-1,-1,-1,-1,-1,-1,-1,-1,-1,-1,-0.7944446296296298,-0.6989072222222223,-0.6311787222222223,-0.583258666666667,-0.6174603333333337,-1,-1,-1,-1,-1,-1,-1,-1.1055561666666671,-1.0488695000000006,-0.8967877222222222,-0.7909214444444448,-0.6635655000000003,-0.5798882222222228,-0.5538618518518522,-0.6814187777777782,-0.780555555555556,-1,-1,-1,-1,-1,-1,-1.0996182222222226,-1.0000003333333334,-0.9352191111111114,-0.7979803333333337,-0.6645238333333338,-0.5474361666666668,-0.5466189444444449,-0.6666670000000005,-0.9409877037037039,-1,-1,-1,-1,-1,-1.0996430000000001,-1.071978388888889,-0.9773677777777781,-0.8459772222222224,-0.7047945185185188,-0.6071105000000003,-0.5331305555555561,-0.5092570555555559,-0.6297865000000004,-0.8826191388888892,-1.084279925925926,-1.2087407777777779,-1,-1,-1,-1.0997361111111117,-1.0477726111111116,-0.9608496666666667,-0.8369542592592594,-0.6945312592592595,-0.5930166111111114,-0.5150484444444445,-0.4901568888888893,-0.6259500833333338,-0.8561331111111113,-1.0400637222222224,-1.2326002592592593,-1,-1,-1,-1,-0.9888890000000002,-1,-0.8777780000000001,-1,-0.5566672222222223,-1,-1,-1,-0.7777776666666668,-1,-1.2222223333333337,-1,-1,-1,-1.0906570000000004,-1.0181988148148151,-0.9262769444444449,-0.8220170740740744,-0.6878485925925929,-0.5483366296296298,-0.4750423333333334,-0.4778218888888892,-0.6231243611111115,-0.870619888888889,-1.0690995185185188,-1.2103103333333336,-1.2666675555555555,-1,-1,-1,-1.0000003333333334,-0.8911115555555559,-1,-0.6703707777777778,-0.5659083333333333,-1,-1,-0.7042215555555559,-1,-1,-1.2111113333333337,-1.264957888888889,-1,-1,-1.0753296666666672,-0.9988696111111112,-0.8830950740740745,-0.7732670555555559,-0.6542515555555558,-0.5015808333333335,-0.4414265185185188,-0.46619622222222235,-0.5886085185185188,-0.873158166666667,-1.0812812962962968,-1.2172539629629633,-1,-1,-1,-1.028803888888889,-0.9360484444444447,-0.8550115000000004,-0.7241351111111115,-0.6042443333333336,-0.4796798888888892,-0.42114288888888907,-0.43801703703703726,-0.617690555555556,-0.8704315555555558,-1.0916684814814819,-1.2220876666666671,-1,-1,-1,-1,-0.9803234444444445,-0.8214391666666669,-0.7059830000000005,-0.5355562222222228,-0.4455562222222228,-0.42760933333333356,-0.43022233333333365,-1,-1,-1,-1,-1,-1,-1,-0.9975762222222224,-0.907080851851852,-0.7726772592592596,-0.6686562777777778,-0.563601777777778,-0.4461208333333337,-0.3494603333333334,-0.41359025925925963,-0.5809691851851855,-0.8310682444444446,-1.0997695185185188,-1.243549851851852,-1,-1,-1,-1.0017344444444447,-1,-1,-0.6461990000000004,-0.5945244444444449,-0.43534630555555576,-0.3203521388888893,-0.38004955555555575,-0.552237166666667,-0.7592597777777778,-1.0541223333333338,-1.2763893333333338,-1,-1,-1,-0.9775527222222226,-0.8902649074074077,-0.7723942888888892,-0.6862045000000003,-0.5420876666666667,0.13414099999999998,-0.05498349707602362,-0.07723011111111142,-0.6812603333333334,-0.8636204761904764,-1.123216351851852,-1.216459592592593,-1,-1
cotnap_12l_short_me,-1,-1,-1,-1,-1,-1,-1,-1,-1,-1,-1,-1,-1,-1,-1,-1,-1,-1,-1,-1,-1,-1,-1,-1,-1,-1,-1,-1,-1,-1,-1,-1,-1,-1,-1,-1,-1,-1,-1,-1,-1,-1,-1,-1,-1,-1,-1,-1,-1,-1,-1,-1,-1,-1,-1,-1,-1,-1,-1,-1,-1,-1,-1,-1,-1,-1,-1,-1,-1,-1,-1,-1,-1,-1,-1,-1,-1,-1,-1,-1,-1,-1,-1,-1,-1,-1,-1,-1,-1,-1,-1,-1,-1,-1,-1,-1,-1,-1,-1,-1,-1,-1,-1,-1,-1,-1,-1,-1,-1,-1,-1,-1,-1,-1,-1,-1,-1,-1,-1,-1,-0.8333903900000001,-0.8800002,-0.83282772,-0.8482425,-0.88138916,-0.8872550533333335,-1,-0.88024184,-1,-0.87807188,-0.8841333200000001,-0.9013334400000002,-1,-1,-1,-0.728290622857143,-0.6223107466666666,-0.6908037,-0.7267501200000002,-0.7022350066666668,-0.7330529133333333,-0.7860001000000001,-0.7766674560000001,-0.7600000800000002,-0.77693142,-0.7944593440000001,-0.818523942857143,-1,-1,-1,-1,-0.48537900000000006,-0.49582428000000006,-1,-0.49892845142857156,-0.5135193050000001,-0.4760000400000002,-0.5855157333333334,-0.5063112266666668,-0.5936782666666668,-0.6137739257142858,-0.6688889066666669,-0.5703393000000001,-1,-1,-1,-0.34170014000000004,-0.30509338000000014,-0.36322252,-0.27874970000000004,-0.25923514666666675,-1,-0.25418196000000015,-0.258,-1,-1,-1,-1,-1,-1,-1,-0.16422464000000003,-0.16797947000000008,-1,-0.1681524800000001,-0.17085594000000015,-0.24000012000000015,-0.19445247000000015,-0.1600000800000001,-0.19278797600000003,-0.20849580000000012,-0.28400000000000003,-0.22816126400000009,-0.22243472000000009,-0.23811492571428577,-1,-1,-0.11819794000000017,-1,-0.11617008000000018,-0.11741284000000007,-0.12000012000000004,-0.11214326000000008,-1,-0.11593190000000009,-0.12750767000000007,-1,-0.13194281333333344,-0.13700008000000008,-0.15328648666666675,-1,-0.12190918000000006,-0.10711520000000019,-0.10000012000000003,-0.09805473333333341,-0.09841098666666677,-0.03128887200000008,-0.04068612666666673,-0.02551697000000011,-0.06415798857142867,-0.08382484000000001,-1,-0.10528188000000009,-0.11953852000000009,-0.12127680000000013
cotnap_12l_short_se,-1,-1,-1,-1,-1,-1,-1,-1,-1,-1,-1,-1,-1,-1,-0.8610010477419356,-1,-1,-1,-1,-1,-1,-1,-1,-1,-1,-1,-1,-1,-1,-0.8002473942857143,-1,-1,-1,-1,-1,-1,-1,-1,-1,-1,-1,-1,-1,-1,-1,-1,-1,-1,-1,-1,-1,-1,-1,-1,-1,-1,-1,-1,-1,-1,-1,-1,-1,-1,-1,-1,-1,-1,-1,-1,-1,-1,-1,-1,-1,-1,-1,-1,-1,-1,-1,-1,-1,-1,-1,-1,-1,-1,-1,-1,-1,-1,-1,-1,-1,-1,-1,-1,-1,-1,-1,-1,-1,-1,-1,-1,-1,-1,-1,-1,-1,-1,-1,-1,-1,-1,-1,-1,-1,-1,-1,-1,-1,-1,-0.8295000400000001,-0.8491643600000001,-0.8410433200000003,-0.8576298800000002,-1,-1,-1,-1,-1,-1,-1,-1,-1,-1,-0.7599602599999999,-0.6121464560000001,-0.728718296,-1,-0.6393193400000001,-1,-0.7302038000000001,-0.7346429200000001,-1,-0.60657152,-0.6160002800000002,-0.65657196,-1,-1,-1,-0.7373414133333335,-0.4723634355555556,-0.4459443850000001,-0.37535890000000005,-0.48758606000000015,-0.5311700000000001,-0.4859136950000001,-0.4895514666666668,-0.5531334800000002,-0.5256299,-0.4229803800000001,-0.5277334480000001,-1,-1,-0.30511140000000014,-1,-0.3907298320000001,-0.26963199000000004,-0.29629550000000004,-0.2641199428571429,-1,-0.2732919650000001,-0.27505701000000005,-0.4070769200000002,-0.2428615800000001,-0.2697836914285715,-0.2642584080000001,-1,-0.12585160000000006,-0.16163912000000008,-1,-0.1787785100000001,-0.15428242000000003,-1,-0.14007592000000013,-1,-0.1451940100000001,-0.14629701000000006,-1,-0.15278148000000014,-1,-0.1220147800000001,-1,-0.11455658000000013,-0.12268844000000001,-1,-0.1122160533333334,-0.14213838,-1,-0.1520000600000001,-0.11059140000000012,-0.11400006000000007,-0.11533336000000005,-1,-0.09905306000000003,-0.11466668000000002,-0.10039206666666674,-1,-0.029226510000000094,-0.04578426000000013,-0.06800004000000004,-0.004405106666666751,-0.023083310000000135,0.017795759999999827,-0.03231554666666677,-0.08280012000000014,-0.019702173333333423,-0.023487960000000085,-1,-0.004406300000000085,-1,-0.0032625000000001125
cotnap_16l_long_me,-1,-1,-1,-1,-1,-1,-1,-1,-1,-1,-1,-1,-1,-1,-1,-1,-1,-1,-1,-1,-1,-1,-1,-1,-1,-1,-1,-1,-1,-1,-0.47024738461538496,-0.4450073076923078,-0.4482885641025643,-0.46301811538461557,-0.46907223076923094,-0.47121250000000003,-0.4696980769230771,-0.45951417948717954,-0.4687110384615385,-0.471184076923077,-0.4720095000000003,-1,-0.47330323076923075,-0.4782238461538464,-0.48931626923076943,-0.46153892307692324,-0.4533329230769233,-1,-1,-0.44826400000000033,-0.451750230769231,-0.44971515384615385,-1,-0.4479916923076925,-0.449161307692308,-0.45053469230769266,-1,-0.4523090769230772,-0.4576925769230772,-0.4692308461538465,-0.4440502307692307,-0.4273237692307692,-0.42419546153846155,-1,-0.4358313846153846,-0.4405633076923077,-0.4363011538461538,-0.43090900000000026,-0.4282966923076926,-0.4369964615384619,-0.4373176153846154,-1,-0.43465238461538475,-0.4379457692307695,-0.447803,-0.4206824615384617,-0.410349307692308,-0.40959846153846163,-1,-0.4199146923076926,-0.4160633076923078,-0.4099726153846154,-0.3967524615384617,-0.39634838461538463,-0.4096489230769231,-0.4135395384615385,-1,-0.4136658461538464,-0.41602292307692307,-0.44937494871794903,-0.40657907692307693,-0.3906779230769234,-0.3800422820512821,-1,-0.40311830769230766,-0.39974492307692316,-0.38152676923076945,-0.3679156153846153,-0.3683892307692308,-0.3804749615384617,-0.38145811538461566,-1,-0.3814049743589746,-0.3885693076923079,-0.41384669230769255,-0.3884620000000001,-0.3749504230769232,-0.3610761538461541,-0.37790534615384636,-0.3862772307692309,-0.38064050000000016,-0.3620670000000001,-0.35114492307692324,-0.3497666923076924,-0.35339684615384637,-0.3551484615384617,-1,-0.3605826153846154,-0.36392415384615384,-0.37961069230769245,-0.38461361538461536,-0.3541336153846155,-0.3359557692307694,-1,-0.3543378461538464,-0.35908284615384645,-0.34763215384615404,-0.3307062307692309,-0.32328292307692336,-0.32596146153846156,-0.33143592307692343,-1,-0.3325771538461539,-0.33952592307692336,-0.3565104615384618,-0.37544938461538474,-0.356852153846154,-0.31048969230769247,-1,-0.3269525384615386,-0.3388232307692311,-0.32782461538461555,-0.3146471538461541,-0.30232088461538476,-0.30162111538461556,-0.31690223076923074,-1,-0.31353761538461555,-0.31932361538461546,-0.32790023076923086,-0.3713341538461541,-0.3263273846153846,-0.2893596410256412,-0.30000000000000027,-0.31172192307692326,-0.3170331538461541,-0.31295023076923095,-0.29834674358974383,-0.2804826923076926,-0.26893546153846176,-0.28571723076923095,-0.30000000000000027,-0.2911434615384618,-0.3095490769230773,-0.3197527307692309,-1,-0.318415307692308,-0.2944058461538463,-0.2868507692307693,-1,-0.29666215384615385,-0.2949521538461542,-0.24073123076923109,-0.24177500000000005,-1,-1,-1,-1,-0.2972104615384616,-0.2999997692307692,-0.3282892692307695,-0.2835709230769231,-0.23798869230769246,-0.21924657692307714,-0.24081523076923084,-0.26872930769230796,-0.2696259230769233,-0.2172847692307693,-0.21670161538461538,-0.2391350384615386,-0.24437946153846185,-0.23276161538461562,-0.25808161538461566,-0.2769859230769231,-0.29324565384615403,-0.2864103846153846,-0.2523075384615385,-0.21284619230769228,-1,-0.21030473076923106,-0.23829338461538493,-0.22925603846153875,-0.2021270769230771,-0.20307615384615407,-0.21830038461538473,-0.2204821538461538,-0.22262492307692333,-0.2365567692307694,-0.24800661538461566,-0.27022426923076937,-0.24393107692307708,-0.23689884615384627,-0.26564353846153865,-0.2748718461538462,-0.22330253846153858,-0.234695153846154,-0.08673274556213038,-0.07239102097902109,-0.0718524807692309,-0.18696161538461561,-0.21935465384615394,-0.2321268076923077,-0.22882459615384637,-0.24156061538461554,-0.2429812564102565
cotnap_16l_long_se,-1,-1,-1,-1,-1,-1,-1,-1,-1,-1,-1,-1,-1,-1,-1,-1,-1,-1,-1,-1,-1,-1,-1,-1,-1,-1,-1,-1,-1,-1,-1,-0.5534386923076925,-0.5674501538461538,-1,-1,-1,-1,-0.562345,-0.5683027307692308,-0.5727922307692308,-0.5680292307692311,-1,-0.5399272307692309,-0.543144307692308,-0.567455923076923,-0.556057076923077,-0.539744076923077,-0.5307698076923077,-0.5307694615384618,-0.5417333846153849,-0.5445813461538463,-0.5500355000000001,-0.5430778461538465,-0.5415963846153846,-0.5421844615384616,-0.5400813076923079,-0.5294873076923078,-0.5238860769230772,-0.5235421538461541,-0.5582539487179489,-0.5352570000000003,-0.5194046923076926,-0.5166026153846157,-0.5205690769230771,-1,-0.5221433076923077,-0.5260873076923078,-0.5242734615384615,-0.5212854615384617,-0.5215146923076927,-1,-0.5202017692307693,-0.5061554615384617,-0.5105870769230773,-0.5248858076923077,-0.5104213846153847,-0.49769392307692334,-0.497881,-1,-0.5032011538461538,-0.5060158461538464,-0.5082758461538465,-0.5087235384615384,-0.5062258461538465,-0.504338230769231,-0.49815538461538494,-0.463942076923077,-0.4665046538461542,-0.4666143846153848,-0.5036140384615385,-0.46991780769230795,-0.45909394871794895,-0.4627711153846156,-0.4538457692307694,-0.47647330769230783,-0.46631757692307707,-0.4667133846153848,-0.46665353846153856,-0.46617911538461565,-0.46429184615384633,-0.47159007692307725,-0.4508375384615387,-0.4458280000000002,-0.4430387692307695,-0.46479326923076947,-0.4371807692307695,-0.42423300000000036,-0.43038215384615386,-1,-0.43373792307692327,-0.43153115384615415,-0.4294241538461538,-0.4281804615384615,-0.42803423076923086,-0.4299995384615387,-0.4255546153846157,-1,-0.4103999230769232,-0.4034693076923078,-0.42258142307692337,-0.3935038461538463,-0.37896134615384625,-0.39351076923076955,-1,-0.3956154615384617,-0.3939178461538462,-0.3769490384615386,-0.3708914615384618,-0.371615076923077,-0.3753925000000002,-0.37626573076923076,-1,-0.3714747692307693,-0.37005607692307707,-0.3816997435897436,-0.36321542307692334,-0.3426457692307692,-0.3605813461538464,-1,-0.3623912692307695,-0.3542804615384617,-0.3268376923076923,-0.31638276923076936,-0.31582800000000005,-0.32307684615384646,-0.3274958461538464,-1,-0.32322815384615394,-0.3192314615384619,-0.3412033846153847,-0.32179492307692303,-0.31794923076923093,-0.3189785384615387,-0.3165990000000003,-0.30846200000000035,-1,-0.289491807692308,-0.28656784615384634,-0.28546553846153877,-0.27986600000000017,-0.280148076923077,-1,-0.28450769230769246,-0.27989934615384626,-0.2870189230769233,-1,-0.296327653846154,-0.29879784615384636,-1,-0.2976926153846157,-0.29082199999999997,-1,-1,-1,-1,-1,-1,-1,-1,-1,-0.28643807692307727,-0.27101884615384636,-0.2809673076923079,-1,-0.27887584615384636,-0.2651760000000003,-0.26514869230769245,-0.24186184615384637,-0.2424669615384616,-0.2587675384615385,-0.24620907692307709,-0.23076946153846162,-0.23075038461538472,-0.2296737692307693,-0.2465039230769233,-0.2523077692307696,-0.22714989743589753,-0.23435680769230777,-1,-0.23915220512820534,-0.2437575384615386,-0.23096487179487193,-0.20961461538461576,-0.21076930769230792,-0.23358792307692328,-0.23444600000000032,-0.22115430769230784,-0.2159982307692308,-0.21338323076923096,-0.2286044615384618,-1,-0.197126153846154,-0.19994396153846153,-1,-0.20996984615384637,-0.22353061538461558,-0.05202842603550318,-0.0558190192307694,-0.055968550295858184,-0.1802485961538463,-0.21072761538461557,-1,-0.2038207692307693,-0.20646657692307707,-0.22115084615384634
cotnap_16l_short_me,-1,-1,-1,-1,-1,-1,-1,-1,-1,-1,-1,-1,-1,-1,-1,-1,-1,-1,-1,-1,-1,-1,-1,-1,-1,-1,-1,-1,-1,-1,-1,-1,-1,-1,-1,-1,-1,-1,-1,-1,-1,-1,-1,-1,-1,-1,-1,-1,-1,-1,-1,-1,-1,-0.7730770000000002,-1,-1,-1,-0.7116026153846156,-0.7117132307692308,-1,-0.860140153846154,-0.8526625384615387,-0.8158121923076925,-1,-0.7861405384615386,-0.7615382307692311,-0.7609621538461538,-0.7355150000000003,-0.7275702692307693,-0.7129615000000001,-0.713816,-0.6593811538461538,-0.6703965384615386,-0.6376711923076923,-0.6427045769230769,-0.7926037307692309,-0.7806927435897438,-0.7553208717948721,-1,-0.7269870384615384,-0.7182238076923078,-0.7018322692307694,-0.6473296923076924,-0.6426074615384618,-0.6349605769230771,-0.6519468461538463,-0.5645478846153846,-0.5688146153846154,-0.5396661538461541,-0.5684618461538461,-0.7120876153846154,-0.6930434102564105,-0.6631951538461539,-0.6153846923076923,-0.6241988076923078,-0.6203141153846156,-0.6109100769230771,-0.5449620256410257,-0.5437046923076926,-0.542821153846154,-0.5131165000000002,-0.5072403076923078,-0.4750634230769234,-0.4633896153846154,-0.49038453846153873,-0.618974576923077,-0.6101967692307693,-0.5983016538461539,-0.5646806153846153,-0.5107336153846155,-0.5253295000000001,-0.4946808205128207,-0.4628395384615387,-0.45519430769230795,-0.4470100384615384,-0.4111401538461542,-1,-0.391924230769231,-0.38897273076923083,-0.45865798076923103,-0.5655623076923079,-0.526083153846154,-0.5199876538461541,-0.5039870384615386,-0.4430208846153847,-0.43514196153846185,-0.38176265384615393,-0.37367350000000016,-0.37037438461538463,-0.3660652307692309,-0.3647045000000002,-0.376923230769231,-0.3364204615384618,-0.36141788461538477,-0.40026402564102564,-0.44490726923076945,-0.4417931153846157,-0.4305556153846157,-0.41252773076923094,-0.355127730769231,-0.3475425000000002,-0.3213403076923078,-0.31666753846153856,-0.3170258461538464,-0.31837584615384634,-0.3156076923076926,-0.30923023076923073,-0.2839656153846156,-0.2984096923076925,-0.3254447692307692,-0.37369209615384635,-0.3516423076923078,-0.3237405384615387,-0.30769246153846175,-0.2856776923076926,-0.2807600769230771,-0.2772450000000001,-0.2765699615384617,-0.27919465384615405,-0.2851790384615386,-0.258956230769231,-0.29528569230769264,-0.24718984615384634,-0.2731313461538464,-0.31446192307692306,-0.3135707384615386,-0.2679771923076924,-0.2591255384615386,-1,-0.23935938461538492,-0.23907007692307708,-0.23647153846153865,-0.22884615384615403,-0.22932711538461564,-0.23779546153846176,-0.23603276923076938,-0.22307700000000014,-0.21410396153846178,-1,-0.28728200000000026,-0.2648976923076926,-0.22009953846153868,-0.2171378461538463,-1,-0.21447053846153855,-0.2171880769230771,-0.21955707692307702,-0.20651953846153848,-0.208384230769231,-0.2200781538461538,-1,-0.20763323076923088,-0.1898736153846155,-0.24271238461538489,-0.26046307692307696,-0.23332112820512826,-0.20893726923076936,-0.20006292307692344,-0.21250038461538492,-0.19410615384615407,-0.20404384615384646,-0.2117883076923079,-0.18477569230769264,-0.1855714615384619,-0.21345907692307692,-0.19220153846153856,-1,-0.17038646153846188,-0.21338938461538476,-0.24266934615384644,-0.2317395000000002,-0.27840323076923107,-0.25902638461538463,-0.26730776923076943,-0.18838615384615398,-0.21830346153846175,-0.07691750000000015,-0.05229892307692326,-0.058620278846154006,-0.19715792307692337,-0.17914330769230793,-1,-0.1589249615384617,-1,-1
cotnap_16l_short_se,-1,-1,-1,-1,-1,-1,-1,-1,-1,-1,-1,-1,-1,-1,-1,-1,-1,-1,-1,-1,-1,-1,-1,-1,-1,-1,-1,-1,-1,-1,-1,-1,-1,-1,-1,-1,-1,-1,-1,-1,-1,-1,-1,-1,-1,-1,-1,-1,-1,-1,-1,-1,-1,-1,-1,-1,-0.7770832307692308,-1,-0.7717950769230771,-1,-1,-1,-1,-1,-0.8009053076923079,-1,-0.8057692692307692,-0.7962870769230771,-0.7659561538461541,-0.7254821153846154,-0.7295325000000001,-1,-0.7286149230769232,-0.7289790769230772,-0.7739491153846154,-1,-0.7391835384615387,-0.7548660192307692,-1,-0.7241319615384617,-0.7454953333333334,-0.7119663461538461,-0.7031229230769233,-0.6974448846153848,-0.6476834230769233,-0.6453841153846154,-1,-0.6392668846153846,-0.6379186538461541,-0.686661435897436,-1,-0.6915598461538464,-0.6639353846153849,-0.615384923076923,-0.6547691538461541,-0.6288899230769232,-0.6190659615384617,-0.6166025384615385,-0.5867830769230771,-0.5467765000000002,-0.5476334230769232,-0.5384616923076923,-0.5554995384615387,-0.5856731538461539,-0.6177509846153847,-1,-0.5924570769230771,-0.5942863461538465,-1,-0.5408283076923077,-0.537961807692308,-0.5293407692307694,-0.49767335897435927,-0.46879792307692325,-0.4671891923076925,-0.4733288076923079,-1,-0.5064099230769235,-0.5322126923076924,-0.5538899487179489,-1,-0.4885135128205129,-0.4777290000000002,-0.4792026923076923,-0.41882115384615415,-0.440924730769231,-0.4411223461538464,-0.4127224615384617,-0.40410753846153874,-0.4113089230769234,-0.42351207692307713,-0.4653850000000002,-0.44964661538461537,-0.45796800000000026,-0.5048465641025643,-1,-0.4293367179487182,-0.36428953846153866,-1,-0.34511107692307696,-0.3582326923076924,-0.3530150000000003,-0.3524194230769232,-0.35673434615384636,-0.3685302051282054,-0.3867416923076926,-1,-0.3902572307692309,-0.39524246153846165,-0.4283427115384618,-0.3309572307692307,-0.33886679487179505,-0.3091343846153846,-1,-0.3124387692307696,-0.31025676923076945,-0.30769269230769236,-0.30879123076923076,-0.3122382307692308,-0.31774430769230766,-0.34085519230769257,-1,-0.34466830769230783,-0.34918926923076943,-0.35989559615384625,-0.30769246153846175,-0.27714315384615396,-0.28031076923076953,-0.2951133076923078,-1,-0.29760184615384644,-0.2951057692307695,-0.29591176923076923,-0.29727815384615414,-0.2976334615384619,-0.2967040769230771,-0.3000002307692309,-1,-1,-0.30982911538461544,-0.25114996153846175,-0.2241619230769233,-0.23190215384615404,-0.23076946153846162,-0.26464684615384615,-0.27906107692307697,-0.278614076923077,-0.2601994615384616,-0.26103915384615384,-0.2755921538461539,-0.26985492307692316,-1,-0.2567773461538463,-0.2526873076923077,-0.25725773076923086,-1,-0.19640000000000013,-0.19540576923076944,-0.21432015384615408,-0.23968076923076947,-0.25297215384615424,-0.2555360769230771,-0.22796880769230787,-0.22853665384615404,-0.23969638461538476,-0.23919407692307715,-0.21816715384615407,-0.2127128461538465,-0.20795023076923097,-0.2028003846153848,-1,-0.16914169230769235,-0.18611019230769243,-1,-0.2154549230769233,-0.23262584615384632,-0.0880224205128207,-0.06303851098901112,-0.04483283916083931,-0.14632844615384627,-0.21349830769230796,-1,-0.1986468461538463,-0.21938492307692326,-0.2220491538461542
cotnap_4l_long_me,-1,-1,-1,-1,-1,-1,-1,-1,-1,-1,-1,-1,-1,-1,-1,-1,-1,-1,-1,-1,-1,-1,-1,-1,-1,-1,-1,-1,-1,-1,-1,-1,-1,-1,-1,-1,-1,-1,-1,-1,-1,-1,-1,-1,-1,-1,-1,-1,-1,-1,-1,-1,-1,-1,-1,-1,-1,-1,-1,-1,-1,-1,-1,-1,-1,-1,-1,-1,-1,-1,-1,-1,-1,-1,-1,-1,-1,-1,-1,-1,-1,-1,-1,-0.6733573000000002,-0.6762626266666668,-1,-1,-1,-1,-1,-1,-1,-1,-1,-1,-1,-1,-0.6745462400000001,-0.62089072,-0.6117179500000001,-1,-1,-1,-1,-1,-1,-1,-1,-1,-1,-1,-1,-0.6425575927272729,-0.5517761085714287,-0.5512825000000001,-1,-1,-1,-1,-1,-1,-1,-1,-1,-1,-0.8803508000000002,-0.8234560200000001,-0.49127310666666674,-0.4801040880000001,-0.4829672000000001,-1,-1,-1,-1,-1,-1,-1,-1,-1,-1,-0.8645808444444446,-0.8091574240000001,-0.44650457142857153,-0.41007576000000007,-0.42556334666666684,-1,-1,-1,-1,-1,-1,-1,-1,-1,-0.86893938,-0.8301923760000002,-0.7963667900000001,-0.3757332363636365,-0.3369205040000001,-0.37629645333333345,-1,-1,-1,-1,-1,-1,-1,-1,-1,-0.8243000200000001,-0.7688712200000001,-0.4110226400000001,-0.3034759333333334,-0.27259127428571434,-1,-1,-1,-1,-1,-1,-1,-1,-1,-1,-0.7884446,-0.6633603733333334,-0.3301739533333334,-0.2066124400000001,-0.2059789200000001,-1,-1,-1,-1,-1,-1,-1,-1,-1,-1,-0.5330860833333334,-0.44293489818181825,-0.16974130285714292,-0.15172496000000002,-0.17031914285714292,-0.19160006000000018,-1,-1,-1,-1,-1,-1,-0.1972269333333335,-0.27870479666666675,-0.31567776592592606,-0.2823669150000001,-0.15486593666666673,-0.11355599555555569,-0.050787964848484926,-0.10343102666666679,-0.1559973963636364,-0.1879227927272728,-0.21214406666666677,-1,-1,-0.05350510000000008
cotnap_4l_long_se,-1,-1,-1,-1,-1,-1,-1,-1,-1,-1,-1,-1,-1,-1,-1,-1,-1,-1,-1,-1,-1,-1,-1,-1,-1,-1,-1,-1,-1,-1,-1,-1,-1,-1,-1,-1,-1,-1,-1,-1,-1,-1,-1,-1,-1,-1,-1,-1,-1,-1,-1,-1,-1,-1,-1,-1,-1,-1,-1,-1,-1,-1,-1,-1,-1,-1,-1,-1,-1,-1,-1,-1,-1,-1,-1,-1,-1,-1,-1,-1,-1,-1,-1,-1,-1,-1,-1,-1,-1,-1,-1,-1,-1,-1,-1,-1,-1,-1,-1,-1,-1,-1,-1,-1,-1,-1,-1,-1,-1,-0.8004361200000001,-0.7864866,-0.7722405600000001,-0.7771683733333336,-1,-1,-1,-1,-1,-1,-1,-1,-1,-0.89196918,-0.84732088,-0.7565112971428573,-0.7154436319999999,-0.687169928,-0.724736375,-1,-1,-1,-1,-1,-1,-1,-1,-1,-0.8408128920000001,-0.7552306440000002,-0.6624060933333333,-0.597544368888889,-0.5718391850000001,-0.6017040640000001,-1,-1,-1,-1,-1,-1,-1,-1,-1,-0.7746197714285715,-0.690440128,-0.5818222000000001,-0.49200664400000016,-0.44731146333333344,-0.45719430400000005,-1,-1,-1,-1,-1,-1,-1,-1,-1,-0.6965001600000003,-0.6382510800000001,-0.5233915150000001,-0.41269264444444453,-0.32478055500000014,-0.32633768800000007,-1,-1,-1,-1,-1,-1,-1,-1,-1,-1,-0.6194287400000001,-0.5074665120000001,-0.3625000800000001,-0.2699571657142858,-0.20696378857142866,-0.17393228000000005,-1,-1,-1,-1,-1,-1,-1,-1,-1,-1,-1,-1,-1,-0.1583457700000001,-0.16373462666666672,-0.19776239428571435,-0.22489322285714294,-0.2372379100000001,-0.25260915,-0.28042438666666675,-1,-1,-1,-1,-1,-1,-1,-0.11732949333333342,-0.04427159783783793,-0.10253254117647068,-0.15318861333333345,-0.1657486800000001,-0.18138098181818194,-0.20075799384615395,-0.2179269111111112,-0.2337535760000001
cotnap_4l_short_me,-1,-1,-1,-1,-1,-1,-1,-1,-1,-1,-1,-1,-1,-1,-1,-1,-1,-1,-1,-1,-1,-1,-1,-1,-1,-1,-1,-1,-1,-1,-1,-1,-1,-1,-1,-1,-1,-1,-1,-1,-1,-1,-1,-1,-1,-1,-1,-1,-1,-1,-1,-1,-1,-1,-1,-1,-1,-1,-1,-1,-1,-1,-1,-1,-1,-1,-1,-1,-0.7452423400000001,-0.7400003600000002,-1,-1,-1,-1,-1,-1,-1,-1,-1,-1,-1,-0.7619238933333335,-0.7240351800000001,-0.7024864000000002,-0.7061860333333334,-1,-1,-1,-1,-1,-1,-1,-1,-1,-1,-0.7958331500000001,-0.7442711049999999,-0.681906795,-0.6308267266666667,-0.6635530177777779,-1,-1,-1,-1,-1,-1,-1,-1,-1,-0.8496593440000002,-0.7757690350000002,-0.6881624114285715,-0.6067952520000001,-0.5715556733333333,-0.5916529777777779,-1,-1,-1,-1,-1,-1,-1,-0.9400001600000003,-0.9216215333333334,-0.84241608,-0.6996802866666667,-0.5969824945454546,-0.5153414000000001,-0.5001821300000001,-0.5399604600000001,-1,-1,-1,-1,-1,-1,-1,-0.9157631466666668,-0.8865636971428572,-0.7548130500000001,-0.6171461942857144,-0.5151832755555557,-0.45138544000000014,-0.4299756800000001,-0.48649449777777787,-1,-1,-1,-1,-1,-1,-1,-0.8730001200000002,-0.8132382533333335,-0.6602193300000001,-0.555270535,-0.45605688888888896,-0.38498730857142865,-0.3673837150000001,-0.4398213360000001,-0.53200004,-1,-1,-1,-1,-1,-1,-1,-1,-0.6576822800000003,-0.4666521090909092,-0.36232775200000006,-0.3025108933333334,-0.29596662000000007,-0.3440653360000001,-1,-1,-1,-1,-1,-1,-1,-1,-1,-0.53655388,-0.4258222533333334,-0.3104893142857144,-0.20810065714285722,-0.23050287555555568,-0.26533340000000005,-1,-1,-1,-1,-1,-1,-1,-1,-1,-1,-0.47284821142857153,-0.4240001200000001,-0.15576891333333343,-0.15986312666666672,-0.1699999200000002,-1,-1,-1,-1,-1,-1,-1,-1,-1,-1,-0.43224248,-0.1915439840000001,-0.051366910588235365,-0.07954894000000011,-0.2304957936000001,-0.2679939454545455,-1,-1,-1,-1
cotnap_4l_short_se,-1,-1,-1,-1,-1,-1,-1,-1,-1,-1,-1,-1,-1,-1,-1,-1,-1,-1,-1,-1,-1,-1,-1,-1,-1,-1,-1,-1,-1,-1,-1,-1,-1,-1,-1,-1,-1,-1,-1,-1,-1,-1,-1,-1,-1,-1,-1,-1,-1,-1,-1,-1,-1,-1,-1,-1,-1,-1,-1,-1,-1,-1,-1,-1,-1,-1,-1,-1,-1,-1,-1,-1,-1,-1,-1,-1,-1,-1,-1,-1,-1,-1,-1,-1,-1,-1,-1,-1,-1,-1,-1,-1,-1,-1,-1,-1,-1,-1,-1,-1,-1,-1,-1,-1,-1,-1,-1,-1,-1,-1,-1,-1,-1,-1,-1,-1,-1,-1,-1,-1,-1,-0.9190001200000002,-0.8725644066666668,-0.841151655,-0.82646511,-0.8289361933333335,-0.8640001600000002,-1,-1,-1,-1,-1,-1,-1,-1,-0.92623708,-0.9008586400000002,-0.825061145,-0.7536266,-0.7048111542857144,-0.7198730346666667,-0.7733194290909092,-0.8563636266666667,-1,-1,-1,-1,-1,-1,-1,-0.8920000400000001,-0.8521055771428572,-0.7615886628571429,-0.6731819550000001,-0.588579905,-0.5394954840000001,-0.6039550233333334,-0.7786855745454547,-0.8666333022222223,-0.8926183466666667,-1,-1,-1,-1,-1,-1,-0.8107789440000002,-0.7157199555555557,-0.61723891,-0.516666128888889,-0.4173608844444445,-0.38050574666666676,-0.48647895142857156,-0.6082888218181819,-0.700170782857143,-0.5377973800000001,-0.44986889333333346,-0.4909129200000001,-0.5226845600000001,-1,-1,-0.7364764000000001,-0.6763634844444446,-0.5759219450000002,-0.4642182600000001,-0.36601230000000007,-0.2728976311111112,-0.2572500050000001,-0.25713813454545464,-0.27876921818181827,-0.336425502857143,-0.3911192933333334,-0.44670369333333343,-0.4867128000000001,-1,-1,-1,-0.6559768333333333,-0.5820813920000001,-0.4858334700000001,-0.4024399822222223,-0.33265464000000006,-0.16630269000000003,-0.18469357142857157,-0.2951202160000001,-0.3459170880000001,-0.3938228000000001,-0.4419837100000001,-0.4760000400000002,-1,-1,-1,-1,-0.5925912857142858,-0.5431349428571429,-0.5135580371428573,-0.25988249176470596,-0.04790501729729737,-0.09540834222222232,-0.2720913000000001,-0.4104589900000001,-0.4270071333333334,-0.44549988000000007,-1,-1
cotnap_6l_long_me,-1,-1,-1,-1,-1,-1,-1,-1,-1,-0.5063370441176471,-0.46225499999999997,-0.5107845882352942,-1,-0.5044511764705883,-0.568320632010944,-1,-1,-1,-1,-1,-1,-1,-1,-1,-1,-1,-1,-1,-1,-1,-1,-1,-1,-1,-1,-1,-1,-1,-1,-1,-1,-1,-1,-1,-0.39642411764705887,-1,-1,-1,-1,-1,-0.4162798823529411,-0.4719196862745099,-0.5111480784313727,-0.47913330882352945,-0.4705882941176471,-1,-1,-1,-1,-1,-1,-1,-1,-0.3927435098039217,-0.46695259558823543,-0.5990782100840336,-0.7376115147058825,-0.761344705882353,-0.6955382823529414,-0.5276220294117648,-0.5586276078431374,-1,-1,-1,-1,-0.46148726470588247,-1,-1,-0.36917750980392167,-0.3527900882352942,-0.3766906911764707,-0.550581705882353,-0.7382355882352942,-0.8370586470588236,-0.6432629705882353,-0.43579464705882365,-1,-1,-1,-1,-0.33437570588235305,-1,-1,-0.3378319607843137,-0.3592113088235296,-0.545098274509804,-0.7907536274509805,-0.5889859852941177,-0.6686845176470589,-0.3945241176470589,-0.2912350882352942,-0.36909138235294126,-1,-1,-1,-1,-1,-1,-0.41568641176470605,-0.46620049019607857,-0.45991760294117656,-0.31942420588235304,-0.26933511764705903,-0.2919185294117649,-0.4116030705882354,-0.43200513725490197,-0.46997358823529417,-0.37882358823529416,-1,-1,-1,-1,-1,-1,-0.3353165529411766,-0.3568002235294119,-0.6008170588235294,-0.3635076666666668,-0.2369174264705884,-0.44271298529411773,-0.23529423529411778,-0.19990098529411776,-0.1845638235294118,-1,-1,-1,-1,-1,-1,-0.19482655882352956,-0.38133766666666674,-0.30216260000000006,-0.15003941176470617,-0.1812967450980393,-0.3114616862745099,-1,-0.1999363823529412,-1,-1,-1,-1,-1,-1,-1,-0.15972850000000005,-0.17658641176470607,-0.14456425000000006,-0.11197950000000018,-0.1136037500000002,-0.10914836029411774,-1,-1,-1,-1,-1,-1,-1,-1,-1,-1,-0.07359327731092453,-0.049233066176470754,-0.009051058823529575,-0.045109776470588385,0.07647088235294108,-1,-1,-1,-1,-1,0.023723235294117524,-1,-1,-1,-1,0.07040923529411755,-1,-1,-1,-1,-1,-1,-1,-1,-1,-1,-1,-1,-1,-1,0.06920399999999984,-1,-1,-1,-1,-1,-1,-1,-1,-1,-1,-1,-1,-1,-1,-1,-1,-1,-1,-1,-1,-1,-1,-1,-1
cotnap_6l_long_se,-1,-1,-1,-1,-1,-1,-1,-1,-1,-1,-1,-1,-1,-1,-1,-1,-1,-1,-1,-1,-1,-1,-1,-1,-1,-1,-1,-1,-1,-1,-1,-1,-1,-1,-1,-1,-1,-1,-1,-1,-1,-1,-1,-1,-1,-1,-1,-1,-1,-1,-1,-1,-0.44705899999999993,-0.4291036078431374,-1,-1,-1,-1,-1,-1,-1,-1,-1,-1,-1,-1,-0.49161452941176476,-0.42543148235294126,-0.4042995490196079,-0.44543652941176476,-1,-1,-1,-1,-1,-1,-1,-1,-1,-1,-1,-0.5329927647058824,-0.42471058823529423,-0.38802200000000014,-0.42318739215686285,-1,-1,-1,-1,-1,-1,-1,-1,-1,-1,-1,-0.4973243676470589,-0.36831442647058843,-0.35668450980392175,-0.38496741176470606,-1,-1,-1,-1,-1,-1,-1,-1,-1,-1,-0.6117648823529412,-0.5085028352941178,-0.36734543137254916,-0.3435000294117648,-1,-0.7847594705882353,-1,-1,-1,-1,-1,-1,-1,-1,-1,-0.657854980392157,-0.5801177882352943,-0.34959150000000005,-0.3204205000000001,-1,-0.7749998823529414,-1,-1,-1,-1,-1,-1,-1,-1,-1,-1,-0.42929880000000015,-0.30915517647058827,-0.29963125000000024,-0.35514714705882366,-1,-1,-1,-1,-1,-1,-1,-1,-1,-1,-0.5170860588235295,-0.4226251323529413,-0.29984170588235304,-0.28976829411764715,-0.3522876666666669,-1,-1,-1,-1,-1,-1,-1,-1,-1,-1,-1,-0.3556077294117648,-0.2637714313725491,-0.27236522549019615,-0.449194705882353,-1,-1,-1,-1,-1,-1,-1,-1,-1,-1,-1,-0.3047769705882354,-0.23013538823529422,-0.2297150441176472,-0.2882354117647061,-1,-1,-1,-1,-1,-1,-1,-1,-1,-0.763137411764706,-1,-0.2734092500000001,-0.1897356862745099,-0.2048564852941177,-0.3319652000000001,-1,-1,-1,-1,-1,-1,-1,-1,-1,-0.3089637189542485,-0.516946934640523,-0.19191784873949586,-0.09640188000000012,-0.15379014551083608,-0.32939754411764716,-1,-1,-1,-1,-0.5454258676470589
cotnap_6l_short_me,-1,-1,-1,-1,-1,-1,-1,-1,-1,-1,-1,-1,-1,-1,-1,-1,-1,-1,-1,-1,-1,-1,-1,-1,-1,-1,-1,-1,-1,-1,-1,-1,-1,-1,-1,-1,-1,-1,-1,-1,-1,-1,-1,-1,-1,-1,-1,-1,-1,-1,-1,-1,-1,-1,-1,-1,-1,-1,-1,-1,-1,-1,-1,-1,-1,-1,-1,-1,-1,-1,-1,-1,-1,-1,-1,-1,-1,-1,-1,-1,-1,-1,-1,-1,-1,-1,-1,-1,-1,-1,-1,-1,-1,-1,-1,-1,-1,-1,-1,-1,-1,-1,-1,-1,-1,-1,-1,-1,-1,-1,-1,-1,-1,-1,-1,-1,-1,-1,-1,-1,-1,-1,-1,-1,-1,-1,-1,-1,-1,-1,-1,-1,-1,-1,-1,-1,-1,-1,-1,-1,-1,-1,-1,-1,-1,-1,-1,-1,-1,-1,-0.37800012000000005,-0.3651691400000001,-0.3659811400000001,-0.37103269333333344,-1,-1,-1,-1,-1,-1,-1,-1,-1,-1,-1,-0.34690928,-0.3207006500000001,-0.3119418400000001,-0.2923885828571429,-0.4374489150000001,-0.4976126440000001,-0.6532896933333335,-0.728539752,-0.6967853428571429,-0.7011543600000001,-0.5344506600000001,-0.2748122300000001,-0.3234450114285715,-0.31427822400000005,-0.2896425866666668,-1,-0.2813732100000001,-0.2674590600000001,-0.2441918240000001,-0.22751618000000012,-0.21336476000000015,-0.283276222857143,-0.4143074233333335,-0.4768050633333334,-0.35300897500000006,-0.21369658000000014,-0.22124569600000007,-0.2366280300000001,-0.2405271300000001,-0.26315654666666677,-1,-0.26896272,-0.24892741333333346,-0.22687825333333342,-0.19633892000000008,-0.1868362200000001,-0.15736754000000014,-0.13475385333333337,-0.13516233600000013,-0.15741692000000007,-0.17577857333333338,-0.18832534,-0.20073308000000012,-0.21499036000000005,-0.22939268000000002,-1,-0.24003320444444456,-0.22256089230769244,-0.1952830215384616,-0.16328767692307702,-0.13880304727272735,-0.06762382736842117,-0.046120792941176554,-0.05083061777777785,-0.12458696888888898,-0.12688787500000012,-0.14281996285714293,-0.15418275555555563,-0.16599810222222233,-0.17649559555555572
cotnap_6l_short_se,-1,-1,-1,-1,-1,-1,-1,-1,-1,-1,-1,-1,-1,-1,-1,-1,-1,-1,-1,-1,-1,-1,-1,-1,-1,-1,-1,-1,-1,-1,-1,-1,-1,-1,-1,-1,-1,-1,-1,-1,-1,-1,-1,-1,-1,-1,-1,-1,-1,-1,-1,-1,-1,-1,-1,-1,-1,-1,-1,-1,-1,-1,-1,-1,-1,-1,-1,-1,-1,-1,-1,-1,-1,-1,-1,-1,-1,-1,-1,-1,-1,-1,-1,-1,-1,-1,-1,-1,-1,-1,-1,-1,-1,-1,-1,-1,-1,-1,-1,-1,-1,-1,-1,-1,-1,-1,-1,-1,-1,-1,-1,-1,-1,-1,-1,-1,-1,-1,-1,-1,-1,-1,-1,-1,-1,-1,-1,-1,-1,-1,-1,-1,-1,-1,-1,-1,-1,-1,-1,-1,-1,-1,-1,-1,-1,-1,-1,-1,-1,-1,-1,-0.36284272800000006,-0.3873686600000001,-0.6759710800000001,-0.5673017600000001,-1,-1,-1,-1,-1,-1,-1,-1,-0.3980001000000001,-0.39511128000000006,-1,-0.3009817400000001,-0.2881939600000001,-0.3129355400000001,-0.29827776000000006,-0.611993385,-0.7081231360000001,-0.7679287466666668,-0.7357779466666666,-1,-0.30325936,-0.2811129100000001,-0.3220718057142858,-0.32135908800000007,-0.3379438450000001,-1,-0.27471437333333343,-0.25417082666666674,-0.23786642400000008,-0.22746237000000008,-0.21490354000000006,-0.22877156800000006,-0.3730431400000001,-0.5580140533333334,-0.2358424600000001,-0.2176473760000001,-0.2325445200000001,-0.24606014666666676,-0.2681022266666668,-0.2858018000000001,-1,-0.26006636000000016,-0.2418685466666668,-0.22330164000000008,-0.20069986000000006,-0.18969088000000012,-0.16013842666666678,-0.1534792400000001,-0.15396629000000006,-0.16606136000000005,-0.19044829333333343,-0.21171222000000012,-0.23322688000000014,-0.24860190000000004,-0.2609698600000001,-1,-0.24269055600000008,-0.23345289333333344,-0.20431673666666675,-0.18059682000000007,-0.15480308400000006,-0.06834600222222231,-0.05671943789473689,-0.057006773333333434,-0.15113392400000009,-0.18350354400000013,-0.21749629818181826,-0.24424532615384628,-0.25963983000000007,-1
cotnap_8l_long_me,-1,-1,-1,-1,-1,-1,-0.5546159230769232,-0.5182487948717951,-0.5581511538461541,-0.5923078461538461,-1,-1,-1,-1,-1,-1,-1,-1,-1,-1,-1,-0.605935903846154,-0.5037509230769233,-0.5693882307692308,-0.6792404038461539,-0.7600011538461541,-1,-1,-1,-1,-1,-1,-1,-1,-1,-0.7643421153846155,-0.5970717692307693,-0.49016392307692325,-0.5210851538461541,-0.6573530512820513,-0.7959356307692309,-0.9323126666666668,-1,-1,-1,-1,-1,-1,-1,-1.0010294230769232,-0.8170380000000002,-0.613850676923077,-0.45409238461538476,-0.5081263076923079,-0.6358484615384616,-1,-0.8925108205128207,-1.023376307692308,-1,-1,-1,-1,-1,-1.0827664615384616,-0.9919656666666667,-0.7519943846153848,-0.5720017115384617,-0.44228338461538474,-0.4948668974358976,-0.6209384615384618,-0.7565871410256412,-0.9310062692307695,-1.055058871794872,-1,-1,-1,-1,-1,-1,-0.9922365192307694,-0.8147895576923079,-0.4897438461538463,-0.41890003846153867,-0.4528449487179489,-0.5868020576923079,-0.734000653846154,-0.8828934038461539,-1.0166472564102564,-1,-1,-1,-1,-1,-1,-0.9828948653846155,-0.7965892000000001,-0.459764358974359,-0.3790006666666667,-0.4349375897435899,-0.570950403846154,-0.724958794871795,-0.8768762115384617,-1.0060866410256413,-1,-1,-1,-1,-1,-1,-0.9593205384615386,-0.8121304230769233,-0.4733297307692309,-0.3716678461538463,-0.3999350615384617,-0.5182443230769233,-0.6859141730769233,-0.8696126923076923,-0.9989103076923079,-1,-1,-1,-1,-1,-1,-0.9245824230769232,-0.6633334615384617,-0.4700695576923079,-0.34820765384615404,-0.3670554358974361,-0.4770260769230771,-0.6509442769230771,-0.8707016923076925,-0.9803832564102566,-1,-1,-1,-1,-1,-1.004487576923077,-0.9248706730769232,-0.6643570923076925,-0.4102295576923078,-0.3164166923076925,-0.3500978461538463,-0.46139666666666695,-0.6437448307692308,-0.834600903846154,-0.9421682307692308,-1,-1,-1,-1,-1,-1,-0.9036107307692309,-1,-0.39957303846153847,-0.29917601923076925,-0.30657746153846166,-0.40935538461538484,-0.5747480576923079,-0.7901270000000001,-0.9167965897435899,-1,-1,-1,-1,-1,-1,-0.851282307692308,-0.5311301538461539,-0.39832007692307714,-0.2971153846153848,-0.3035446153846155,-0.37307723076923094,-0.6625000769230771,-0.8136914615384617,-0.9230771538461541,-1,-1,-1,-1,-1,-0.932953730769231,-0.8187097384615386,-0.5888295000000001,-0.30894765384615414,-0.24126157692307712,-0.2659566923076925,-0.35610446153846165,-0.5467477362637364,-0.7566428076923079,-0.9124939743589745,-1,-1,-1,-1,-1,-0.9050380384615386,-0.783706826923077,-0.6169711923076926,-0.3000977115384617,-0.21290882051282076,-0.23832723076923096,-0.355554953846154,-0.5137391282051283,-0.7333790256410259,-0.8761747692307694,-1,-1,-1,-1,-1,-0.8836799423076924,-0.7874815000000002,-0.6807693846153847,-0.16682436923076932,-0.031674003205128344,-0.08541313846153864,-0.3707420000000002,-0.5521458333333334,-0.6961907032967034,-0.8263120923076924,-1,-1
cotnap_8l_long_se,-1,-1,-1,-1,-1,-1,-1,-1,-1,-1,-1,-1,-1,-1,-0.5307694615384618,-1,-1,-1,-1,-1,-1,-1,-0.4515702307692309,-0.4655665641025644,-1,-1,-1,-1,-1,-1,-1,-1,-1,-1,-1,-1,-0.49666705494505503,-0.4427248846153847,-0.434858730769231,-0.5872663461538464,-1,-1,-1,-1,-1,-1,-1,-1,-1,-1,-0.5899047692307694,-0.4559803846153847,-0.4294536923076925,-0.4031073076923079,-1.0384616153846153,-1,-1,-1,-1,-1,-1,-1,-1,-0.9223142307692309,-0.8038141923076925,-0.7205437230769233,-0.5113375384615385,-0.38888919230769237,-0.409615807692308,-0.6873078461538462,-1,-1.0380423461538464,-1,-1,-1,-1,-1,-1,-0.9248249615384618,-0.8048069230769233,-0.650798326923077,-0.46059771153846163,-0.37864592307692335,-0.407331153846154,-0.7488645769230772,-1,-1.0432151153846154,-1,-1,-1,-1,-1,-1,-0.9034328076923078,-0.8312127076923079,-0.6593477076923079,-0.4459803653846156,-0.385856794871795,-0.39923084615384624,-0.6951281153846157,-0.9466826538461541,-1.0196758717948717,-1,-1,-1,-1,-1,-1,-0.8719233846153849,-0.8392943333333334,-0.6239319615384616,-0.4013671025641027,-0.37488957692307706,-0.3870252820512821,-0.9353846153846157,-0.9901235384615386,-1.021449576923077,-1,-1,-1,-1,-1,-1,-0.91491458974359,-0.7729419423076924,-0.6649903846153847,-0.3924762051282053,-0.3651236923076925,-0.3801048974358976,-0.8971158461538461,-0.9692139743589745,-1.009822884615385,-1,-1,-1,-1,-1,-1,-0.9113493333333336,-0.7563862884615387,-0.5671176615384615,-0.3920899615384618,-0.32216561538461536,-0.37630282051282066,-0.9138462307692308,-0.9482946153846156,-1.0024207179487181,-1,-1,-1,-1,-1,-1,-0.906771153846154,-0.6997065897435898,-0.6293764230769232,-0.3782437500000001,-0.2982904615384615,-0.36635394871794896,-0.926923230769231,-1,-0.9674257692307694,-1,-1,-1,-1,-1,-1,-1.0025643076923076,-0.7556598461538463,-0.6520477307692311,-0.3546331538461539,-0.3123450000000002,-0.32429900000000034,-1,-0.961932230769231,-0.9644226153846157,-1,-1,-1,-1,-1,-1,-0.823842403846154,-0.7668393846153848,-0.5470382307692309,-0.38527558974359,-0.282031948717949,-0.3354759743589746,-0.6214555384615386,-0.9026779038461539,-0.9373847692307693,-1,-1,-0.8269231538461541,-1,-1,-1,-0.8172236538461539,-0.6398462000000001,-0.49156421153846164,-0.32493771153846174,-0.2422803076923078,-0.36826328205128217,-0.6817309615384617,-0.8295976282051284,-0.9319220192307693,-1,-1,-1,-1,-1,-1,-0.6718458547008549,-0.44787952447552454,-0.3931463461538463,-0.2714694615384617,-0.1283347153846156,-0.35037423076923097,-0.6900769230769233,-0.6518814384615387,-0.46664473426573444,-1,-1,-0.3001106421404684
cotnap_8l_short_me,-1,-1,-1,-1,-1,-1,-1,-1,-1,-1,-1,-1,-1,-1,-1,-1,-1,-1,-1,-1,-1,-1,-1,-1,-1,-1,-1,-1,-1,-1,-1,-1,-1,-1,-1,-1,-1,-1,-1,-1,-1,-1,-1,-1,-1,-1,-1,-1,-1,-1,-1,-1,-1,-1,-1,-1,-1,-1,-1,-1,-1,-1,-1,-1,-1,-1,-1,-1,-1,-1,-1,-1,-1,-1,-1,-1,-1,-1,-1,-1,-1,-1,-1,-1,-1,-1,-1,-1,-1,-1,-1,-1,-1,-1,-1,-1,-1,-1,-1,-1,-1,-1,-1,-1,-1,-1,-1,-1,-1,-1,-1,-1,-1,-1,-1,-1,-1,-1,-1,-1,-1,-1,-1,-1,-1,-1,-1,-1,-1,-1,-1,-1,-1,-1,-1,-1,-1,-1,-1,-1,-1,-1,-1,-1,-1,-1,-1,-1,-1,-1,-0.81200012,-0.8152246057142859,-0.8530752000000001,-1,-0.8367653800000001,-0.8329127900000002,-0.83435568,-0.8391604533333333,-0.83888636,-0.8370198533333335,-0.83596828,-0.7923077200000002,-0.7885333600000001,-0.7351113200000001,-1,-1,-0.5687299880000001,-0.5899057257142858,-0.5355104733333335,-0.6074908800000001,-0.6207437563636365,-0.5977148280000001,-0.5867070900000001,-0.5872180133333335,-0.5511425600000001,-0.6149230311111112,-0.5052685600000001,-0.5272196666666668,-0.47683760000000014,-0.3398649866666667,-0.16666708000000008,-0.23179746500000006,-0.2902890971428572,-0.33583996000000016,-0.28845122000000006,-0.3087842000000001,-0.2671157771428573,-0.2654280971428572,-0.2571420200000001,-0.24714160000000004,-0.2466459133333334,-0.3208000400000002,-0.23274004000000006,-0.24536986000000005,-0.2400168114285715,-0.1482112200000001,-0.14397970000000004,-0.14493188,-0.15294944,-0.13922844000000012,-0.1494246600000001,-0.14990714000000005,-0.12900389000000007,-0.13273690666666674,-0.14336393333333342,-0.16086014666666673,-1,-0.16105632000000003,-0.1704521333333334,-0.1881406900000001,-1,-0.12180868444444452,-0.1147748560000001,-0.11345002000000004,-0.11664463200000012,-0.12037721714285723,-0.054237042666666735,-0.032849520000000076,-0.034166676666666784,-0.12206743000000009,-0.1235961520000001,-0.11254844000000008,-0.1264108960000001,-0.1262641600000001,-0.15718405777777786
cotnap_8l_short_se,-1,-1,-1,-1,-1,-1,-1,-1,-1,-1,-1,-1,-1,-1,-1,-1,-1,-1,-1,-1,-1,-1,-1,-1,-1,-1,-1,-1,-1,-1,-1,-1,-1,-1,-1,-1,-1,-1,-1,-1,-1,-1,-1,-1,-1,-1,-1,-1,-1,-1,-1,-1,-1,-1,-1,-1,-1,-1,-1,-1,-1,-1,-1,-1,-1,-1,-1,-1,-1,-1,-1,-1,-1,-1,-1,-1,-1,-1,-1,-1,-1,-1,-1,-1,-1,-1,-1,-1,-1,-1,-1,-1,-1,-1,-1,-1,-1,-1,-1,-1,-1,-1,-1,-1,-1,-1,-1,-1,-1,-1,-1,-1,-1,-1,-1,-1,-1,-1,-1,-1,-1,-1,-1,-1,-1,-1,-1,-1,-1,-1,-1,-1,-1,-1,-1,-1,-1,-1,-1,-1,-1,-1,-1,-1,-1,-1,-1,-1,-1,-1,-1,-1,-1,-0.9446774080000002,-0.9264444666666667,-0.9007974600000002,-0.90115498,-0.9124746400000001,-0.9073925066666667,-0.89857158,-0.89199994,-0.86240016,-0.8795176533333334,-0.8778097066666669,-0.8795259066666667,-0.2663330800000001,-0.29646797000000014,-0.4102741333333334,-0.4762710444444445,-0.5545221640000002,-0.5178647666666668,-0.5331423955555556,-0.585803728888889,-0.591021144,-0.6732912685714286,-0.6202870000000001,-0.5592858,-0.6402806355555557,-0.644209621818182,-0.6710323175000001,-0.2288301900000001,-0.2144123400000001,-0.21476648000000004,-0.2000001600000001,-0.2376922066666668,-0.2184525866666668,-0.2639085314285715,-0.3026378711111112,-0.2767979885714286,-0.3169899480000001,-0.27572366666666676,-0.3632419200000001,-0.30618632000000007,-0.3081338600000001,-0.2913264114285715,-0.17221291200000008,-0.16141240000000012,-0.1623654200000001,-0.1600000800000001,-0.16318446666666672,-0.16146294000000005,-0.1590584800000001,-0.15339266000000007,-0.15113196000000007,-0.15819638666666677,-0.1559178000000001,-0.15600012000000008,-0.1506218600000001,-0.1483310200000001,-0.1519631600000001,-0.14236322666666676,-0.1242829066666667,-0.13355236000000004,-0.1511306400000001,-0.12665908000000003,-0.1368949600000001,-0.05106921714285725,-0.046721120000000095,-0.042170793846153916,-0.12502372000000006,-0.13127104000000012,-0.11374261333333346,-0.11360181600000008,-0.1135740857142858,-0.12133332000000019
linenap_12l_long_me,-1,-1,-1,-1,-1,-1,-1,-1,-1,-1,-1,-1,-1,-1,-1,-1,-1,-1,-1,-1,-1,-1,-1,-1,-1,-1,-1,-1,-1,-1,-1,-1,-1,-1,-1,-1,-1,-1,-1,-1,-1,-1,-1,-1,-1,-1,-1,-1,-1,-1,-1,-0.5970869722222225,-0.5205556111111114,-0.45667236111111137,-0.5296741851851855,-0.5640092222222226,-1,-1,-1,-1,-1,-1,-1.0162041851851855,-0.9542997777777782,-0.8695536666666668,-0.726282666666667,-0.5575354814814818,-0.4793275555555557,-0.43333299999999997,-0.49816994444444473,-0.5988524444444447,-0.7389969629629631,-0.8576982222222225,-0.9333335555555556,-1,-1,-1,-1.0200185000000004,-0.9188040000000003,-0.7923509444444449,-0.6704954814814816,-0.5302072222222226,-0.45319822222222245,-0.43310748148148176,-0.4797775555555557,-0.5744158888888894,-0.671296703703704,-0.8141902777777781,-0.9134140000000002,-1.0132613333333338,-1,-1.0064330000000004,-0.982898888888889,-0.8577821111111112,-0.7663676666666672,-0.6496296666666667,-0.5409723888888893,-0.43828483333333373,-1,-0.43333333333333374,-0.5352383333333334,-0.6525251111111112,-0.7638891111111115,-0.8722225555555556,-0.9986201944444447,-1,-0.9938893333333337,-0.9434646111111111,-0.8498702222222222,-0.721249814814815,-0.5795419629629632,-0.4816041666666669,-0.42845583333333337,-0.412136388888889,-0.4567037407407408,-0.5413089444444448,-0.6427230000000003,-0.7690500000000005,-0.8779707222222224,-0.9518038333333336,-1,-1,-0.8746031111111114,-0.7904052222222223,-0.6555556666666672,-0.5582368888888893,-0.44444500000000015,-1,-1,-0.4493832222222222,-0.5555560000000003,-1,-1,-0.8888890000000002,-1,-1,-0.9395671111111115,-0.88793662962963,-0.8258096666666671,-0.6984055555555561,-0.559746166666667,-0.4435181851851855,-0.4074658888888891,-0.4056873888888892,-0.45065727777777825,-0.5209992222222225,-0.6368272962962966,-0.7609776296296299,-0.8637621111111113,-0.9192199444444448,-1,-0.8923080000000003,-0.87143762962963,-0.7558666111111115,-0.6558714444444447,-0.5333873333333334,-0.4260601111111112,-0.3525160000000003,-0.3760015555555558,-0.44113094444444495,-0.5120270000000001,-0.631063703703704,-0.7600034074074077,-0.8644813333333338,-0.9146063888888893,-1,-0.8730155555555558,-0.8639795555555558,-0.7523817777777781,-1,-0.5290603333333335,-1,-0.3250373333333336,-1,-0.43333299999999997,-0.5444443333333339,-1,-1,-1,-1,-1,-0.8347036666666672,-0.7888559259259263,-0.7005985555555557,-0.6014029259259264,-0.4739911111111114,-0.388088777777778,-0.3126723333333337,-0.33917296296296323,-0.4140224444444448,-0.5028938518518522,-0.6327198148148151,-0.7552312962962966,-0.8548603888888893,-0.9071433333333339,-1,-0.790000888888889,-0.780435,-1,-1,-1,-1,-1,-1,-1,-0.4477775555555557,-1,-1,-1,-0.8907413333333336,-1,-0.7726256481481485,-0.7234760370370374,-0.640284703703704,-0.5461378148148149,-0.45523729629629656,-0.23795012698412718,-0.05740013492063516,-0.22265583838383862,-0.4066559555555559,-0.49601227777777807,-0.6225191944444447,-0.7280453888888891,-0.7951227592592595,-0.8678866111111113
linenap_12l_long_se,-1,-1,-1,-1,-1,-1,-1,-1,-1,-1,-1,-1,-1,-1,-1,-1,-1,-1,-1,-1,-0.7333334444444445,-0.6611111666666669,-0.5811107777777781,-0.6045456666666671,-1,-1,-1,-1,-1,-1,-1,-1,-1,-1,-0.8783463888888893,-0.7756021481481484,-0.6338968888888891,-0.5642257777777783,-0.5775378333333337,-0.6598701851851854,-0.8319415000000003,-0.9668930370370374,-1,-1,-1,-1,-1,-1.0460320000000005,-0.9881661111111113,-0.8415814444444447,-0.7052780555555558,-0.5568712222222223,-0.5421462222222223,-0.549145666666667,-0.6541665555555558,-0.7451387777777781,-0.9522717222222228,-1.1076739444444446,-1.2236112777777781,-1,-1,-1.1266390000000004,-1.0813641111111112,-0.9775312222222223,-0.840593,-0.6888891111111113,-0.596126888888889,-0.5307301111111116,-0.542747888888889,-0.6241036111111113,-0.7379405555555558,-0.9008135555555559,-1.1001279259259262,-1.2210688333333337,-1,-1,-1.1132540555555557,-1.0625027222222225,-0.9550139259259262,-0.8204814074074075,-0.6737832222222223,-0.5506281111111114,-0.5093663333333338,-0.5315278888888892,-0.6119335000000004,-0.7370871851851853,-0.9042750370370374,-1.0928331111111114,-1.185735333333334,-1,-1,-1.1055558333333335,-0.9888893333333334,-1,-0.7603181111111117,-0.6539678888888895,-0.539445444444445,-1,-1,-0.544444666666667,-1,-1.003174888888889,-1,-1.2012825,-1,-1,-1.0989913333333337,-1.0237249259259262,-0.8910967777777778,-0.7733037777777778,-0.6557014814814818,-0.5329658888888892,-0.4889835555555555,-0.5044128333333336,-0.584712666666667,-0.738787814814815,-0.9680435185185188,-1.113052888888889,-1.2005205555555558,-1,-1,-1,-1.0078433333333334,-1,-0.7844447777777782,-1,-0.5555560000000003,-1,-1,-1,-0.8600002222222224,-1,-1,-1.2181821111111115,-1,-1,-1.0775187777777782,-0.9966657407407411,-0.8671652962962964,-0.7300044074074078,-0.5916168888888892,-0.5043123888888893,-0.46887288888888884,-0.48065183333333367,-0.5747301111111113,-0.7660299722222226,-0.9774049629629633,-1.1310752592592594,-1.2237038333333334,-1,-1,-1.0194443333333334,-0.9546033888888892,-0.8465267407407412,-0.714136888888889,-0.5934398333333335,-0.48581255555555586,-0.4300416666666671,-0.44048840740740763,-0.5615274444444448,-0.7623883888888889,-0.981062814814815,-1.1467121851851854,-1.2490033333333335,-1,-1,-1,-1,-1,-0.6518522222222224,-0.540741555555556,-1,-0.43162366666666707,-0.43101833333333345,-1,-1,-1,-1,-1.2611113333333337,-1,-1,-0.9993832222222225,-0.9104604074074076,-0.7815796296296299,-0.6719674444444448,-0.5613459629629632,-0.4493190740740741,-0.36355611111111114,-0.41441537037037046,-0.555100888888889,-0.7633828055555558,-0.9877153703703705,-1.1487761111111114,-1.2313733333333337,-1,-1,-1,-1,-0.7666670000000005,-0.6475554444444445,-1,-1,-0.32658766666666705,-0.3699535925925929,-0.5583938148148149,-1,-1,-1.1806220370370373,-1,-1,-1,-0.9961109111111113,-0.9119234629629632,-0.7863937555555557,-0.6952315333333335,-0.5642680740740744,-0.4363956888888891,-0.05783577777777804,-0.15335891111111136,-1,-0.7981511851851854,-1.099467765432099,-1.2688656031746035,-1,-1
linenap_12l_short_me,-1,-1,-1,-1,-1,-1,-1,-1,-1,-1,-1,-1,-1,-1,-1,-1,-1,-1,-1,-1,-1,-1,-1,-1,-1,-1,-1,-1,-1,-1,-1,-1,-1,-1,-1,-1,-1,-1,-1,-1,-1,-1,-1,-1,-1,-1,-1,-1,-1,-1,-1,-0.7970892500000001,-0.7924683200000001,-0.7933334000000003,-0.7820004000000003,-1,-1,-1,-1,-1,-1,-1,-1,-1,-0.7230001400000001,-0.7401845600000002,-1,-0.7305002000000003,-0.7600000800000002,-0.7453863733333335,-0.7683154133333333,-0.7600000800000002,-0.7793958400000002,-1,-0.7989790666666667,-1,-1,-1,-1,-0.6788804666666667,-0.6779502400000003,-0.6536668400000001,-0.66447106,-1,-0.6835862933333333,-0.7021214700000001,-0.6980001600000001,-0.7235634400000001,-0.7306890200000002,-0.7701059360000001,-1,-1,-1,-1,-0.5938575866666668,-0.5925655466666667,-1,-0.5932308266666667,-0.5950001200000001,-0.6103808100000001,-0.6300087200000001,-0.6360000000000001,-0.6543661866666666,-0.6416002400000003,-0.6876982,-1,-1,-0.4885716,-0.5306429600000001,-0.5159632900000002,-0.5109335100000001,-1,-0.51316753,-0.5090000400000001,-0.5240142000000001,-0.5472040100000001,-0.5421667400000001,-0.5578347900000001,-0.5491428,-0.6041895666666668,-1,-1,-0.44553520000000013,-0.41885720000000004,-0.42492013333333345,-0.42376654666666674,-1,-0.4302863600000001,-1,-0.4454214800000001,-0.4643504000000001,-1,-0.46839825000000007,-0.5054117200000001,-0.4983995942857144,-1,-1,-0.35719197333333347,-0.3560000400000001,-0.35151808,-0.3510214533333334,-1,-0.35356029333333344,-0.35560020000000003,-0.37354245333333336,-0.3727040300000001,-1,-0.3782484300000001,-1,-0.42060790285714295,-1,-1,-0.2888461200000001,-1,-0.27669651000000006,-0.2758203800000001,-1,-0.2766443900000001,-0.30896576,-0.26826589333333345,-0.28165466000000006,-1,-0.2845017700000001,-0.33417430000000015,-0.2832911066666668,-1,-0.24057809000000013,-0.2222690300000001,-1,-0.2066016666666668,-0.20392662666666675,-1,-0.20183957333333344,-1,-0.2001659200000001,-0.1890970500000001,-1,-0.2009662533333334,-0.20481860000000007,-0.22769502000000008,-1,-0.1887158000000001,-0.1626705066666668,-0.15600012000000008,-0.15487513333333344,-0.1518361733333334,-1,-0.1503921066666667,-0.16057144,-0.14198416000000014,-0.13744484000000012,-1,-0.14351202666666682,-0.1475714400000001,-0.15347953600000008,-0.16319988000000007,-0.1556093500000001,-0.13805244000000005,-1,-0.1338783200000001,-0.13742492000000017,-0.13579508000000007,-0.12563542000000016,-1,-0.12532404000000008,-0.12647936000000004,-0.11762970666666679,-0.11252686000000012,-0.11200008000000006,-0.11862661000000013,-1,-1,-0.17083320000000013,-1,-0.19514157333333348,-0.19047286666666677,-0.02357831600000011,-0.022485552000000065,-0.008463000000000073,-0.05948572800000011,-0.06768566666666676,-1,-1,-0.17466684,-0.18299792000000004
linenap_12l_short_se,-1,-1,-1,-1,-1,-1,-1,-1,-1,-1,-1,-1,-1,-1,-1,-1,-1,-1,-1,-1,-1,-1,-1,-1,-1,-1,-1,-1,-1,-1,-1,-1,-1,-1,-1,-1,-1,-1,-1,-1,-1,-1,-1,-1,-1,-1,-1,-1,-1,-1,-1,-1,-1,-1,-1,-1,-1,-1,-1,-1,-1,-1,-1,-1,-1,-1,-1,-1,-1,-1,-1,-1,-1,-1,-1,-1,-1,-1,-1,-1,-1,-1,-1,-1,-1,-1,-1,-1,-1,-1,-1,-1,-1,-1,-1,-1,-1,-1,-1,-1,-1,-1,-1,-1,-1,-1,-1,-1,-1,-0.8346668400000001,-0.8360000800000003,-0.8468201333333334,-1,-1,-1,-1,-1,-1,-1,-1,-1,-1,-1,-0.7568356560000001,-0.7462155933333334,-0.7618398400000002,-0.7871119800000002,-0.8165502666666667,-0.8427111466666667,-0.8294738399999999,-0.8266666800000002,-1,-1,-1,-1,-1,-1,-0.61162377,-0.536,-0.5939659840000001,-0.5980673700000001,-0.65416375,-0.657819416,-0.7535000200000002,-0.7546514000000001,-0.7569933900000002,-0.7750000700000002,-1,-1,-1,-1,-1,-0.46306674000000003,-0.40596063000000004,-0.4160594857142858,-0.41679802285714296,-0.44701761333333345,-0.4443502733333334,-0.5129889900000001,-0.49161775333333346,-0.5056507066666668,-1,-0.5083838133333335,-1,-1,-1,-1,-0.21735880000000019,-0.26778820000000003,-0.24434788800000012,-0.2457038000000001,-1,-0.27697003200000003,-0.29346678000000015,-0.27883563000000006,-0.30126385600000005,-0.27914296000000016,-0.3550897714285715,-0.3368497733333334,-0.2973333200000001,-1,-0.1940001200000001,-0.17186112000000003,-0.1534546400000001,-0.15178137333333344,-0.15290058666666675,-0.20000004000000016,-0.16671986000000005,-0.15600012000000008,-0.1721241300000001,-0.17783988000000012,-1,-0.20464323000000006,-0.1931112800000001,-0.2122718742857144,-1,-1,-0.11994598000000012,-0.11506674000000017,-0.11437848000000017,-0.11826166000000005,-1,-0.11553940000000007,-1,-0.1162362400000001,-0.1251153800000001,-0.12000012000000004,-0.13950280000000015,-0.15257164000000012,-0.13879718400000005,-1,-0.1025715333333334,-0.08971226666666676,-0.07600032000000012,-0.0948101300000001,-0.10388048000000011,-0.03126392000000009,-0.04639544857142867,-0.020448970000000066,-0.07211917500000009,-0.09223122400000014,-0.08272348000000007,-0.0871483280000001,-0.07776932000000003,-0.09361194666666676
linenap_16l_long_me,-1,-1,-1,-1,-1,-1,-1,-1,-1,-1,-1,-1,-1,-1,-1,-1,-1,-1,-1,-1,-1,-1,-1,-1,-0.6173630769230771,-0.5723285384615387,-1,-0.5452170769230771,-0.5275859487179488,-0.5079115384615388,-1,-1,-0.7414668461538462,-1,-0.7266548461538462,-0.7058676923076925,-0.7051383333333334,-0.6650327435897437,-0.6300436538461541,-0.5943467692307693,-0.5745473461538462,-0.5384616923076923,-0.5126966153846153,-0.48197392307692305,-0.48106515384615395,-1,-0.7692306923076924,-0.7328711923076925,-0.6956044615384618,-0.6846154615384616,-0.657443653846154,-0.6456185769230771,-0.6092310769230769,-0.5718222692307693,-0.5442316153846156,-1,-0.5194760000000003,-0.47280207692307724,-0.4633483846153846,-1,-0.7234208461538464,-0.7138905384615387,-0.6803841153846154,-0.6262703076923076,-0.6367674999999999,-0.6028846923076925,-0.5950432307692308,-0.5638039615384618,-0.5322486923076926,-0.513651,-0.47860338461538493,-0.4525642307692308,-0.446451153846154,-0.4471184615384619,-0.4486489230769232,-0.6781070769230769,-0.654796153846154,-0.6340356153846154,-0.6029298461538465,-0.5910258461538462,-0.5570376923076923,-0.5428016923076926,-0.5171598461538465,-0.5019405384615384,-0.4707611153846156,-0.4514166153846157,-0.44052023076923086,-0.42105361538461533,-0.4167441538461538,-0.42555830769230774,-0.6177121538461539,-0.6048614615384615,-0.5728516923076926,-0.5384616923076923,-0.5399396153846157,-0.5319747307692309,-0.507551384615385,-0.4687403846153848,-0.45873034615384634,-0.4349606923076924,-0.40557630769230774,-0.376923230769231,-0.38127184615384646,-0.38011961538461536,-0.4003253846153849,-0.578759,-0.5534845384615384,-0.5283769487179488,-1,-0.507761153846154,-0.4718189615384618,-0.46040319230769244,-0.45021826923076935,-0.4146843846153846,-0.39758446153846166,-0.37270482051282056,-1,-0.3439398461538465,-0.3501510769230771,-0.3759611923076925,-0.5351925769230772,-0.5217330384615385,-0.4808799230769233,-0.47299792307692323,-0.45501219230769235,-0.4292744615384617,-0.41557061538461565,-0.3987186153846155,-0.37586661538461563,-0.36756276923076936,-0.33131400000000005,-1,-0.3066660769230772,-0.3201821538461538,-0.34005315384615414,-0.4906206923076925,-0.47362669230769244,-0.4441099230769232,-0.45147923076923097,-0.40718407692307707,-0.3931226153846155,-0.37107461538461556,-0.35341846153846146,-0.32897084615384636,-0.3212238461538465,-0.3023100384615387,-0.3000002307692309,-0.2880539615384615,-0.29618750000000027,-0.31622115384615407,-0.4456896923076925,-0.43482402564102596,-0.3918805384615386,-0.3846159230769231,-1,-0.3539865384615387,-0.32238384615384613,-0.311539,-0.30769246153846175,-0.2997324615384617,-0.28698246153846163,-1,-0.25350792307692327,-0.25278807692307725,-0.284099307692308,-0.3888280769230769,-0.3846154615384618,-0.36503038461538473,-1,-0.3574393846153848,-0.3114830769230771,-0.2987177692307693,-0.2937286923076923,-0.29198615384615384,-1,-1,-1,-1,-1,-1,-0.35991869230769247,-0.31718242307692335,-0.3126491153846156,-1,-0.31127788461538475,-0.2965981538461538,-0.2871403076923078,-0.25984638461538473,-0.2592632307692308,-0.2719426923076926,-0.25741153846153875,-1,-0.23775323076923102,-0.22869611538461554,-0.24895846153846168,-0.3254759230769233,-0.30061265384615404,-0.29664723076923083,-1,-0.2907475384615388,-0.2795104615384616,-0.26795723076923095,-0.22934671794871805,-0.22893657692307712,-0.26570438461538476,-0.2619990769230772,-1,-0.25185219230769246,-0.22715112820512834,-0.23994053846153862,-0.3218469230769234,-0.322911307692308,-0.33734015384615396,-0.31762253846153865,-0.2978369230769232,-0.2756404615384618,-0.07378465034965055,-0.05467571538461562,-0.040509903846154015,-0.2515699615384619,-1,-0.3035326923076923,-0.2923075384615388,-1,-0.046321176923077106
linenap_16l_long_se,-1,-1,-1,-1,-1,-1,-1,-1,-1,-1,-1,-1,-1,-1,-0.5354911846153847,-1,-1,-1,-1,-1,-1,-1,-1,-1,-1,-1,-1,-1,-1,-1,-1,-0.5222106923076927,-0.5285718461538464,-1,-1,-1,-0.6424907692307695,-0.6302736923076924,-1,-0.5974360769230772,-0.6463944615384618,-1,-0.524852307692308,-0.5090360000000003,-1,-0.5064813846153849,-0.515479230769231,-0.5384619230769233,-1,-0.545019307692308,-0.5662209230769232,-0.5817486153846153,-0.5743647692307695,-0.5836181153846156,-0.6412764615384617,-0.6398315384615387,-0.5700853846153849,-0.5533160769230772,-0.5046326153846157,-0.47346019230769254,-0.46832219230769245,-0.5080451538461539,-0.49273023076923084,-1,-0.48578000000000016,-0.5183538076923078,-0.5220177692307693,-0.5503351538461538,-0.5615387692307695,-0.6051926153846154,-0.6153844615384617,-0.5592222307692308,-0.5062626538461541,-0.5538463076923077,-0.5423080000000003,-0.4722924615384617,-0.44788635897435924,-0.46833592307692307,-1,-0.46709430769230786,-0.47590776923076944,-0.5104965384615386,-0.529838153846154,-0.48066510256410266,-0.5282060000000003,-0.5503756923076923,-1,-0.45104892307692307,-0.45085134615384614,-0.39415100000000003,-0.3975788205128206,-0.4155729230769234,-0.46153869230769257,-1,-0.4389441538461538,-0.46666669230769253,-0.44887976923076955,-0.47419430769230797,-0.4800167692307694,-0.470719730769231,-0.5019183076923079,-1,-0.478297435897436,-0.376923230769231,-0.4016928461538462,-0.3876928461538463,-0.3696358461538463,-0.37873357692307713,-1,-0.38126911538461544,-0.39927715384615403,-0.4130965000000001,-0.42279103846153854,-0.4697436923076926,-0.4316235384615388,-0.4729343846153849,-1,-0.376923230769231,-0.38082480769230775,-0.3671669615384616,-0.34211569230769245,-0.35014665384615384,-0.3858258846153849,-1,-0.3610656153846156,-0.38523053846153865,-0.36297984615384615,-0.3712700769230771,-0.36821084615384636,-0.3679020384615387,-0.372429730769231,-1,-0.37834261538461555,-0.3591168846153847,-0.30760669230769233,-0.30825784615384616,-0.32131069230769244,-0.2999997692307692,-1,-0.30000000000000027,-0.3000002307692309,-0.3000002307692309,-0.297767307692308,-0.29152123076923075,-0.2903600769230771,-0.2957880000000002,-1,-0.3000002307692309,-0.2923075384615388,-0.28073900000000035,-0.2798229230769231,-0.28852130769230766,-0.3041088076923081,-0.3165859230769234,-0.2915771538461539,-0.313052153846154,-0.30153307692307707,-0.2940903076923078,-0.288305576923077,-0.27567853846153856,-0.3113638461538463,-0.3169818461538465,-0.2939303076923079,-0.2891181153846155,-0.2858360769230771,-0.27112546153846157,-0.28469411538461564,-1,-1,-1,-1,-1,-1,-1,-1,-1,-1,-0.23846161538461555,-0.22307700000000014,-1,-0.26446184615384616,-0.24664738461538466,-0.2477464615384617,-1,-0.2682063846153847,-0.2521587692307694,-0.22016646153846156,-0.2380904615384617,-0.21829346153846188,-0.2356876923076926,-0.2193246153846157,-0.22285669230769228,-0.2372099230769232,-0.24835069230769252,-0.23135102564102578,-0.22307700000000014,-0.24244530769230804,-0.24263153846153857,-0.21905538461538465,-0.23478284615384618,-0.21618115384615408,-0.24191134615384638,-0.2230767692307695,-0.22447815384615394,-0.21538200000000027,-0.23128223076923082,-0.2201279230769233,-0.23675238461538473,-0.23476084615384646,-0.2253993333333335,-0.22692353846153862,-0.2286211794871796,-0.2215203076923078,-0.2038462307692309,-0.20801923076923082,-0.21713830769230802,-0.11887326923076945,-0.08874123076923095,-0.11245840384615406,-0.1542125230769233,-0.22307700000000014,-0.15031030769230802,-0.22875480769230794,-0.22892307692307717,-0.013443169230769417
linenap_16l_short_me,-1,-1,-1,-1,-1,-1,-1,-1,-1,-1,-1,-1,-1,-1,-1,-1,-1,-1,-1,-1,-1,-1,-1,-1,-1,-1,-1,-1,-1,-1,-1,-1,-1,-1,-1,-1,-1,-1,-1,-1,-1,-1,-1,-0.5415388461538465,-0.5423080000000003,-1,-1,-0.6949740769230772,-0.6771798846153847,-1,-0.642192076923077,-0.619780435897436,-0.5994083076923079,-0.5738089615384616,-0.5583481538461541,-0.5146236923076926,-0.5160689230769233,-0.49185196153846167,-0.49494592307692326,-0.5043979230769231,-1,-1,-0.6961540000000004,-0.6434876923076926,-0.6234873461538463,-0.5873975384615387,-0.560390230769231,-0.5451290000000002,-0.5198716923076923,-0.4861074615384616,-1,-0.4512823076923078,-0.4427074615384616,-0.4400615384615387,-0.4548952692307695,-1,-0.6539830000000003,-0.6209456410256412,-0.5708520000000001,-0.5782037692307694,-0.5410401538461541,-0.516594076923077,-0.5070200000000004,-0.47696080769230764,-0.4439880769230772,-0.40658526923076943,-0.3846154615384618,-0.3871443846153848,-0.38515646153846167,-0.43125861538461563,-1,-0.584615153846154,-0.5560116923076923,-0.5183765384615384,-0.4844524230769232,-0.4729413846153848,-0.46413615384615403,-0.45595442307692313,-0.4224295384615388,-0.3823395384615386,-1,-0.35888661538461564,-0.34748861538461556,-0.3568185769230773,-0.3962080769230769,-1,-0.5279704230769231,-0.49042923076923095,-0.46162188461538467,-0.4379363846153847,-0.42935815384615394,-0.41816415384615413,-0.38684615384615406,-0.37479100000000015,-0.3407943076923078,-0.32513776923076937,-1,-0.3051315897435899,-0.3214823846153847,-0.3894772564102566,-1,-0.46161507692307713,-0.4399169615384617,-0.39688392307692344,-1,-0.37498684615384636,-0.3766299487179489,-0.3504126923076923,-0.3282526153846157,-0.3079111153846156,-0.3033416153846154,-1,-0.28485053846153874,-0.3004446153846154,-0.37888100000000013,-0.42730815384615395,-0.430002653846154,-0.36660173076923097,-0.37307715384615403,-0.3525092692307695,-0.32688146153846154,-0.3226399230769232,-0.3183839230769233,-0.3022094615384618,-0.29576176923076936,-0.2802296153846157,-1,-0.26817684615384646,-0.28530838461538477,-0.3464238269230771,-0.3846154615384618,-0.347452730769231,-0.3144233846153848,-0.30769246153846175,-0.2878672307692308,-0.2825315000000004,-0.28657792307692326,-0.2847768461538462,-0.27360292307692313,-0.2748468461538465,-0.26716215384615405,-1,-0.25105884615384627,-0.2525836153846157,-0.3061705897435899,-0.33643907692307695,-0.3004661923076925,-0.28577446153846187,-0.23998338461538485,-1,-0.23942376923076938,-1,-0.23568361538461569,-0.23772846153846158,-1,-1,-0.23527876923076954,-1,-0.23833092307692327,-1,-0.2826923846153846,-0.24874411538461563,-0.24667053846153872,-0.21994338461538462,-0.21834392307692335,-0.21973292307692327,-0.23163361538461552,-0.21270115384615393,-0.21248984615384645,-0.23537594871794884,-0.23726807692307697,-0.2186238461538464,-0.21312530769230786,-0.2220418461538463,-0.25547053846153855,-0.24495169230769245,-0.21783257692307711,-0.2045688461538464,-1,-0.2047774615384617,-0.20901461538461558,-0.21442238461538485,-0.18508684615384624,-0.18784353846153853,-0.21854653846153882,-0.20492346153846172,-1,-0.18433215384615406,-0.1954825384615384,-0.2280248461538465,-0.23647630769230793,-0.22078133333333347,-0.21367464102564113,-0.22058800000000017,-0.2196881282051285,-0.21887800000000013,-0.073258553846154,-0.07213202366863923,-0.0751137692307694,-0.1413227884615387,-0.17663980769230792,-0.15446123076923082,-0.15667580769230782,-0.17584876923076947,-0.19830542307692317
linenap_16l_short_se,-1,-1,-1,-1,-1,-1,-1,-1,-1,-1,-1,-1,-1,-1,-1,-1,-1,-1,-1,-1,-1,-1,-1,-1,-1,-1,-1,-1,-1,-1,-1,-1,-1,-1,-1,-1,-1,-1,-1,-1,-1,-1,-1,-1,-1,-1,-1,-0.683929076923077,-0.6783219230769231,-0.6846154615384616,-1,-1,-1,-0.6282771538461539,-0.6166097692307693,-0.615384923076923,-0.6153842307692311,-1,-1,-0.6934069230769232,-1,-0.6856293589743591,-0.6318683461538463,-1,-0.6350583461538463,-0.6402773846153849,-0.6352928461538463,-0.6207665897435898,-0.5974360769230772,-0.5891551538461539,-0.5877528461538465,-1,-0.593608076923077,-0.6089441538461542,-0.6822089743589745,-0.6320960000000002,-0.6118010384615384,-0.5777943076923078,-1,-0.5824279230769234,-0.567644076923077,-0.5621013076923078,-0.5551651923076923,-0.5455589615384617,-0.5366740769230771,-0.5339965000000002,-1,-0.5356734871794874,-0.5533713076923079,-0.6192286307692308,-0.5748592307692308,-0.5383014230769232,-0.5281336923076925,-0.544984,-0.5137539230769231,-0.510659307692308,-0.5106836153846157,-0.5064819230769231,-0.500701,-0.4778584230769233,-0.46407951282051296,-1,-0.4921710769230771,-0.5078455384615386,-0.5408577692307694,-0.5206996153846156,-0.46238723076923083,-0.4554019230769234,-1,-0.4571525384615386,-0.4575170384615387,-0.45601719230769244,-0.45422988461538477,-0.4506136923076925,-0.4295745384615387,-0.42930746153846183,-1,-0.4515881153846155,-0.4609396538461541,-0.5195931282051284,-0.4438190000000002,-0.386319230769231,-0.3809265769230771,-1,-0.3811122692307694,-0.38202403846153865,-0.3984618461538465,-0.397924230769231,-0.3806163076923078,-0.3763046923076925,-0.37794476923076936,-1,-0.3973201538461539,-0.41538469230769265,-0.4776742564102565,-0.38947392307692347,-0.35719723076923104,-0.3265222307692311,-1,-0.32671615384615416,-0.33329076923076945,-0.3550468076923078,-0.3564474230769232,-0.33962123076923084,-0.33217415384615423,-0.33331461538461543,-1,-0.36264456410256424,-0.3744741538461538,-0.4071490000000002,-0.32292969230769236,-0.31166323076923114,-0.29753684615384635,-0.2977890512820514,-0.30769246153846175,-0.30854753846153865,-0.31323338461538475,-0.31609161538461544,-0.31313799999999997,-0.30889484615384627,-0.30769246153846175,-1,-0.3132626923076924,-0.35185123076923086,-0.36967542307692336,-1,-0.29633100000000034,-1,-1,-1,-0.29678407692307723,-0.2997593076923078,-0.29576969230769234,-0.29780238461538483,-0.29909007692307704,-0.2967313846153849,-1,-0.29794661538461553,-0.3118346923076925,-0.31794900000000026,-0.2669466923076923,-0.2572531538461542,-0.2602427692307695,-1,-0.26768969230769235,-0.27429638461538475,-0.2861556923076923,-0.26489123076923105,-0.2681956153846156,-0.2866611538461542,-0.27668330769230776,-1,-0.2724062307692309,-0.2917443076923079,-1,-0.231672653846154,-0.22855511538461548,-0.23196461538461557,-1,-0.2519760769230772,-0.2574452307692308,-0.256390230769231,-0.22911938461538467,-0.2300228846153848,-0.24402826923076928,-0.2397314615384618,-0.2207691538461539,-0.2274983589743591,-0.25510300000000025,-1,-0.2174863076923078,-0.22187771794871808,-0.22190450000000006,-0.22934076923076935,-0.2397456538461541,-0.23970084615384651,-0.08489340659340676,-0.06296624260355049,-0.05754146794871815,-0.22351021538461543,-0.2046836923076925,-0.20758115384615403,-0.18192776923076937,-0.20207064102564118,-1
linenap_4l_long_me,-1,-1,-1,-1,-1,-1,-1,-1,-1,-1,-1,-1,-1,-1,-1,-1,-1,-1,-1,-1,-1,-1,-1,-1,-1,-1,-1,-1,-1,-1,-1,-1,-1,-1,-1,-1,-1,-1,-1,-1,-1,-1,-1,-1,-1,-1,-1,-1,-1,-1,-1,-1,-1,-1,-1,-1,-1,-1,-1,-1,-1,-1,-1,-1,-1,-1,-1,-1,-0.5894549200000001,-0.5888002800000001,-1,-1,-1,-1,-1,-1,-1,-0.7520001999999999,-0.7240000800000002,-0.6871188533333333,-0.6425714800000001,-0.6089849314285716,-0.5768914700000001,-0.5607172285714287,-0.5598594,-1,-1,-1,-1,-1,-1,-1,-0.73686656,-0.6981241314285714,-0.6514693666666668,-0.60436804,-0.5567560150000002,-0.5117612400000001,-0.5062606733333335,-0.5129968133333335,-1,-1,-1,-1,-1,-1,-1,-0.6966034320000001,-0.661546896,-0.5978854466666668,-0.543538102857143,-0.4887703200000001,-0.4519000100000001,-0.4536042514285715,-0.4747756000000001,-1,-1,-1,-1,-1,-1,-1,-0.6559825800000001,-0.62334784,-0.5602834933333334,-0.4895031250000001,-0.4238554550000001,-0.3994867280000001,-0.40419127333333343,-0.43722588,-1,-1,-1,-1,-1,-1,-1,-1,-0.5893067933333335,-0.5155501200000001,-0.4303832857142858,-0.3741601280000001,-0.34738071000000004,-0.35603425714285725,-0.39579394000000007,-1,-1,-1,-1,-1,-1,-1,-1,-0.55862456,-0.47808766400000013,-0.3913412800000001,-0.3236834285714286,-0.29062962857142866,-0.3193511771428572,-0.3495704400000001,-1,-1,-1,-1,-1,-1,-1,-1,-0.5500860066666667,-0.4767513550000001,-0.3863591771428572,-0.2900253000000001,-0.2375208333333335,-0.25788126500000014,-1,-1,-1,-1,-1,-1,-1,-1,-1,-0.5164052560000001,-0.45827376666666675,-0.37604987428571435,-0.26031551555555565,-0.1887724480000001,-0.19337163428571438,-1,-1,-1,-1,-1,-1,-1,-1,-1,-0.48386678000000016,-0.44027876666666677,-0.32667802857142864,-0.2049846550000001,-0.1475665800000001,-0.15406091000000005,-1,-1,-1,-1,-1,-1,-1,-1,-1,-0.41400014000000007,-0.38835964571428583,-0.20265300400000005,-0.12488633894736853,-0.04154158709677428,-0.09372560153846163,-0.16743662352941185,-0.2019300266666668,-0.29553917454545464,-0.3692520833333334,-1,-1
linenap_4l_long_se,-1,-1,-1,-1,-1,-1,-1,-1,-1,-1,-1,-1,-1,-1,-1,-1,-1,-1,-1,-1,-1,-1,-1,-1,-1,-1,-1,-1,-1,-1,-1,-1,-1,-1,-1,-1,-1,-1,-1,-1,-1,-1,-1,-1,-1,-1,-1,-1,-1,-1,-1,-1,-1,-1,-1,-1,-1,-1,-1,-1,-1,-1,-1,-1,-1,-1,-1,-1,-1,-1,-1,-1,-1,-1,-1,-1,-1,-1,-1,-1,-1,-1,-1,-1,-1,-1,-1,-1,-1,-1,-1,-1,-1,-1,-1,-1,-1,-0.8320566933333335,-0.8327705360000002,-0.8467409520000001,-0.8773262300000001,-0.9143554133333334,-0.9225556266666667,-1,-1,-1,-1,-1,-1,-1,-1,-0.8243870720000002,-0.7723321142857145,-0.7428275377777779,-0.7577638400000001,-0.7947442900000001,-0.8278422472727274,-0.8578001066666666,-1,-1,-1,-1,-1,-1,-1,-1,-0.7783731300000001,-0.6894694088888891,-0.633854145,-0.6369440577777779,-0.6844957828571429,-0.74000849,-0.78256264,-1,-1,-1,-1,-1,-1,-1,-1,-0.706637992,-0.5939660133333334,-0.5214214200000001,-0.5324469250000001,-0.5910131028571429,-0.6627277600000001,-0.7172030100000001,-1,-1,-1,-1,-1,-1,-1,-1,-1,-0.4601849511111112,-0.40522957000000004,-0.4386442450000001,-0.495882408888889,-0.5804522171428572,-0.6330341500000001,-1,-1,-1,-1,-1,-1,-1,-1,-1,-0.33484743200000006,-0.30498973000000007,-0.34968009333333344,-0.42832740000000014,-0.5137664750000001,-0.56653315,-1,-1,-1,-1,-1,-1,-1,-1,-1,-0.20443544000000008,-0.22025684000000015,-0.2816910450000001,-0.3649278800000001,-0.4432500222222224,-0.5023351933333334,-1,-1,-1,-1,-1,-1,-1,-0.18080016,-0.1726351800000001,-0.16747892000000011,-0.17405553333333343,-0.23027717142857154,-0.29749591555555566,-0.3659475485714287,-0.4312520600000001,-1,-1,-1,-0.2722090114285715,-0.24840891076923086,-0.23812021066666678,-0.18925307272727282,-0.1560068200000001,-0.10402270400000009,-0.036632221428571525,-0.10722839500000013,-0.1717218892307693,-0.2220239100000001,-0.2688282266666668,-0.33211658666666677,-0.3555691236363637,-0.35500006000000006
linenap_4l_short_me,-1,-1,-1,-1,-1,-1,-1,-1,-1,-1,-1,-1,-1,-1,-1,-1,-1,-1,-1,-1,-1,-1,-1,-1,-1,-1,-1,-1,-1,-1,-1,-1,-1,-1,-1,-1,-1,-1,-1,-1,-1,-1,-1,-1,-1,-1,-1,-1,-1,-1,-1,-1,-1,-1,-1,-1,-1,-1,-1,-1,-1,-1,-1,-1,-1,-1,-1,-1,-1,-1,-1,-1,-1,-1,-1,-1,-1,-1,-1,-1,-1,-1,-1,-1,-1,-1,-1,-1,-1,-1,-1,-1,-1,-1,-1,-1,-1,-1,-1,-1,-1,-1,-1,-1,-1,-1,-1,-1,-1,-1,-1,-1,-1,-1,-1,-1,-1,-1,-1,-1,-1,-1,-1,-1,-1,-1,-1,-1,-1,-1,-1,-1,-1,-1,-1,-1,-1,-0.7194678533333335,-0.6904002,-1,-1,-1,-1,-1,-1,-1,-1,-1,-0.56400004,-1,-1,-0.6396192133333334,-0.6226734480000001,-0.5960715000000001,-0.6156553314285715,-1,-1,-1,-1,-1,-1,-0.4570670050000001,-0.47162239200000006,-0.4814731840000001,-0.4895621542857144,-1,-0.5855000200000001,-0.5415313000000002,-0.47067383428571435,-0.4601060000000001,-0.4088321200000001,-0.36175016000000015,-1,-0.2760001200000002,-0.29632968000000004,-0.3374369333333334,-0.35996222000000005,-0.3881002066666668,-0.4300968066666668,-0.45392642000000016,-1,-0.5225453200000001,-0.4967357450000001,-0.4291006450000001,-0.35497849500000006,-0.2929150800000001,-0.25662893200000014,-0.23779587000000013,-0.22336883200000007,-0.24013208571428582,-0.2765851280000001,-0.31388902285714293,-0.3647563200000001,-0.4092632000000001,-1,-1,-1,-0.47408680000000014,-0.40679401000000015,-0.3126797466666667,-0.23219712666666678,-0.18355580800000007,-0.1623893500000001,-0.17039010666666674,-0.2026523120000001,-0.2614762200000001,-0.30625566666666676,-0.3583077600000001,-0.40017568000000003,-1,-1,-1,-0.44475974500000004,-0.3881635347368422,-0.29072859000000006,-0.19508909846153855,-0.1536260727272728,-0.039442700952381046,-0.09011834666666677,-0.1739664720000001,-0.22649062461538472,-0.2847975040000001,-0.3339353500000001,-0.37161241000000006,-1
linenap_4l_short_se,-1,-1,-1,-1,-1,-1,-1,-1,-1,-1,-1,-1,-1,-1,-0.6726211647058825,-1,-1,-1,-1,-1,-1,-1,-1,-1,-1,-1,-1,-1,-1,-0.5414062218181819,-1,-1,-1,-1,-1,-1,-1,-1,-1,-1,-1,-1,-1,-1,-0.5167223000000001,-1,-1,-1,-1,-1,-1,-1,-1,-1,-1,-1,-1,-1,-1,-1,-1,-1,-1,-1,-1,-1,-1,-1,-1,-1,-1,-1,-1,-1,-1,-1,-1,-1,-1,-1,-1,-1,-1,-1,-1,-1,-1,-1,-1,-1,-1,-1,-1,-1,-1,-1,-1,-1,-1,-1,-1,-1,-1,-1,-1,-1,-1,-1,-1,-1,-1,-1,-1,-1,-1,-1,-1,-1,-1,-1,-1,-1,-1,-1,-1,-1,-1,-1,-1,-1,-1,-1,-1,-1,-1,-1,-0.5153071818181819,-0.48836304363636374,-0.4183399600000002,-1,-1,-1,-1,-1,-1,-1,-1,-0.5920002400000002,-1,-1,-0.34371408000000003,-0.43188691555555564,-0.43836098000000007,-0.4364360727272728,-0.4358620400000002,-1,-1,-1,-1,-1,-1,-0.46586240571428583,-0.4353825350000001,-0.39132527000000006,-1,-1,-0.37055398000000006,-0.3095294000000001,-0.27906980666666675,-0.3030181542857143,-0.24758640666666673,-0.2737334600000001,-1,-1,-0.27425334,-0.3249283657142858,-0.3920462133333334,-0.4767146400000001,-0.44472278666666676,-1,-1,-0.35850090400000006,-0.3207699028571429,-0.26526818666666674,-0.22160154857142866,-0.17640637500000006,-0.1972440150000001,-0.22247689333333334,-0.2706455920000001,-0.3439205950000001,-0.4010310400000001,-0.4111475133333335,-0.41927556000000016,-0.40319298000000015,-1,-1,-1,-0.37250162666666675,-0.2670091360000001,-0.1895452720000001,-0.1659652240000001,-0.23046545000000007,-0.30208288000000016,-0.3540855680000001,-0.4330371733333334,-0.40242437000000014,-0.33495642666666675,-0.22397018000000005,-0.20841379999999998,-1,-1,-1,-0.12888704000000006,-0.12394799500000006,-0.1649393400000001,-0.17067921647058837,-0.2262106480000001,-0.23665771636363642,-0.24549493333333344,-0.24071859666666678,-0.20324261428571438,-0.1650586240000001,-0.14329994000000007,-1,-1
linenap_6l_long_me,-1,-1,-1,-1,-1,-1,-1,-1,-1,-1,-1,-1,-1,-1,-1,-1,-1,-1,-1,-1,-1,-1,-1,-1,-1,-1,-1,-1,-1,-1,-1,-1,-1,-1,-1,-1,-1,-1,-1,-1,-1,-1,-1,-1,-1,-1,-1,-1,-1,-1,-1,-1,-0.557034205882353,-0.5411063529411765,-1,-1,-1,-1,-1,-1,-1,-1,-1,-1,-1,-1,-0.6166220672268908,-0.5365174558823531,-0.5171984470588237,-0.5943179411764706,-1,-1,-1,-1,-1,-1,-1,-1,-1,-0.8432157352941176,-0.7252124215686275,-0.5927338470588236,-0.503927431372549,-0.4737833333333334,-0.575757911764706,-0.6592437647058824,-1,-1,-1,-1,-1,-1,-1,-0.9478612352941176,-0.8800409529411766,-0.7162751176470589,-0.5428768352941178,-0.4584980882352942,-0.45640608823529427,-0.5692674941176471,-0.6923399215686276,-1,-1,-1,-1,-1,-1,-1,-0.9431374117647057,-0.8741519558823531,-0.7135213529411766,-0.5148769882352942,-0.409874705882353,-0.42444176470588246,-0.5366896588235296,-0.6754948382352942,-1,-1,-1,-1,-1,-1,-1,-1,-0.8413280294117648,-0.7395878588235295,-0.4516778235294118,-0.38740720588235306,-0.3929828941176472,-0.5244297156862746,-1,-1,-1,-1,-1,-1,-1,-1,-1,-0.835572,-0.7773967941176472,-0.410607905882353,-0.34830239215686287,-0.35620708823529423,-0.45330710294117654,-1,-1,-1,-1,-1,-1,-1,-1,-1,-1,-0.6746895882352943,-0.44948431372549025,-0.313922843137255,-0.3246336911764707,-0.40606025,-1,-1,-1,-1,-1,-1,-1,-1,-1,-1,-1,-0.3593160470588236,-0.26987444117647075,-0.28554089215686285,-1,-1,-1,-1,-1,-1,-1,-1,-1,-1,-1,-1,-0.3219360235294119,-0.22660158823529425,-0.23142379411764716,-1,-1,-1,-1,-1,-1,-1,-1,-1,-1,-1,-0.31640867647058835,-0.260374211764706,-0.19396903921568628,-0.2036949852941177,-0.25834664705882365,-1,-1,-1,-1,-1,-1,-1,-1,-0.533299705882353,-0.44514907352941185,-0.2743750509803923,-0.18396921925133705,-0.0484159642857144,-0.12593491695501746,-0.23785384162895937,-1,-1,-1,-1,-1
linenap_6l_long_se,-1,-1,-1,-1,-1,-1,-1,-1,-1,-1,-1,-1,-1,-1,-1,-1,-1,-1,-1,-1,-1,-1,-1,-1,-1,-1,-1,-1,-1,-1,-1,-1,-1,-1,-1,-1,-1,-1,-1,-1,-1,-1,-1,-1,-1,-1,-1,-1,-1,-1,-1,-0.5983512647058826,-0.5600978823529413,-0.5233188431372551,-0.5521999019607843,-1,-1,-1,-1,-1,-1,-1,-1,-1,-1,-1,-0.5712010882352941,-0.5057892745098039,-0.4821244117647061,-0.5267455882352943,-1,-1,-1,-1,-1,-1,-1,-1,-1,-1,-1,-0.5788667411764706,-0.481393843137255,-0.45897783529411773,-0.5057280235294118,-1,-1,-1,-1,-1,-1,-1,-1,-1,-1,-1,-0.5499974411764706,-0.4568358627450982,-0.41671082352941186,-0.49104423529411767,-1,-1,-1,-1,-1,-1,-1,-1,-1,-1,-1,-0.5113564117647059,-0.4230029411764707,-0.4012489705882354,-0.4738414313725491,-1,-1,-1,-1,-1,-1,-1,-1,-1,-1,-0.7972321470588237,-0.49120586764705887,-0.3836072647058825,-0.3575504852941177,-0.4275097647058824,-1,-1,-1,-1,-1,-1,-1,-1,-1,-1,-0.8059903676470589,-0.4108218235294118,-0.34996197058823536,-0.34559998529411773,-0.3841541764705884,-1,-1,-1,-1,-1,-1,-1,-1,-1,-0.8272058529411764,-0.7960954901960785,-0.372640611764706,-0.3141362549019609,-0.3082993970588236,-0.35336679411764715,-1,-1,-1,-1,-1,-1,-1,-1,-1,-0.8184716323529412,-0.7300293333333335,-0.3470027794117648,-0.270509911764706,-0.2774379705882354,-0.3152943529411765,-1,-1,-1,-1,-1,-1,-1,-1,-1,-0.7548915000000002,-0.5072743529411765,-0.34913702521008416,-0.22519613235294123,-0.23792585882352954,-1,-1,-1,-1,-1,-1,-1,-1,-1,-0.7229634705882353,-0.6783014705882353,-0.43276089215686275,-0.29221218823529427,-0.1928371058823531,-0.2167940196078431,-0.3192655686274511,-1,-1,-1,-1,-1,-1,-1,-0.6213557254901962,-0.6096295000000002,-0.4844217475490197,-0.3325813562091504,-0.18375079831932783,-0.059458426024955546,-0.12669048179271722,-0.2615981450980394,-0.3599100735294119,-0.548792705882353,-0.5913206666666668,-1,-1
linenap_6l_short_me,-1,-1,-1,-1,-1,-1,-1,-1,-1,-1,-1,-1,-1,-1,-1,-1,-1,-1,-1,-1,-1,-1,-1,-1,-1,-1,-1,-1,-1,-1,-1,-1,-1,-1,-1,-1,-1,-1,-1,-1,-1,-1,-1,-1,-1,-1,-1,-1,-1,-1,-1,-1,-1,-1,-1,-1,-1,-1,-1,-1,-1,-1,-1,-1,-1,-1,-1,-1,-1,-1,-1,-1,-1,-1,-1,-1,-1,-1,-1,-1,-1,-1,-1,-1,-1,-1,-1,-1,-1,-1,-1,-1,-1,-1,-1,-1,-1,-1,-1,-1,-1,-1,-1,-1,-1,-1,-1,-1,-1,-1,-1,-1,-1,-1,-1,-1,-1,-1,-1,-1,-1,-1,-1,-1,-1,-1,-1,-1,-1,-1,-1,-1,-1,-1,-1,-1,-1,-1,-1,-1,-1,-1,-1,-1,-1,-1,-1,-1,-1,-1,-1,-0.3737690480000001,-0.5043077600000001,-0.5389644153846155,-0.6359451300000001,-0.6708617250000002,-1,-1,-1,-1,-1,-1,-1,-1,-1,-0.27664301333333335,-0.2790031600000001,-0.28269428800000007,-0.2856629360000001,-0.35580493777777783,-0.39602496727272735,-0.4059386000000001,-0.47414047111111124,-0.571000248888889,-0.5761729600000001,-0.6137836300000001,-0.31564424000000013,-0.31646118,-0.3134840400000001,-0.3086603600000002,-0.22223246666666677,-0.2235764533333334,-0.21136890000000008,-0.2018951600000001,-0.21699188800000008,-0.21026963000000015,-0.22329533600000012,-0.24221000666666678,-0.23582774857142863,-0.25456496888888897,-0.21918222666666676,-0.23075385200000012,-0.24269177000000003,-0.2448896800000001,-0.24481594000000007,-0.19508068000000012,-0.1866124600000001,-0.18355980000000005,-0.1734458000000001,-0.1643078,-0.16007694000000006,-0.15512782666666677,-0.1297790700000001,-0.14025532000000007,-0.15487638000000015,-0.15715840000000006,-0.16283437333333342,-0.16917749000000004,-0.17332884000000007,-0.1901061840000001,-0.1408725000000001,-0.13833340888888895,-0.14754094500000012,-0.14102431384615394,-0.13463529777777783,-0.1282122057142858,-0.06706988000000008,-0.04889082666666673,-0.05063773400000008,-0.11839635111111117,-0.12480585333333344,-0.12367923200000006,-0.12903718222222235,-0.13313083111111118,-0.14897790956521748
linenap_6l_short_se,-1,-1,-1,-1,-1,-1,-1,-1,-1,-1,-1,-1,-1,-1,-1,-1,-1,-1,-1,-1,-1,-1,-1,-1,-1,-1,-1,-1,-1,-1,-1,-1,-1,-1,-1,-1,-1,-1,-1,-1,-1,-1,-1,-1,-1,-1,-1,-1,-1,-1,-1,-1,-1,-1,-1,-1,-1,-1,-1,-1,-1,-1,-1,-1,-1,-1,-1,-1,-1,-1,-1,-1,-1,-1,-1,-1,-1,-1,-1,-1,-1,-1,-1,-1,-1,-1,-1,-1,-1,-1,-1,-1,-1,-1,-1,-1,-1,-1,-1,-1,-1,-1,-1,-1,-1,-1,-1,-1,-1,-1,-1,-1,-1,-1,-1,-1,-1,-1,-1,-1,-1,-1,-1,-1,-1,-1,-1,-1,-1,-1,-1,-1,-1,-1,-1,-1,-1,-1,-1,-1,-1,-1,-1,-1,-1,-1,-1,-1,-1,-1,-1,-0.6004593150000002,-0.57392222,-0.7670339120000002,-0.7746001200000001,-1,-1,-1,-1,-1,-1,-1,-1,-1,-1,-0.31925840000000005,-0.3040783000000001,-0.38268946857142866,-0.3117705150000001,-0.427575448888889,-0.4901134581818183,-0.5022503840000001,-0.524957945,-0.5976660550000001,-0.5930173400000001,-0.49651094,-0.33912676444444456,-0.37268910666666677,-0.37377146500000014,-0.3132716000000001,-0.24484524000000008,-0.23564598666666678,-0.23143572000000012,-0.22573049333333342,-0.22249282666666673,-0.21209237000000009,-0.25265765714285726,-0.2932953257142858,-0.26335569142857157,-0.25639710285714296,-0.23668179000000006,-0.22129514285714297,-0.22958292000000013,-0.23147986666666673,-0.24041721000000005,-0.2075584800000001,-0.19993462666666675,-0.19725837333333343,-0.1891160133333334,-0.18580550666666676,-0.16393916000000008,-0.15931382000000016,-0.1534307200000001,-0.15341177333333342,-0.15794840000000007,-0.16365026000000005,-0.17410536800000012,-0.17973674666666675,-0.18007388000000005,-0.1942394800000001,-0.16037688666666672,-0.14695447555555566,-0.13960294545454555,-0.14100483692307703,-0.1312488160000001,-0.1332245550000001,-0.06426880235294126,-0.058390946000000096,-0.058015507368421135,-0.12487313714285728,-0.12872947000000007,-0.11969399076923086,-0.11856959500000008,-0.11764040571428579,-0.12266940285714294
linenap_8l_long_me,-1,-1,-1,-1,-1,-1,-1,-1,-1,-1,-1,-1,-1,-1,-1,-1,-1,-1,-1,-1,-1,-1,-1,-1,-1,-1,-1,-1,-1,-1,-1,-1,-1,-1,-1,-1,-0.6026354871794872,-0.5366635692307694,-0.4730444230769232,-0.5315824615384617,-0.6094979384615385,-0.6620423076923078,-1,-1,-1,-1,-1,-1,-1,-0.8696581153846156,-0.7463803461538463,-0.6340345769230771,-0.4886790256410259,-0.4498321923076924,-0.4824274871794874,-0.5814103846153847,-0.7058208974358975,-0.9000001923076923,-0.9300551153846155,-1,-1,-1,-1,-1.025000153846154,-0.9167802769230771,-0.7469995512820515,-0.5657052307692307,-0.47835671794871815,-0.4369234615384619,-0.4771714615384617,-0.5718686923076925,-0.6898935128205129,-0.8216135384615386,-0.9047338461538464,-1,-1,-1,-1,-1.0024912564102566,-0.8578118846153848,-0.7033656923076925,-0.5519705384615387,-0.44569473076923116,-0.4120236153846155,-0.46728843589743596,-0.5736578205128208,-0.6809992820512822,-0.8148930000000001,-0.9184522051282054,-1,-1,-1,-1,-0.9828944615384616,-0.8425383846153847,-0.6738052500000001,-0.5211581282051283,-0.4232976923076926,-0.3842449807692309,-0.4635077435897438,-0.5600046730769231,-0.6811204871794874,-0.794407153846154,-0.9030654615384617,-1,-1,-1,-1,-0.9711348205128207,-0.8337674423076924,-0.6553081538461539,-0.4804173384615386,-0.37889946153846177,-0.3739642307692309,-0.45699074358974373,-0.5826698076923078,-0.6887226346153847,-0.7959402051282054,-0.865904153846154,-1,-1,-1,-1,-0.9233438461538463,-0.8065736666666667,-0.6577908615384616,-0.4687465961538463,-0.36972825641025664,-0.36219148717948735,-0.43197934615384637,-0.5732777435897437,-0.6969338461538465,-0.8160065769230771,-0.8596431153846156,-1,-1,-1,-1,-0.9192158205128206,-0.7598444615384616,-0.5769360256410258,-0.412539480769231,-0.3288922307692309,-0.32862146153846183,-0.4043747435897437,-0.5525491692307694,-0.723889076923077,-0.8340851794871798,-0.8692312307692308,-1,-1,-1,-1,-0.9055462692307693,-0.7807655538461539,-0.6040976153846156,-0.3980705961538463,-0.311539,-0.3157190000000002,-0.3953593846153848,-0.5746642820512822,-0.7574749230769233,-0.8373427307692309,-1,-1,-1,-1,-1,-0.9170330000000002,-0.7153244871794874,-0.4712122692307694,-0.34119376923076933,-0.2940268076923077,-0.3030405897435898,-0.3871791538461541,-1,-0.7397287692307695,-0.8384620384615384,-1,-1,-1,-1,-1,-0.8678698717948718,-0.7334980000000002,-0.4962257692307694,-0.353406057692308,-0.24209776923076934,-0.2725391153846156,-0.38032941025641037,-0.49476146153846157,-0.7223625000000002,-0.8383200256410258,-1,-1,-1,-1,-1,-0.8368839230769233,-0.6582123461538464,-0.43397576923076936,-0.2972832307692308,-0.21877388461538466,-0.24001353846153864,-0.3557036730769232,-0.5108973846153847,-0.716112353846154,-0.8435055641025642,-1,-1,-1,-1,-0.8123935,-0.7626508290598292,-0.5914395897435899,-0.4042125494505496,-0.23883334065934078,-0.051036843672456735,-0.13484040000000014,-0.3395638791208793,-0.5104917912087914,-0.7275832393162395,-0.8207014615384617,-1,-1
linenap_8l_long_se,-1,-1,-1,-1,-1,-1,-1,-1,-1,-1,-1,-1,-1,-1,-1,-1,-1,-1,-1,-1,-1,-1,-0.5785956538461541,-0.5384614615384616,-1,-1,-1,-1,-1,-1,-1,-1,-1,-1,-1,-1,-0.6333746923076926,-0.5781494807692309,-0.5191711346153848,-0.548991012820513,-1,-1,-1,-1,-1,-1,-1,-1,-1,-1,-1,-0.673260076923077,-0.5535330000000002,-1,-0.5384619230769233,-0.6082418846153848,-1,-1,-1,-1,-1,-1,-1,-1,-1.1138463461538464,-0.9226719102564104,-0.6150748461538462,-0.5180677307692308,-0.48412353846153855,-0.5352998846153848,-0.6502073076923078,-1,-1,-1,-1,-1,-1,-1,-1,-1.116443153846154,-0.9737961794871797,-0.6017180000000002,-0.5047313846153848,-0.4612182769230771,-0.5262923846153849,-0.6663005384615386,-0.8826584871794874,-0.9902100000000004,-1,-1,-1,-1,-1,-1.1615383846153844,-1.0623097692307695,-0.8890574230769231,-0.6016408153846156,-0.47679325641025666,-0.4382081538461542,-0.5036491153846155,-0.6687341923076925,-0.874752903846154,-1.0022126153846158,-1,-1,-1,-1,-1,-1.0728942564102564,-0.9809913076923078,-0.7801782153846155,-0.5871423846153849,-0.4378437692307692,-0.412501230769231,-0.4803287948717951,-0.6629870576923078,-0.9746894615384616,-0.9991060769230771,-1,-1,-1,-1,-1,-1.041806871794872,-0.9371638717948719,-0.752645403846154,-0.5196021538461539,-0.4161767692307694,-0.38420410256410276,-0.49794155769230797,-0.6849970000000002,-0.8777375641025643,-0.9982989230769233,-1,-1,-1,-1,-1,-0.9810544230769231,-0.8675003076923078,-0.6838189230769233,-0.48270959615384634,-0.37205964102564115,-0.3696891730769233,-0.4719480769230771,-0.6242348076923079,-0.8900479230769232,-0.9884618461538461,-1,-1,-1,-1,-0.9846155384615388,-0.9152473076923079,-0.8209366000000001,-0.624745512820513,-0.4427170512820514,-0.34938953846153853,-0.35550773076923103,-0.4098348461538465,-0.6622614230769233,-0.8281016410256411,-0.913141153846154,-1,-1,-1,-1,-0.9493080000000003,-0.8711054038461539,-0.7381231230769233,-0.5749848269230772,-0.4050457884615387,-0.3096153846153847,-0.33063450000000005,-0.4560888461538465,-0.6842136666666667,-0.8461538076923079,-0.9188811923076924,-1,-1,-1,-1,-0.869924057692308,-0.7712845128205129,-0.6453846923076924,-0.49862175384615404,-0.37220946153846174,-0.2895128846153849,-0.30541161538461564,-0.42889571794871806,-0.6310252692307693,-0.8441423333333334,-0.9235583461538464,-1,-1,-1,-1,-0.8413979230769232,-0.735628153846154,-0.592189903846154,-0.43513661538461545,-0.3300771923076926,-0.2447535384615386,-0.29079702564102566,-0.43009698076923086,-0.5971862820512823,-0.8001481923076925,-0.895769076923077,-1,-1,-1,-0.8491922769230771,-0.7826246410256412,-0.6685592179487181,-0.5386354134615386,-0.4076948205128206,-0.20141508791208806,-0.06972187179487195,-0.2023863461538462,-0.43305857692307714,-0.6358781360946747,-0.7972181447963802,-0.8678194358974359,-1,-1
linenap_8l_short_me,-1,-1,-1,-1,-1,-1,-1,-1,-1,-1,-1,-1,-1,-1,-0.8213513006896552,-1,-1,-1,-1,-1,-1,-1,-1,-1,-1,-1,-1,-1,-1,-1,-1,-1,-1,-1,-1,-1,-1,-1,-1,-1,-1,-1,-1,-1,-1,-1,-1,-1,-1,-1,-1,-1,-1,-1,-1,-1,-1,-1,-1,-1,-1,-1,-1,-1,-1,-1,-1,-1,-1,-1,-1,-1,-1,-1,-1,-1,-1,-1,-1,-1,-1,-1,-1,-1,-1,-1,-1,-1,-1,-1,-1,-1,-1,-1,-1,-1,-1,-1,-1,-1,-1,-1,-1,-1,-1,-1,-1,-1,-1,-1,-1,-1,-1,-1,-1,-1,-1,-1,-1,-1,-1,-0.6357318000000001,-0.69599996,-0.7600000800000002,-0.74400004,-1,-1,-1,-1,-1,-1,-1,-1,-1,-1,-1,-0.750954576,-0.7192264933333334,-0.79137066,-0.658077062857143,-0.6717404866666667,-0.6528363800000001,-0.74767876,-0.7803037,-0.6524442000000001,-1,-1,-1,-1,-1,-1,-0.7044794533333334,-0.7561144866666668,-0.7338296000000001,-0.6484279450000001,-0.5420087733333334,-0.5613915320000001,-0.5483413400000001,-0.5679007850000001,-0.43525965777777786,-0.4277456866666667,-0.73750004,-0.5413203733333335,-0.48775336,-1,-0.6106666000000001,-0.4758113200000001,-0.52097747,-0.61663338,-0.592471465,-0.5062800080000002,-0.5988813480000001,-0.6375830914285715,-0.4177435850000001,-0.31033897333333343,-0.2634156514285715,-0.29895029230769243,-0.29182389600000014,-0.34566578400000003,-0.34622236000000006,-0.24179610666666673,-0.2557553600000001,-0.26183739000000006,-0.36880004,-0.25984510000000005,-0.28107792000000004,-0.24185336000000007,-0.17264712000000007,-0.16857364000000005,-0.1763069120000001,-0.19095918000000006,-0.1979700000000001,-0.20216826666666673,-0.21379440666666674,-0.16361431333333343,-0.12545428000000014,-0.12809580000000018,-0.12415370000000003,-1,-0.11875108000000012,-0.1333786600000001,-0.13716684000000012,-0.13095281333333345,-0.14004228000000007,-0.15695552000000007,-0.14241585333333343,-1,-0.13393169333333335,-0.1363991333333335,-0.12351907428571438,-0.12120020000000009,-0.08768292000000008,-0.10151464000000006,-1,-0.06774741333333341,-0.08547296000000008,-0.04688064666666677,-0.040599440000000084,-0.07078044800000009,-0.06397320666666677,-0.03976431200000006,-0.08400008000000003,-0.06627081000000007,-0.03214192000000007,-0.06373380666666677
linenap_8l_short_se,-1,-1,-1,-1,-1,-1,-1,-1,-1,-1,-1,-1,-1,-1,-1,-1,-1,-1,-1,-1,-1,-1,-1,-1,-1,-1,-1,-1,-1,-1,-1,-1,-1,-1,-1,-1,-1,-1,-1,-1,-1,-1,-1,-1,-1,-1,-1,-1,-1,-1,-1,-1,-1,-1,-1,-1,-1,-1,-1,-1,-1,-1,-1,-1,-1,-1,-1,-1,-1,-1,-1,-1,-1,-1,-1,-1,-1,-1,-1,-1,-1,-1,-1,-1,-1,-1,-1,-1,-1,-1,-1,-1,-1,-1,-1,-1,-1,-1,-1,-1,-1,-1,-1,-1,-1,-1,-1,-1,-1,-1,-1,-1,-1,-1,-1,-1,-1,-1,-1,-1,-1,-1,-1,-1,-1,-1,-1,-1,-1,-1,-1,-1,-1,-1,-1,-1,-1,-0.9170954720000001,-1,-0.9300805200000002,-0.9184129466666667,-1,-0.8280001600000002,-1,-1,-1,-1,-1,-1,-1,-1,-0.4751178533333335,-0.6697085200000001,-0.8216769866666668,-0.7936574400000002,-0.7963529360000001,-0.7849164628571429,-0.8026751333333334,-0.8078181066666668,-0.8496649422222223,-0.8557001066666667,-0.8638334000000001,-0.869120128,-1,-1,-1,-0.30367942857142866,-0.349549502857143,-0.3660630720000001,-0.3533858100000001,-0.4330006800000001,-0.45286696000000015,-0.5584313850000001,-0.5176911160000001,-0.5395019672727274,-0.5279648571428572,-0.4992185733333334,-0.42474076000000016,-0.4373508533333334,-0.4531290800000001,-0.22760604000000018,-0.22585515000000006,-0.2124836000000001,-1,-0.2128054900000001,-0.21388982000000012,-0.22888034400000007,-0.2449104866666668,-0.24697096666666676,-0.2498470800000001,-0.24934277333333343,-0.2360000400000002,-0.28736551333333343,-0.3041479650000001,-0.34666471272727284,-0.17036714666666683,-0.15411172000000012,-0.1476009466666667,-0.15381812000000017,-0.1614603200000001,-0.16334836000000008,-0.16001944,-0.15411446000000018,-0.15400180000000008,-0.15883270000000005,-0.1535590200000001,-1,-0.15305850000000004,-0.15537852000000008,-0.1687708222222223,-0.12074624000000005,-0.11415984571428581,-0.11500726000000017,-0.11511095999999998,-0.12196307200000009,-0.13410482666666676,-0.06871376333333341,-0.059301014545454625,-0.05992005454545461,-0.1266534800000001,-0.11419690400000007,-0.11257156000000013,-0.08656958666666677,-0.08320046000000009,-0.0854179200000001
pillowc_12l_long_me,-1,-1,-1,-1,-1,-1,-1,-1,-1,-1,-1,-1,-1,-1,-0.6035131074074076,-1,-1,-1,-1,-1,-1,-0.9846667000000002,-1.018611166666667,-0.8691480500000004,-1,-1,-1,-1,-1,-1,-1,-1,-1,-1,-1,-0.8079995333333334,-0.6731301200000002,-0.538277177777778,-0.45464168333333344,-0.4963864,-1,-1,-1,-1,-1,-1,-1,-1,-1,-1,-0.6319462800000002,-0.7971156533333336,-0.9492678666666668,-0.9905167555555557,-0.8679380400000002,-0.6687047666666668,-0.49966153333333346,-1,-1,-1,-1,-1,-1,-0.43649263333333355,-0.42601553333333353,-0.5939903200000002,-0.7489421733333336,-0.8596850000000003,-0.9833430111111114,-0.8835058500000003,-0.6844924000000002,-0.5599260666666669,-0.4741667333333337,-1,-1,-1,-1,-1,-0.40390396666666684,-0.4172524133333335,-0.5484226000000002,-0.6577510800000002,-0.8245817000000003,-0.9667215333333334,-1.0148427333333334,-0.8686692000000003,-0.6316392000000003,-0.44497580000000014,-1,-1,-1,-1,-1,-0.3626563666666668,-0.4321676666666669,-0.5576780666666667,-0.7028248555555557,-0.8835942833333336,-0.9952828333333338,-0.9295111,-0.6654630500000002,-0.5127843833333335,-0.35901291111111133,-1,-1,-1,-1,-1,-0.33474670000000023,-0.4411680000000001,-0.5530639666666669,-0.7136443333333335,-0.7640002666666668,-0.8788697666666669,-0.9905551733333335,-0.8665411666666669,-0.37450813333333344,-0.3411325000000001,-1,-1,-1,-1,-1,-0.32925286666666687,-0.40792362222222245,-0.5290369333333335,-0.6806495200000001,-0.8318373666666669,-1.0023584222222226,-0.9393447600000001,-0.48933841666666683,-0.3112225500000002,-0.38656642222222243,-1,-1,-1,-1,-1,-0.4644446333333335,-0.5628521500000001,-0.6662114222222224,-0.8143348666666668,-0.9089646444444448,-0.7577146666666669,-0.3878113666666669,-0.26855741666666677,-0.33182608333333347,-0.4521135555555557,-1,-1,-1,-1,-1,-0.5425618666666667,-0.6749918333333336,-0.7292007,-0.843466,-0.9327273,-0.8324695333333336,-0.2795026800000001,-0.2598355833333335,-0.36955025000000025,-0.47442837777777797,-1,-1,-1,-1,-1,-0.5583101333333337,-0.6349126222222223,-1,-0.7721447066666669,-0.9331847333333336,-0.33896288000000013,-0.21841691666666682,-0.25669070000000016,-0.40406485000000014,-0.5012368000000001,-1,-1,-1,-1,-1,-1,-0.6378698500000002,-1,-0.738379177777778,-0.7913959333333336,-0.4080902400000001,-0.21280668888888904,-0.27413945000000006,-0.4071336166666668,-0.6521878222222225,-1,-1,-1,-1,-1,-1,-0.7404878666666668,-1,-0.8428770666666668,-0.7796260833333335,-0.44768800000000003,-0.2789780666666669,-0.23844981111111122,-0.3867129777777779,-0.5389339166666667,-1,-1,-1,-1,-1,-1,-0.3820032666666669,-0.18730929166666677,-0.4908788370370372,-0.36785556969696986,-0.6466640285714288,-0.2596146333333335,-0.41317503333333355,-0.13119100000000022,-0.22581842222222243,-1,-1
pillowc_12l_long_se,-1,-1,-1,-1,-1,-1,-1,-1,-1,-1,-1,-1,-1,-1,-1,-1,-1,-1,-1,-1,-1,-0.6926669333333335,-0.6204422444444446,-0.5714773666666668,-0.6377307000000003,-1,-1,-1,-1,-1,-1,-1,-1,-1,-1,-0.8783334,-0.7638724666666669,-0.5929542166666668,-0.5430704000000002,-0.6553156666666669,-1,-1,-1,-1,-1,-1,-1,-1,-1,-0.9533335333333334,-0.8856671000000002,-0.7180030533333335,-0.5450457000000002,-0.5165984444444447,-0.625119116666667,-1,-1,-1,-1,-1,-1,-1,-1,-1.1416669333333336,-1.0293206166666669,-0.8848494333333334,-0.6996578555555557,-0.5405350222222224,-0.48912598888888903,-0.6474233066666668,-0.8257850222222224,-1,-1,-1,-1,-1,-1,-1,-1.1420614444444446,-1.0258714500000004,-0.8756246666666669,-0.6645268666666668,-0.4797476166666668,-0.47061295000000025,-0.6670522400000002,-0.8886934000000002,-1.0496034833333334,-1,-1,-1,-1,-1,-1,-1.1263868833333335,-1.0191271166666667,-0.8471147466666669,-0.6533923333333336,-0.4663316500000002,-0.45548657333333353,-0.6731298666666669,-0.9364898166666669,-1.0650158222222226,-1,-1,-1,-1,-1,-1,-1.099912866666667,-0.9892284933333335,-0.8140618666666669,-0.5910838666666669,-0.41789904444444465,-0.4112424000000001,-0.602000377777778,-1.026666733333334,-1.0634504666666669,-1,-1,-1,-1,-1,-1,-1.0743091111111114,-0.9579408666666668,-0.7745195333333335,-0.5614804400000002,-0.40247905000000017,-0.4014341666666668,-0.4738473333333334,-1,-1.0578222000000002,-1,-1,-1,-1,-1,-1,-1.0602401555555558,-0.9234629066666669,-0.7330684666666669,-0.45513220000000015,-0.3444887833333336,-0.3730429333333335,-0.4278918000000002,-1,-1.0531481000000003,-1,-1,-1,-1,-1,-1,-1.0117287555555559,-0.9025695500000002,-0.7138194133333335,-0.4575821555555557,-0.3212064000000002,-0.3271316833333336,-0.39571490000000026,-1,-1,-1,-1,-1,-1,-1,-1,-1.0069628888888893,-0.8715869466666668,-0.6437233466666669,-0.4329756266666669,-0.27753890000000014,-0.3226456333333335,-0.49795833333333356,-1,-1,-1,-1,-1,-1,-1,-1,-0.9689698000000002,-0.8355750380952383,-0.6139897066666669,-0.3900113666666668,-0.2554731111111113,-0.27402754666666684,-0.46363836666666686,-1,-0.8883334666666669,-1,-1,-1,-1,-1,-1,-0.9376034666666668,-0.7964945733333335,-0.6027560444444446,-0.3442663733333335,-0.21036128333333348,-0.2626766833333335,-0.3763457777777779,-0.7151236444444445,-0.8615586666666669,-1,-1,-1,-1,-1,-1,-0.8742868571428574,-0.7724064466666668,-0.5296997647058825,-0.33917475833333355,-0.06011152753623203,-0.21275745555555572,-0.3729953111111113,-0.5312631688888891,-0.7571119200000002,-0.7447755666666669,-1,-1
pillowc_12l_short_me,-1,-1,-1,-1,-1,-1,-1,-1,-1,-1,-1,-1,-1,-1,-1,-1,-1,-1,-1,-1,-1,-1,-1,-1,-1,-1,-1,-1,-1,-1,-1,-1,-1,-1,-1,-1,-1,-1,-1,-1,-1,-1,-1,-1,-1,-1,-1,-1,-1,-1,-1,-1,-1,-1,-1,-1,-1,-1,-1,-1,-1,-1,-1,-1,-1,-1,-1,-1,-0.7240261071428573,-0.7178571428571431,-1,-1,-1,-0.6303571071428573,-0.5872232321428572,-1,-1,-1,-1,-0.7181475714285716,-0.7036778333333333,-0.6824863095238096,-0.6842611904761905,-0.6759667321428571,-0.6651993452380952,-0.6390867767857142,-0.62752325,-0.6222679464285715,-0.6083131071428571,-0.5770750231092437,-1,-1,-1,-0.6943453482142856,-0.6640475892857142,-0.6343859910714286,-0.6319755285714286,-0.6125574,-0.5964750142857143,-0.5895150892857143,-0.5734729047619049,-0.5605784910714285,-0.5547485267857144,-0.5495307232142859,-0.5059880654761905,-1,-1,-1,-0.5985000714285715,-0.5808532642857143,-0.5647492214285714,-0.5468983571428572,-0.5211906875000001,-0.5162494375,-0.5099481785714286,-0.49517225,-0.4801352946428572,-0.4652730857142858,-0.449306418367347,-0.4239585966386555,-1,-1,-1,-0.5306532142857143,-0.5119762738095239,-0.4732542214285715,-0.4622290476190476,-0.4381402053571429,-0.42938264880952387,-0.4172223357142858,-0.40077609285714294,-0.38697244285714294,-0.3678759142857143,-0.34937543571428575,-0.31065880612244906,-1,-1,-0.4456847857142858,-0.45671005952380955,-0.4374118928571429,-0.40452658333333336,-0.3711809285714286,-0.3601705982142857,-0.3291539714285715,-0.3316999928571429,-0.3026048690476191,-0.2833405595238096,-0.25588875000000005,-0.2447647380952381,-0.22744598928571436,-1,-1,-0.4140128035714286,-0.39152477678571435,-0.3591494928571429,-0.3299747023809525,-0.2957622678571429,-0.28063864285714285,-0.25801108571428577,-0.22852076785714293,-0.21232572321428583,-0.19902247321428584,-0.18292441071428578,-0.1802688571428573,-0.19947600000000007,-1,-1,-0.35861456250000007,-0.3350189357142857,-0.29987344285714296,-0.26513785714285726,-0.23031575714285718,-0.2088224857142858,-0.18539137500000005,-0.17416512500000003,-0.17014383928571442,-0.1750427142857144,-0.17613132142857152,-0.17489582142857157,-0.18339422142857148,-1,-1,-0.30514465178571426,-0.28534601785714286,-0.2506995892857143,-0.20733758571428576,-0.18210572619047624,-0.15098033035714292,-0.1486820238095239,-0.14592410714285725,-0.14924759523809528,-0.1648238928571429,-0.17213201785714297,-0.1723882678571429,-0.1699697678571429,-1,-1,-0.25714292857142856,-0.2373321357142858,-0.2007617071428572,-0.16374572857142863,-0.13552153571428577,-0.11329953571428579,-0.11357013095238101,-0.12797710714285723,-0.1411482232142858,-0.14856753571428574,-0.16353889285714293,-0.16711917857142866,-0.16807112500000002,-1,-1,-1,-0.16117455803571432,-0.13137848626373633,-0.10155225446428578,-0.05287807619047626,-0.040308373626373725,-0.04801909047619056,-0.10631465625000006,-0.11466911224489806,-0.1344184438775511,-0.14225336111111117,-0.15124366071428577,-0.15514359285714294
pillowc_12l_short_se,-1,-1,-1,-1,-1,-1,-1,-1,-1,-1,-1,-1,-1,-1,-1,-1,-1,-1,-1,-1,-1,-1,-1,-1,-1,-1,-1,-1,-1,-1,-1,-1,-1,-1,-1,-1,-1,-1,-1,-1,-1,-1,-1,-1,-1,-1,-1,-1,-1,-1,-1,-1,-1,-1,-1,-1,-1,-1,-1,-1,-1,-1,-1,-1,-1,-1,-1,-1,-1,-1,-1,-1,-1,-1,-1,-0.6794082642857143,-0.7118385714285713,-0.7173214464285713,-1,-1,-1,-1,-1,-1,-1,-1,-1,-1,-1,-1,-0.6223237142857143,-0.6412296964285714,-0.6735253673469388,-0.7038455178571429,-0.7418019285714286,-0.7546087142857141,-0.7583333928571427,-1,-1,-1,-1,-1,-1,-1,-1,-0.4993565357142857,-0.5152602380952381,-0.5568886377551021,-0.6223331964285714,-0.6657399948979591,-0.7130828392857144,-0.7396900624999999,-0.7847835714285714,-0.7948811071428572,-1,-1,-1,-1,-1,-1,-0.3882592428571429,-0.3906919142857143,-0.42935610714285716,-0.48664762500000003,-0.5446661688311689,-0.6167567448979591,-0.6615815357142858,-0.711727619047619,-0.7600436,-0.7861041964285713,-0.8071295535714286,-0.8194217500000001,-1,-1,-1,-0.3139324642857143,-0.3142401071428572,-0.3314039523809524,-0.3588529693877551,-0.4017377346938776,-0.47164160357142865,-0.5256594206349207,-0.5792339682539682,-0.6449842857142858,-0.6933075535714286,-0.7305247678571429,-0.7693047083333333,-0.8224868809523809,-1,-1,-0.2720826190476191,-0.26678469047619047,-0.2552240857142858,-0.2602876607142858,-0.2937569142857143,-0.32192994444444445,-0.38156461734693886,-0.42940955803571434,-0.48858633163265314,-0.5537198392857143,-0.5957550510204082,-0.6544200357142858,-0.7045614948979592,-0.7498512053571429,-1,-0.24687507142857146,-0.2392656428571429,-0.22611425000000013,-0.21427548809523816,-0.22092316666666675,-0.23110033035714286,-0.25501177551020415,-0.28286599553571434,-0.33139436904761915,-0.40172526587301594,-0.45283752597402605,-0.5247331785714286,-0.5810697619047618,-1,-1,-1,-0.21781475000000003,-0.2136658392857144,-0.20028110714285724,-0.18366877380952384,-0.1786270238095239,-0.17906854761904759,-0.1742515982142858,-0.19583892857142862,-0.24322562500000006,-0.2894445446428572,-1,-1,-1,-1,-1,-0.20237051785714288,-0.19557198214285726,-0.1810111160714286,-0.17335966071428577,-0.15004771428571434,-0.14113412500000005,-0.12570919642857156,-0.11967990476190479,-0.15026525000000007,-0.18320858333333342,-0.22303508035714295,-0.35327391071428577,-0.4916249821428572,-1,-0.16168157142857148,-0.1593889795918368,-0.15392277040816332,-0.14362716666666678,-0.1368983928571429,-0.1297451071428572,-0.0701225084033614,-0.04422868622448987,-0.03990620604395612,-0.07898375396825405,-0.07627815714285721,-0.09702632440476196,-0.10774128125000007,-1,-1
pillowc_16l_long_me,-1,-1,-1,-1,-1,-1,-1,-1,-1,-1,-1,-1,-1,-1,-1,-1,-1,-1,-1,-1,-1,-1,-1,-1,-1,-1,-1,-1,-1,-1,-1,-0.5896176428571429,-0.5949156071428572,-0.606211357142857,-0.6088910000000001,-1,-1,-1,-1,-1,-1,-1,-1,-1,-1,-0.5818324285714287,-0.5574118571428573,-0.5684473333333334,-0.5853571428571429,-0.5884492500000003,-0.5972723571428571,-0.6185970178571429,-0.6264762857142859,-0.6375801190476191,-0.6570208928571429,-0.6359593392857144,-0.6499995,-0.64881875,-0.6650611428571428,-0.6765231071428571,-1,-0.5244195714285714,-0.5290033571428573,-0.5403423571428573,-0.548241142857143,-0.5504865357142859,-0.5625243333333334,-0.5784232142857143,-0.5858451785714287,-0.6065003214285716,-0.5849913571428573,-0.6147754642857145,-0.6241716607142859,-0.6296224285714286,-0.6503239571428573,-1,-0.46951808928571437,-0.485988642857143,-0.5035725714285716,-0.5034946428571427,-0.5034492857142858,-0.5210369523809525,-0.5287704285714288,-0.5340174821428572,-0.5374176071428574,-0.5386296785714287,-0.5584466666666669,-0.5805319642857145,-0.5858680714285714,-0.6123429714285715,-1,-0.41030374285714305,-0.44110678571428585,-0.4656381428571429,-0.4653712678571429,-0.4603738571428573,-0.46961357142857146,-0.47082907142857156,-0.4811656571428573,-0.4857767500000002,-0.49111628571428584,-0.5095238571428573,-0.5391478571428572,-0.5596805476190476,-0.5737876904761905,-1,-0.3778334642857143,-0.418376142857143,-0.432331,-0.4321436428571428,-0.41789853571428587,-0.42030042857142874,-0.42142850000000026,-0.43368260714285733,-0.4363636428571428,-0.45060816666666675,-0.4854286071428572,-0.5041671071428573,-1,-0.5521938928571429,-1,-0.3212965000000001,-0.373402242857143,-0.4095715714285717,-0.38796652380952407,-0.37412553571428575,-0.3823075357142859,-0.3815567500000001,-0.3824225535714287,-0.38725550000000014,-0.41022203571428584,-0.4360187857142858,-0.4795465714285716,-0.5016048333333334,-0.5166922321428573,-1,-0.2778261428571429,-0.33693264285714297,-0.36143528571428596,-0.3524249761904764,-0.33217921428571445,-0.32058716666666676,-0.337618142857143,-0.3390984642857144,-0.3426910000000001,-0.3680984107142859,-0.41118621428571445,-0.4435015714285716,-0.4758362857142858,-0.4977491964285715,-1,-0.22674945238095254,-0.29341751428571444,-0.3134575714285716,-0.3032522142857144,-0.2874043928571428,-0.2801246190476192,-0.288525392857143,-0.29128557142857153,-0.2987421785714287,-0.3194124523809525,-0.3616489285714287,-0.4052721428571429,-0.43219140476190493,-0.45348754285714293,-1,-0.1861551785714288,-0.2343374107142859,-0.2720408571428574,-0.2660448571428573,-0.24989071428571452,-0.24420764285714294,-0.24648242857142857,-0.2534165357142858,-0.2647207857142857,-0.2882784761904763,-0.33735671428571445,-0.3627540357142859,-0.39744607142857147,-0.42390760714285736,-1,-0.13781137500000018,-0.1842806964285715,-0.2247366428571429,-0.21722725714285723,-0.21328742857142863,-0.21420537500000014,-0.21213010714285732,-0.21702473809523826,-0.22257521428571442,-0.26923597619047623,-0.2875786190476192,-0.3284090000000001,-0.3558759523809526,-0.40589328571428585,-1,-0.09290592857142874,-0.1408753392857144,-0.18396178571428604,-0.18654196428571454,-0.18687028571428604,-0.20614014285714305,-0.18740928571428583,-0.20198504761904773,-0.20104214285714284,-0.21486058928571442,-0.2537028571428572,-0.28610316071428576,-0.315601880952381,-0.36462005714285733,-1,-0.12048173809523816,-0.1290266250000001,-0.13961021428571438,-0.15602162500000008,-0.17214275000000012,-0.11210330612244916,-0.07343052232142873,-0.10002116666666677,-0.17587357142857168,-0.18423701428571437,-0.2032393714285716,-0.23276289285714302,-0.2693078571428572,-0.2956979505494507
pillowc_16l_long_se,-1,-1,-1,-1,-1,-1,-1,-1,-1,-1,-1,-1,-1,-1,-1,-1,-1,-1,-1,-1,-1,-0.4839795714285715,-0.4109856071428574,-0.3506565357142858,-0.39436725000000006,-1,-1,-1,-1,-1,-1,-1,-1,-1,-0.8028572857142859,-0.6793815714285715,-0.5368881190476191,-0.38427500000000014,-0.3327293928571431,-0.37479582142857143,-0.4661938571428573,-1,-1,-1,-1,-1,-1,-1,-0.8889608571428571,-0.826716142857143,-0.6259630952380952,-0.48607023809523825,-0.36655341071428577,-0.3210582500000001,-0.37813585714285713,-0.4983423750000002,-0.7173785535714287,-0.8123208392857143,-1,-1,-1,-1,-1,-0.8648811071428573,-0.7862065,-0.6620931964285716,-0.45457664285714294,-0.34578832142857147,-0.3095572142857145,-0.3772965000000001,-0.5172622142857143,-0.6633666547619048,-0.7992979285714286,-1,-1,-1,-1,-1,-0.8395939642857142,-0.7472461571428572,-0.5675328285714286,-0.41909353571428576,-0.3170017142857144,-0.2996942142857145,-0.37527030952380963,-0.4896188333333335,-0.678861517857143,-0.794746392857143,-1,-1,-1,-1,-1,-0.8378001428571429,-0.6996336666666667,-0.5794185476190477,-0.4113444523809525,-0.32068964285714285,-0.290613785714286,-0.3280458571428573,-0.5137331785714285,-0.6280222857142859,-0.7665913571428573,-1,-1,-1,-1,-0.7959184285714285,-0.7674423714285714,-0.6352536071428573,-0.4782432857142859,-0.3643548571428573,-0.2834945714285715,-0.2822982142857143,-0.3962847500000003,-0.47159646428571433,-0.6637446666666669,-0.7740597142857142,-1,-1,-1,-1,-1,-0.7272036428571429,-0.6333909999999999,-0.4827963035714288,-0.3481123095238096,-0.27694421428571453,-0.27581121428571453,-0.36128425000000003,-0.5357443095238096,-0.6343127500000001,-0.7366273809523811,-0.7738095714285713,-1,-1,-1,-0.7321500714285716,-0.6699548214285715,-0.5737117857142858,-0.42623207142857156,-0.33804378571428584,-0.2731419642857143,-0.26306857142857154,-0.3197285000000001,-0.48982595238095256,-0.6216766071428571,-0.7144939285714287,-1,-1,-1,-1,-0.6894128928571429,-0.6235060714285716,-0.5472282142857144,-0.4349310000000001,-0.2969751904761906,-0.2522649285714285,-0.2545322142857143,-0.3149678809523811,-0.4584419464285715,-0.5949397380952381,-0.6834201071428573,-1,-1,-1,-0.6651786428571431,-0.638773517857143,-0.5549996785714287,-0.4881479523809525,-0.37807228571428586,-0.28286423809523836,-0.24087678571428586,-0.24631371428571447,-0.3094383095238097,-0.43845630357142873,-0.5658819285714287,-0.6745658571428572,-0.7071430714285715,-1,-1,-0.6165587142857142,-0.5918377857142858,-0.5215430000000002,-0.4362030000000002,-0.35017214285714304,-0.27272945238095264,-0.2128955714285715,-0.22304166666666683,-0.3052795476190478,-0.4123670238095239,-0.5341430714285716,-0.639255017857143,-0.6714288571428572,-1,-1,-0.5933980714285715,-0.5513487380952383,-0.48771104761904777,-0.4132418571428572,-0.3049808571428573,-0.25103714285714296,-0.19527935714285732,-0.21252107142857152,-0.303525261904762,-0.4094987857142859,-0.5195395952380953,-0.6261543333333334,-0.6687502142857142,-1,-1,-0.5664372285714286,-0.49562024285714296,-0.42723030357142877,-0.35812257142857146,-0.28754126785714307,-0.1578520535714287,-0.09293800396825415,-0.13793365476190494,-0.30266677551020427,-0.4252741984126985,-0.5203829910714287,-0.6054809693877552,-0.6714288571428572,-1
pillowc_16l_short_me,-1,-1,-1,-1,-1,-1,-1,-1,-1,-1,-1,-1,-1,-1,-1,-1,-1,-1,-1,-1,-1,-1,-1,-1,-1,-1,-1,-1,-1,-1,-1,-1,-1,-1,-1,-1,-1,-1,-1,-1,-1,-1,-1,-1,-1,-1,-1,-1,-1,-1,-1,-1,-1,-1,-1,-1,-1,-1,-1,-1,-1,-1,-1,-1,-1,-1,-1,-1,-1,-1,-1,-1,-1,-1,-1,-1,-1,-1,-1,-1,-1,-1,-1,-1,-1,-1,-1,-1,-1,-1,-1,-1,-1,-1,-1,-1,-1,-1,-1,-1,-1,-1,-1,-1,-1,-1,-1,-1,-1,-1,-1,-1,-1,-1,-1,-1,-1,-1,-1,-1,-1,-1,-1,-1,-1,-1,-1,-1,-1,-1,-1,-1,-1,-1,-1,-1,-1,-1,-0.8515460000000001,-0.8435661304347827,-0.8249293188405799,-0.8372353260869565,-0.8388165869565217,-0.831576463768116,-0.8278822753623188,-0.8433728478260869,-0.8698552608695652,-0.7774758260869565,-0.7615545217391304,-0.7546743130434784,-1,-1,-0.7442029565217392,-0.6829896714975846,-0.6715150652173913,-0.6337952391304349,-0.6312474652173914,-0.6556953550724638,-0.6109349855072465,-0.6124315458937198,-0.6259548152173914,-0.6259075072463769,-0.5394549420289856,-0.5986474891304349,-0.5148274891304349,-1,-1,-0.4788632989130436,-0.4315132360248448,-0.41239513526570054,-0.35080775000000014,-0.35068063043478265,-0.3488623565217392,-0.33082827717391317,-0.3251832111801243,-0.3301713858695653,-0.3200979627329193,-0.250087597826087,-0.25535039130434795,-0.2592973315217392,-1,-0.2212561086956522,-0.24255842028985516,-0.2361090942028986,-0.18766173913043485,-0.17106619565217396,-0.1710886811594204,-0.17408701449275374,-0.1749637101449276,-0.17639759420289866,-0.17898243478260878,-0.18069879710144932,-0.18302614492753627,-0.19312776086956523,-0.2008636086956523,-1,-0.14269031304347835,-0.10907595652173921,-0.11067008695652183,-0.11425027536231896,-0.12839841304347838,-0.13059660869565232,-0.12803613043478274,-0.12845036956521755,-0.1416745217391306,-0.1532082608695654,-0.16240917391304346,-0.16548139130434802,-0.17035891304347833,-0.1734253478260871,-1,-0.06101452173913057,-0.0655357391304349,-0.08418600000000007,-0.11814479710144939,-0.11880903260869578,-0.05121643143812719,-0.04592147826086964,-0.05147138509316781,-0.09648752173913049,-0.1301182173913044,-0.1332652347826088,-0.12740233913043492,-0.12513553623188414,-0.13720058695652187
pillowc_16l_short_se,-1,-1,-1,-1,-1,-1,-1,-1,-1,-1,-1,-1,-1,-1,-1,-1,-1,-1,-1,-1,-1,-1,-1,-1,-1,-1,-1,-1,-1,-1,-1,-1,-1,-1,-1,-1,-1,-1,-1,-1,-1,-1,-1,-1,-1,-1,-1,-1,-1,-1,-1,-1,-1,-1,-1,-1,-1,-1,-1,-1,-1,-1,-1,-1,-1,-1,-1,-1,-1,-1,-1,-1,-1,-1,-1,-1,-1,-1,-1,-1,-1,-1,-1,-1,-1,-1,-1,-1,-1,-1,-1,-1,-1,-1,-1,-1,-1,-1,-1,-1,-1,-1,-1,-1,-1,-1,-1,-1,-1,-1,-1,-1,-1,-0.7869566086956523,-0.7862952608695652,-0.7741063623188404,-0.7248698550724639,-0.7002557028985508,-0.6902782173913045,-0.6391305072463769,-1,-1,-0.8269566304347828,-0.8073126086956525,-0.7877174782608696,-0.7806248550724638,-0.7468789043478261,-0.7040905978260871,-0.6675155314009663,-0.6255625815217392,-0.5921941256038649,-0.5396333913043478,-0.5190333369565218,-0.5169656782608697,-0.5089562260869566,-1,-0.6888199565217392,-0.7003780062111802,-0.6833169869565219,-0.6366340724637681,-0.5899059627329193,-0.5518278043478262,-0.46261243478260883,-0.44909616770186345,-0.3979278623188407,-0.3983068260869566,-0.36852193913043485,-0.36574813913043486,-0.35600818478260876,-0.35580162318840586,-1,-0.3714698695652174,-0.3700039710144928,-0.36278529565217393,-0.37436867934782614,-0.3409117391304349,-0.3230681376811595,-0.28774570434782615,-0.27916222826086967,-0.2639632608695654,-0.2631062753623189,-0.2646819130434783,-0.26825801449275366,-0.27287484782608695,-0.2791498260869566,-0.21195663043478274,-0.23816398550724652,-0.23098753623188423,-0.22923136231884064,-0.22422028985507247,-0.200332579710145,-0.2003664782608696,-0.2015167101449276,-0.2026642608695653,-0.21301576086956525,-0.21326552173913055,-0.21697621739130435,-0.221269,-0.22570600000000007,-0.25531710869565216,-1,-0.19536786956521746,-0.1906065,-0.18747739130434787,-0.18086684782608703,-0.17173594202898557,-0.1627518043478261,-0.15988230434782624,-0.1622821086956523,-0.17303543478260877,-0.17698262318840588,-0.18154526086956535,-0.19702352173913054,-0.20270836956521754,-0.21573876086956534,-1,-0.20393480434782618,-0.20408460869565226,-0.20580530434782623,-0.1991739565217392,-0.17928508695652173,-0.15300808695652182,-0.1293196086956523,-0.12924058695652182,-0.13971191304347835,-0.1566662608695653,-0.16673047826086976,-0.17369155072463777,-0.17556771739130447,-0.18052365217391309,-1,-0.2345238550724638,-0.22834615217391313,-0.2158444855072465,-0.1891643768115943,-0.16781568478260878,-0.06638523602484483,-0.05148495652173921,-0.050454782608695736,-0.1296738333333335,-0.1381938043478262,-0.1465745326086957,-0.14884879710144938,-0.14101501086956533,-0.15154604347826095
pillowc_4l_long_me,-1,-1,-1,-1,-1,-1,-1,-1,-1,-1,-1,-1,-1,-1,-1,-1,-1,-1,-1,-1,-1,-1,-1,-1,-1,-1,-1,-1,-1,-1,-1,-1,-1,-1,-1,-1,-1,-1,-1,-1,-1,-1,-1,-1,-1,-1,-1,-1,-1,-1,-1,-1,-1,-1,-1,-1,-1,-1,-1,-1,-1,-1,-1,-1,-1,-1,-1,-0.46465169897959185,-1,-1,-1,-1,-1,-1,-1,-1,-1,-1,-1,-1,-1,-1,-0.4268358174603175,-1,-1,-1,-1,-1,-1,-1,-1,-1,-1,-1,-1,-1,-1,-0.3898971734693878,-1,-1,-1,-1,-1,-1,-1,-1,-1,-1,-1,-1,-1,-1,-0.3538664246031747,-1,-1,-1,-1,-1,-1,-1,-1,-1,-1,-1,-1,-1,-1,-0.3179055357142858,-1,-1,-1,-1,-1,-1,-1,-1,-1,-1,-1,-1,-1,-1,-0.28143227380952385,-1,-1,-1,-1,-1,-1,-1,-1,-1,-1,-1,-1,-1,-1,-0.24677180803571436,-0.29741433928571437,-1,-1,-1,-1,-1,-1,-1,-1,-1,-1,-1,-1,-1,-0.20935039880952386,-0.24398808035714292,-1,-1,-1,-1,-1,-1,-1,-1,-1,-1,-1,-1,-1,-0.1754846919642858,-0.18653647619047628,-1,-1,-1,-1,-1,-1,-1,-1,-1,-1,-1,-1,-1,-0.14142659285714293,-0.1476015357142858,-1,-1,-1,-1,-1,-1,-1,-1,-1,-1,-1,-1,-0.13607357417582422,-0.05192806377551029,-0.13942548015873021,-0.22428975892857148,-1,-1,-1,-1,-1
pillowc_4l_long_se,-1,-1,-1,-1,-1,-1,-1,-1,-1,-1,-1,-1,-1,-1,-0.8610546428571428,-1,-1,-1,-1,-1,-1,-1,-1,-1,-1,-1,-1,-1,-1,-0.8864158095238095,-1,-1,-1,-1,-1,-1,-1,-1,-1,-1,-1,-0.8286866428571428,-0.8284122857142858,-0.8108136785714284,-0.8068766785714285,-1,-1,-1,-1,-1,-1,-1,-1,-1,-1,-1,-0.8197359642857143,-0.7714074821428571,-0.7809125714285714,-0.7851094540816327,-1,-1,-1,-1,-1,-1,-1,-1,-1,-1,-1,-1,-1,-1,-0.76625725,-1,-1,-1,-1,-1,-1,-1,-1,-1,-1,-1,-1,-1,-1,-1,-1,-1,-1,-1,-1,-1,-1,-1,-1,-1,-1,-1,-1,-1,-1,-1,-1,-1,-1,-1,-1,-0.7991073035714287,-0.7591433080357142,-0.7097781488095238,-0.6813735714285715,-1,-1,-1,-1,-1,-1,-1,-1,-1,-1,-1,-0.6567039508928572,-0.6708959663865547,-0.6354217761904762,-0.603694056122449,-1,-1,-1,-1,-1,-1,-1,-1,-1,-1,-1,-0.5576005133928571,-0.5368018353174604,-0.5006115168067227,-0.5051011190476191,-1,-1,-1,-1,-1,-1,-1,-1,-1,-1,-1,-0.4060437142857143,-0.3806843357142858,-0.3782689642857143,-1,-1,-1,-1,-1,-1,-1,-1,-1,-1,-1,-1,-0.424233836734694,-0.3558431054421769,-0.47580431818181823,-1,-1,-1,-1,-1,-1,-1,-1,-1,-1,-1,-1,-0.4413943775510204,-0.5336854785714286,-0.4939143826530612,-0.4657764875,-0.2349576020408164,-1,-1,-1,-1,-1,-1,-1,-1,-1,-1,-1,-0.17943934821428578,-0.21204057397959192,-0.11183758928571436,-0.10681701428571438,-1,-1,-1,-1,-1,-1,-1,-1,-1,-1,0.0072875214285713,0.0027588636363635594,0.01867343749999992,-1,-1,-1,-1,-1,-1
pillowc_4l_short_me,-1,-1,-1,-1,-1,-1,-1,-1,-1,-1,-1,-1,-1,-1,-1,-1,-1,-1,-1,-1,-1,-1,-1,-1,-1,-1,-1,-1,-1,-1,-1,-1,-1,-1,-1,-1,-1,-1,-1,-1,-1,-1,-1,-1,-1,-1,-1,-1,-1,-1,-1,-1,-1,-1,-1,-1,-1,-1,-1,-1,-1,-1,-1,-1,-1,-1,-1,-1,-1,-1,-1,-1,-1,-1,-1,-1,-1,-1,-1,-1,-1,-1,-1,-1,-1,-1,-1,-1,-1,-1,-1,-1,-1,-1,-1,-1,-1,-1,-1,-1,-1,-1,-1,-1,-1,-1,-1,-1,-1,-1,-1,-1,-1,-1,-1,-1,-1,-1,-1,-1,-1,-1,-1,-1,-1,-1,-1,-1,-1,-1,-1,-1,-1,-1,-1,-1,-1,-1,-1,-1,-1,-1,-1,-1,-1,-1,-1,-1,-1,-1,-1,-1,-1,-1,-1,-1,-1,-1,-1,-1,-1,-1,-1,-1,-1,-1,-1,-1,-0.4413805259259259,-0.44978811503267974,-0.45641277333333335,-1,-1,-1,-0.4698039222222223,-0.4666125703703704,-0.4450712564102564,-1,-1,-1,-1,-1,-1,-1,-0.3736139722222223,-0.32505112275132275,-0.31452101728395065,-1,-0.2632843666666667,-0.32826530101010104,-0.33478042962962967,-0.3645287064327486,-0.39846919999999997,-1,-1,-1,-1,-1,-1,-1,-0.24068784444444452,-0.18557917916666672,-0.10661645000000004,-0.1623104744444445,-0.19435366250000005,-0.2734011888888889,-0.3222222888888889,-1,-1,-1,-1,-1,-1,-1,-1,-1,-0.08480906222222227,-0.02828208647343,-0.06705042798353912,-0.09559039555555564,-1,-1,-1,-1,-1
pillowc_4l_short_se,-1,-1,-1,-1,-1,-1,-1,-1,-1,-1,-1,-1,-1,-1,-1,-1,-1,-1,-1,-1,-1,-1,-1,-1,-1,-1,-1,-1,-1,-1,-1,-1,-1,-1,-1,-1,-1,-1,-1,-1,-1,-1,-1,-1,-1,-1,-1,-1,-1,-1,-1,-1,-1,-1,-1,-1,-1,-1,-1,-1,-1,-1,-1,-1,-1,-1,-1,-1,-1,-1,-1,-1,-1,-1,-1,-1,-1,-1,-1,-1,-1,-1,-1,-1,-1,-1,-1,-1,-1,-1,-1,-1,-1,-1,-1,-1,-1,-1,-1,-1,-1,-1,-1,-1,-1,-1,-1,-1,-1,-1,-1,-1,-1,-1,-1,-1,-1,-1,-1,-1,-1,-1,-1,-1,-1,-1,-1,-1,-1,-1,-1,-1,-1,-1,-1,-1,-1,-1,-1,-1,-1,-1,-1,-1,-1,-1,-1,-1,-1,-1,-1,-1,-1,-1,-1,-1,-1,-1,-1,-1,-1,-1,-1,-1,-1,-1,-1,-1,-1,-1,-1,-1,-1,-1,-1,-1,-1,-1,-1,-1,-0.23333335555555562,-0.26633911851851855,-0.27175444592592596,-0.27165673650793654,-0.24074078518518524,-0.23152784444444452,-1,-1,-1,-1,-0.18666671111111113,-0.21889071111111116,-0.24700630000000007,-0.27260322020202027,-0.2881371022222223,-0.2232099333333334,-0.21034174343434348,-0.19933124691358028,-0.20341262777777783,-0.1820628458333334,-0.17833593925925928,-0.1328665757575758,-0.14424251388888895,-0.10812547555555563,-0.13708958024691364,-0.16340099555555562,-0.18981028717948722,-0.2229347604938272,-0.24994820740740742,-0.2726984555555556,-1,-0.21954119682539686,-0.21940362483660136,-0.19867647632850247,-0.16872078431372553,-0.13832804888888892,-0.10525957361111117,-0.039065916825396875,-0.08443602905982911,-0.16479196023391815,-0.1931784035555556,-0.21236248585858591,-0.236023794949495,-0.24863581414141417,-1
pillowc_6l_long_me,-1,-1,-1,-1,-1,-1,-1,-1,-1,-1,-1,-1,-1,-1,-1,-1,-1,-1,-1,-1,-1,-1,-1,-1,-1,-1,-1,-1,-1,-1,-1,-1,-1,-1,-1,-1,-1,-1,-1,-1,-1,-1,-1,-1,-1,-1,-1,-1,-1,-1,-1,-1,-1,-1,-1,-1,-1,-1,-1,-1,-1,-1,-1,-1,-1,-1,-1,-1,-1,-1,-1,-1,-1,-1,-1,-1,-1,-1,-1,-1,-0.5773198782608697,-0.58218049689441,-1,-1,-1,-1,-1,-1,-1,-1,-1,-1,-1,-1,-1,-0.5189347246376813,-0.540635043478261,-0.6070682753623189,-1,-1,-1,-1,-1,-1,-1,-1,-1,-1,-1,-1,-1,-0.47157465217391314,-0.5745129619565218,-0.6842383623188407,-1,-1,-1,-1,-1,-1,-1,-1,-1,-1,-1,-1,-0.4049484173913044,-0.47725305370843996,-0.6680447515527951,-0.7819088586956524,-1,-1,-1,-1,-1,-1,-1,-1,-1,-1,-1,-0.3687980086956522,-0.40319932173913053,-0.609894945652174,-0.7563838840579711,-0.8640163416149068,-1,-1,-1,-1,-1,-1,-1,-1,-1,-1,-0.3096066739130436,-0.33159391638795993,-0.4947834864130436,-0.6691045298913044,-0.8091907360248448,-1,-1,-1,-1,-1,-1,-1,-1,-1,-1,-0.2888201304347828,-0.26184637826086965,-0.38266815527950315,-0.5152968070652175,-0.7184433608695653,-0.8606557453416148,-1,-1,-1,-1,-1,-1,-1,-1,-1,-1,-0.19445857971014502,-0.2748994818840581,-0.4320399644268776,-0.7777779130434782,-0.8442883369565218,-1,-1,-1,-1,-1,-1,-1,-1,-1,-1,-0.16130501630434785,-0.1730403913043479,-0.39693421739130447,-0.680880149068323,-0.847405729468599,-0.9021739130434783,-1,-1,-1,-1,-1,-1,-1,-1,-0.15906007391304358,-0.05799744260869574,-0.1400483876811595,-0.6763952971014494,-0.7207116666666668,-1,-1,-1,-1
pillowc_6l_long_se,-1,-1,-1,-1,-1,-1,-1,-1,-1,-1,-1,-1,-1,-1,-1,-1,-1,-1,-1,-1,-1,-1,-1,-1,-1,-1,-1,-1,-1,-1,-1,-1,-1,-1,-1,-1,-1,-1,-1,-1,-1,-1,-1,-1,-1,-1,-1,-1,-1,-1,-1,-1,-0.5825662608695652,-0.5812253478260871,-1,-1,-1,-1,-1,-1,-1,-1,-1,-1,-1,-1,-1,-0.5563353623188406,-0.5570941826086957,-1,-1,-1,-1,-1,-1,-1,-1,-1,-1,-1,-1,-1,-0.5104194130434784,-0.5186113804347827,-1,-1,-1,-1,-1,-1,-1,-1,-1,-1,-1,-1,-1,-0.46839654347826093,-0.4754932065217392,-1,-1,-1,-1,-1,-1,-1,-1,-1,-1,-1,-1,-1,-0.4229884673913044,-0.42220630434782613,-1,-1,-1,-1,-1,-1,-1,-1,-1,-1,-1,-1,-1,-0.38053105434782614,-0.366309847826087,-1,-1,-1,-1,-1,-1,-1,-1,-1,-1,-1,-1,-1,-0.33062082125603875,-0.33467390217391313,-1,-1,-1,-1,-1,-1,-1,-1,-1,-1,-1,-1,-1,-0.27876892028985517,-0.27677146376811607,-1,-1,-1,-1,-1,-1,-1,-1,-1,-1,-1,-1,-1,-0.2394908142292491,-0.2578375130434784,-1,-1,-1,-1,-1,-1,-1,-1,-1,-1,-1,-1,-1,-0.1751015217391305,-0.1908697391304349,-1,-1,-1,-1,-1,-1,-1,-1,-1,-1,-1,-1,-0.20978265217391306,-0.1661388309178745,-0.17408771739130446,-1,-1,-1,-1,-1,-1,-1,-1,-1,-1,-1,-1,-0.18819378260869574,-0.059838189799331185,-0.13919847608695662,-0.15480580434782615,-1,-1,-1,-1,-1
pillowc_6l_short_me,-1,-1,-1,-1,-1,-1,-1,-1,-1,-1,-1,-1,-1,-1,-1,-1,-1,-1,-1,-1,-1,-1,-1,-1,-1,-1,-1,-1,-1,-1,-1,-1,-1,-1,-1,-1,-1,-1,-1,-1,-1,-1,-1,-1,-1,-1,-1,-1,-1,-1,-1,-1,-1,-1,-1,-1,-1,-1,-1,-1,-1,-1,-1,-1,-1,-1,-1,-1,-1,-1,-1,-1,-1,-1,-1,-1,-1,-1,-1,-1,-1,-1,-1,-1,-1,-1,-1,-1,-1,-1,-1,-1,-1,-1,-1,-1,-1,-1,-1,-1,-1,-1,-1,-1,-1,-1,-1,-1,-1,-1,-1,-1,-1,-1,-1,-1,-1,-1,-1,-1,-1,-1,-1,-1,-1,-1,-1,-1,-1,-1,-1,-1,-1,-1,-1,-1,-1,-1,-1,-1,-1,-1,-1,-1,-1,-1,-1,-1,-1,-1,-1,-1,-1,-1,-1,-1,-1,-1,-1,-1,-1,-1,-1,-1,-1,-1,-1,-1,-1,-1,-1,-1,-1,-1,-1,-1,-1,-0.5137018851351353,-0.3339876981981983,-0.2752253243243244,-0.1937541306306307,-0.21385357657657666,-0.19344537100737105,-0.1728685945945947,-0.19145066891891901,-0.21726922162162166,-0.465069138996139,-0.7017416959459459,-0.6581673891891893,-0.5073848108108109,-0.3969446414414415,-0.23521162162162168,-0.28010126232114474,-0.24409173243243248,-0.22889799189189194,-0.14232027027027033,-0.13586808108108112,-0.13320445270270279,-0.4667070270270271,-0.39273434658187606,-0.4865985333333334,-0.387985705945946,-0.3348131295045046,-0.2469962734499206,-0.19784968243243253,-0.1436627270270271,-0.15392459459459465,-0.16174182094594602,-0.17915654440154447,-0.19386575675675682,-0.09532343412162167,-0.09514911411411418,-0.09637029054054058,-0.09519437387387394,-0.09172882239382245,-0.09424026640926644,-0.06621759459459466,-0.03440162355212361,-0.0529808600386101,-0.10142880270270274,-0.10756994087837843,-0.1184385495495496,-0.13073810135135142,-0.14285688553259146,-0.16489398648648654
pillowc_6l_short_se,-1,-1,-1,-1,-1,-1,-1,-1,-1,-1,-1,-1,-1,-1,-1,-1,-1,-1,-1,-1,-1,-1,-1,-1,-1,-1,-1,-1,-1,-1,-1,-1,-1,-1,-1,-1,-1,-1,-1,-1,-1,-1,-1,-1,-1,-1,-1,-1,-1,-1,-1,-1,-1,-1,-1,-1,-1,-1,-1,-1,-1,-1,-1,-1,-1,-1,-1,-1,-1,-1,-1,-1,-1,-1,-1,-1,-1,-1,-1,-1,-1,-1,-1,-1,-1,-1,-1,-1,-1,-1,-1,-1,-1,-1,-1,-1,-1,-1,-1,-1,-1,-1,-1,-1,-1,-1,-1,-1,-1,-1,-1,-1,-1,-1,-1,-1,-1,-1,-1,-1,-1,-1,-1,-1,-1,-1,-1,-1,-1,-1,-1,-1,-1,-1,-1,-1,-1,-1,-1,-1,-1,-1,-1,-1,-1,-1,-1,-1,-1,-1,-1,-1,-1,-1,-1,-1,-1,-1,-1,-1,-1,-1,-1,-1,-1,-1,-0.2547258513513514,-0.2649401351351352,-0.27882068918918923,-1,-1,-1,-1,-1,-1,-1,-1,-0.36287743693693697,-0.34638147027027033,-1,-1,-0.23923629189189194,-0.22243581081081085,-0.22277881756756762,-0.21873329238329245,-0.17351087644787652,-0.1638513783783785,-1,-1,-0.18604924324324326,-0.2324023054054055,-0.22955204729729736,-0.24378187387387393,-0.24494798069498075,-0.2583446486486487,-1,-0.2311473243243244,-0.2108070660660661,-0.1874067297297298,-0.1623421351351352,-0.141742445945946,-0.13392175075075083,-0.10877062837837842,-0.11409198498498505,-0.13817497747747753,-0.1501764121621622,-0.15994489189189195,-0.17948655555555562,-0.19468359459459464,-0.21406783783783787,-1,-0.21944877927927933,-0.20584247911547915,-0.17441952477477482,-0.14662062993763003,-0.12109310319410324,-0.07104852972972978,-0.038966785527463,-0.05220560328185333,-0.10262766366366372,-0.11428465709459466,-0.12300899099099105,-0.1431567441441442,-0.15137325289575296,-0.17467873573573578
pillowc_8l_long_me,-1,-1,-1,-1,-1,-1,-1,-1,-1,-1,-1,-1,-1,-1,-1,-1,-1,-1,-1,-1,-1,-1,-1,-1,-1,-1,-1,-1,-1,-1,-1,-1,-1,-1,-1,-1,-1,-1,-1,-1,-1,-1,-1,-1,-1,-1,-1,-1,-1,-1,-1,-1,-1,-1,-1,-1,-1,-1,-1,-1,-1,-1,-1,-1,-1,-1,-1,-1,-1,-1,-1,-1,-1,-1,-1,-1,-1,-1,-1,-1,-1,-1,-1,-1,-1,-1,-1,-1,-1,-1,-1,-1,-1,-1,-1,-1,-1,-1,-1,-1,-1,-1,-1,-1,-1,-1,-1,-1,-1,-1,-1,-1,-1,-1,-1,-1,-1,-1,-1,-1,-1,-1,-1,-1,-1,-1,-1,-1,-1,-1,-1,-1,-1,-1,-1,-0.7382958599033818,-0.7224080711462451,-0.7287990836120402,-0.7152980237154151,-0.723374591304348,-0.7344906268115943,-0.7367642681159421,-0.7520349202898553,-0.7235663879598662,-0.7192569316770187,-0.7179999163879599,-0.721492536231884,-0.7256227979539643,-0.7348317792642141,-0.7594346739130435,-0.6781802512077296,-0.6066528152173913,-0.5632076645962734,-0.533924743083004,-0.5294438623188407,-0.5249188405797103,-0.5206939881422925,-0.5184903913043479,-0.5119477558528429,-0.4668573354037268,-0.43617649456521745,-0.49295930434782614,-0.5474850124223603,-0.591911043478261,-0.6337494673913044,-0.6420290869565219,-0.6110168782608697,-0.5374837826086958,-0.45540252173913054,-0.39770000724637683,-0.35656974782608697,-0.32389724110671947,-0.3104865869565218,-0.32602511067193685,-0.3189280434782609,-0.40530492391304357,-0.47311855652173923,-0.5211700652173914,-0.5687538043478262,-1,-1,-0.614066739130435,-0.556724291925466,-0.5134784891304348,-0.42307596086956534,-0.33783350000000006,-0.26325391925465846,-0.2077298550724639,-0.22598652795031066,-0.310721811594203,-0.42825882173913055,-0.5091873115942029,-0.5487661552795031,-0.5832974130434784,-1,-1,-1,-0.5854142608695654,-0.5756241666666667,-0.5235664782608697,-0.46631513043478273,-0.4272288840579711,-0.16466029192546594,-0.17712310869565226,-0.33066317391304356,-0.455554079710145,-0.533509043478261,-0.5723963840579711,-0.5891306086956524,-1,-1,-1,-1,-0.6189480434782609,-0.6030886478260871,-0.5764773938618927,-0.28989265217391313,-0.04269903152173923,-0.1347371565217392,-0.40193249275362325,-0.5250462724637682,-0.5675465748792271,-0.5894024347826087,-1,-1
pillowc_8l_long_se_2,-1,-1,-1,-1,-1,-1,-1,-1,-1,-1,-1,-1,-1,-1,-1,-1,-1,-1,-1,-1,-1,-1,-1,-1,-1,-1,-1,-1,-1,-1,-1,-1,-1,-1,-1,-1,-1,-1,-1,-1,-1,-1,-1,-1,-1,-1,-1,-1,-1,-1,-1,-1,-0.5663044782608696,-0.5656703478260872,-1,-1,-1,-1,-1,-1,-1,-1,-1,-1,-1,-0.6583378550724638,-0.6151463739130436,-0.5675206521739131,-0.5601875093167702,-0.5786561304347826,-1,-1,-1,-1,-1,-1,-1,-1,-1,-0.7225299347826087,-0.6576843913043479,-0.5718340217391304,-0.5187925304347827,-0.5279689751552796,-0.5730976086956523,-1,-1,-1,-1,-1,-1,-1,-1,-0.8191306521739132,-0.7463737826086957,-0.6257747004830918,-0.5328611062801933,-0.4807851652173914,-0.4817118369565218,-0.48686213043478277,-1,-1,-1,-1,-1,-1,-1,-1,-0.8382087246376813,-0.7332127717391306,-0.5924232347826088,-0.4821414658385094,-0.4401377065217392,-0.4353902298136646,-0.4394927391304349,-1,-1,-1,-1,-1,-1,-1,-1,-1,-0.6653258074534162,-0.5539220579710146,-0.4460380186335405,-0.39043852173913046,-0.39253323369565224,-1,-1,-1,-1,-1,-1,-1,-1,-1,-1,-0.6782248260869566,-0.5232541014492754,-0.4046085869565218,-0.3422178478260871,-0.34345163975155285,-0.40997984782608704,-1,-1,-1,-1,-1,-1,-1,-1,-1,-1,-0.4643695279503106,-0.37011019565217396,-0.3013551863354038,-0.3157354782608697,-0.42971020289855083,-1,-1,-1,-1,-1,-1,-1,-1,-1,-1,-0.39130447826086956,-0.3182511545893721,-0.25106801449275373,-0.2655408695652175,-0.329106347826087,-1,-1,-1,-1,-1,-1,-1,-1,-1,-1,-1,-0.2622746086956522,-0.1984871304347827,-0.22837506763285034,-1,-1,-1,-1,-1,-1,-1,-1,-1,-1,-1,-1,-0.17448013043478258,-0.1629121478260871,-0.18471280745341617,-0.23613248913043489,-1,-1,-1,-1,-1,-1,-1,-1,-1,-1,-1,-0.15364857608695662,-0.045462242236024936,-0.1215003940217392,-0.1455578260869566,-1,-1,-1,-1,-1
pillowc_8l_short_me,-1,-1,-1,-1,-1,-1,-1,-1,-1,-1,-1,-1,-1,-1,-1,-1,-1,-1,-1,-1,-1,-1,-1,-1,-1,-1,-1,-1,-1,-1,-1,-1,-1,-1,-1,-1,-1,-1,-1,-1,-1,-1,-1,-1,-1,-1,-1,-1,-1,-1,-1,-1,-1,-1,-1,-1,-1,-1,-1,-1,-1,-1,-1,-1,-1,-1,-1,-1,-1,-1,-1,-1,-1,-1,-1,-1,-1,-1,-1,-1,-1,-1,-1,-1,-1,-1,-1,-1,-1,-1,-1,-1,-1,-1,-1,-1,-1,-1,-1,-1,-1,-1,-1,-1,-1,-1,-1,-1,-1,-1,-1,-1,-1,-1,-1,-1,-1,-1,-1,-1,-1,-1,-1,-1,-1,-1,-1,-1,-1,-1,-1,-1,-0.7724637857142858,-0.7669210928571428,-0.7434490821428571,-1,-1,-1,-1,-1,-1,-1,-1,-0.81718775,-0.8150791071428571,-0.7093502535714286,-0.6854620194805194,-0.614407705357143,-0.6233467619047619,-0.5889791008403362,-1,-0.4337609642857143,-0.41675375000000003,-0.4285715357142858,-0.775422807142857,-0.8421747023809523,-0.8035111919642857,-0.7646119540816327,-0.6997021275510205,-0.5463524375000001,-0.49166772023809524,-0.453079362244898,-0.4092310464285715,-0.44588621875000006,-0.48439652777777775,-1,-0.39468103125000004,-0.3712038418367347,-0.4847547901785715,-0.5535851279761905,-0.5323310267857143,-0.5369529540816327,-0.48644637244897965,-0.4316846915584416,-0.3209968636363637,-0.3007775133928572,-0.3399113877551021,-0.4047460595238096,-0.44844478571428575,-1,-1,-0.37605351785714286,-0.3490598750000001,-0.3002461919642857,-0.2621537678571429,-0.22427871428571433,-0.19821344047619055,-0.20525532653061232,-0.201865011904762,-0.19950212946428578,-0.2680404687500001,-0.33656485119047624,-0.4070108080357143,-0.4396301071428571,-1,-1,-0.37905860714285716,-0.3729935803571429,-0.33699226530612253,-0.29949756122448984,-0.2379845255102041,-0.18493744047619054,-0.13047250000000005,-0.13796216666666675,-0.24580257142857145,-0.30796992261904765,-0.3646075476190477,-0.4029018214285715,-1,-1,-1,-1,-0.39104017857142864,-0.3851809383116883,-0.36794504887218055,-0.3104667763157895,-0.10888373872180457,-0.043784947089947165,-0.07315860714285723,-0.12553017857142865,-0.3462326035714286,-0.37954915476190476,-1,-1,-1
pillowc_8l_short_se,-1,-1,-1,-1,-1,-1,-1,-1,-1,-1,-1,-1,-1,-1,-1,-1,-1,-1,-1,-1,-1,-1,-1,-1,-1,-1,-1,-1,-1,-1,-1,-1,-1,-1,-1,-1,-1,-1,-1,-1,-1,-1,-1,-1,-1,-1,-1,-1,-1,-1,-1,-1,-1,-1,-1,-1,-1,-1,-1,-1,-1,-1,-1,-1,-1,-1,-1,-1,-1,-1,-1,-1,-1,-1,-1,-1,-1,-1,-1,-1,-1,-1,-1,-1,-1,-1,-1,-1,-1,-1,-1,-1,-1,-1,-1,-1,-1,-1,-1,-1,-1,-1,-1,-1,-1,-1,-1,-1,-1,-1,-1,-1,-1,-1,-1,-1,-1,-1,-1,-1,-1,-1,-1,-1,-1,-1,-1,-1,-1,-1,-1,-1,-1,-1,-1,-1,-1,-1,-1,-1,-1,-1,-1,-1,-1,-1,-1,-1,-1,-1,-1,-0.4514287500000001,-0.4287516377551021,-0.39647740476190474,-0.3741921964285715,-1,-1,-1,-1,-1,-1,-1,-0.5312500535714286,-0.5298261205357143,-1,-1,-1,-0.41054308333333345,-0.36821776190476196,-0.3270821938775511,-0.28737114285714294,-1,-1,-1,-1,-0.34072591666666674,-0.38774559183673474,-0.3713658303571429,-0.3939994523809524,-0.41182098571428577,-1,-1,-0.39191592261904773,-0.3425622440476191,-0.2922925625,-0.25415870000000007,-0.22298340306122458,-0.21477903571428583,-0.19338464285714294,-0.24612586734693878,-0.2672472589285715,-0.28734265476190485,-0.32237860000000007,-0.3654030595238096,-1,-1,-1,-0.3884184910714286,-0.3415483214285715,-0.28636475000000006,-0.2309213877551021,-0.17806172619047625,-0.13962416071428574,-0.1454708273809524,-0.18981407738095246,-0.23843447023809533,-0.2778311785714286,-0.3142749583333334,-0.3550514047619048,-1,-1,-1,-1,-0.3542859910714286,-0.29576804621848746,-0.21985049149659872,-0.10748399464285723,-0.04803508593750006,-0.08003307936507942,-0.14913401275510213,-0.19012031331168838,-0.2707998681318682,-0.3057451964285715,-0.3286729598214286,-1
towel_12l_long_me,-1,-1,-1,-1,-1,-1,-1,-1,-1,-1,-1,-1,-1,-1,-1,-0.3593800000000001,-0.40040946666666677,-0.34461403333333346,-0.32910203333333354,-0.3262225666666668,-0.30421303333333355,-0.3127131333333335,-0.3285373333333335,-0.31982708888888917,-0.3146604333333336,-0.33189300000000016,-0.3280175166666668,-0.34608862222222236,-0.3751856000000002,-0.38831937777777786,-0.3219728833333335,-0.3212088000000002,-0.310784,-0.28044013333333345,-0.2737267333333334,-0.27089583333333345,-0.27393318333333333,-0.27233713333333354,-0.2724108166666669,-0.2710316666666667,-0.2696463000000001,-0.2729784666666668,-0.2937112833333335,-0.32019886666666686,-0.34342596000000014,-0.2719711833333335,-0.26508356666666677,-0.2596658666666668,-0.25227291111111133,-0.2445942000000001,-0.24118390000000028,-0.23975186666666687,-0.2374104000000003,-0.23561690000000007,-0.2366326000000002,-0.23783160000000025,-0.24250156666666672,-0.24565673333333335,-0.2628411500000002,-0.33999904000000014,-0.2553084222222224,-0.24234666666666665,-0.23214880000000013,-0.21600996666666689,-0.21533386666666673,-0.21488413333333345,-0.21399296666666678,-0.21421506666666684,-0.2025394333333335,-0.20463568888888908,-0.21482106666666687,-0.22289043333333333,-0.22259796666666684,-0.22927680000000006,-0.2841726222222224,-0.22866366666666693,-0.2187730666666669,-0.20560248888888905,-0.19342925000000022,-0.1950453000000002,-0.19490465000000012,-0.19525140000000016,-0.19729937777777787,-0.18267596666666683,-0.1888739777777779,-0.19524755555555576,-0.20779210000000012,-0.20304140000000015,-0.21282906666666696,-0.2823857866666669,-0.20398944444444456,-0.1975230000000002,-0.1941991833333334,-0.1630763666666668,-0.16116220000000014,-0.16594603333333346,-0.16659940000000023,-0.17093453333333342,-0.15686506666666675,-0.15696146666666688,-0.1688042666666667,-0.19190231666666668,-0.19243262222222232,-0.19867990000000021,-0.26457888333333357,-0.1948231500000002,-0.17921106666666686,-0.1699925000000002,-0.13386066666666677,-0.1293348444444446,-0.1373660888888891,-0.13379851666666684,-0.1467666666666667,-0.13179556666666675,-0.13178563333333349,-0.14661966666666676,-0.16128786666666672,-0.17453576666666676,-0.19301835555555574,-0.25475748000000004,-0.18476760000000006,-0.15600160000000013,-0.13873860000000005,-0.12071186666666685,-0.10933533333333356,-0.11260416666666681,-0.11365996666666693,-0.128651977777778,-0.11646096666666698,-0.1148781666666667,-0.1280928333333335,-0.13534726666666677,-0.15990896666666682,-0.18380650000000018,-0.2470538666666669,-0.17269608888888893,-0.12841717777777786,-0.11958377777777801,-0.0906802000000003,-0.08899566666666692,-0.0912705666666667,-0.09411510000000031,-0.10216473333333347,-0.1014364333333336,-0.09755676666666695,-0.1045372,-0.12380835555555568,-0.14115402222222234,-0.1657308666666668,-0.2332343333333335,-0.13048396666666684,-0.10362500000000016,-0.08562976666666686,-0.07330970000000012,-0.07173593333333339,-0.07582603333333346,-0.08898153333333345,-0.09639200000000034,-0.09387736666666684,-0.0852297333333335,-0.08911866666666694,-0.10232366666666678,-0.13473326666666674,-0.15953320000000012,-0.22626688000000014,-0.09333130000000005,-0.06474351111111129,-0.06259240000000019,-0.06129200000000011,-0.060689466666666865,-0.07017716666666673,-0.09081566666666689,-0.11054393333333357,-0.10460293333333352,-0.0853503333333335,-0.08361000000000027,-0.09658033333333353,-0.12996055000000026,-0.14499820000000016,-0.19119213333333343,-0.06214098333333344,-0.03912700000000029,-0.03673240000000022,-0.045451366666666715,-0.051033666666666644,-0.06540564444444459,-0.09782806666666681,-0.10913446666666679,-0.10782823333333358,-0.0877190333333335,-0.08111033333333333,-0.08803116666666666,-0.11630520000000015,-0.1321764222222224,-0.18185837777777789,-0.07833641666666678,-0.10495965000000015,-0.07387703333333348,-0.08749660000000017,-0.06552435000000023,-0.09958690000000012,-0.12194020000000017,-0.09799240000000024,-0.10914103333333351,-0.10486133333333351,-0.1012798,-0.09912120000000024,-0.12156846666666672,-0.13167177777777786,-0.18347680000000025,-0.27706406666666683,-0.2567487666666668,-0.20256370000000015,-0.1081973000000001,-0.17293440000000013,-0.16842716666666693,-0.11600688666666689,-0.02600273529411784,-0.07355247916666682,-0.13860323809523828,-0.11413700000000009,-0.12740501904761922,-0.14087689333333347,-0.16137497777777782,-0.16982203333333354
towel_12l_long_se,-1,-0.4940744000000001,-0.48899406666666684,-0.4766668333333335,-1,-1,-1,-1,-1,-1,-1,-1,-1,-1,-1,-0.4166667333333335,-0.4263236777777779,-0.4584426333333335,-0.46159561666666676,-0.45959200000000017,-0.4609825833333336,-0.44721030000000017,-0.440000866666667,-0.50519376,-0.4320001333333334,-1,-1,-1,-1,-1,-0.41200903333333355,-0.3695601000000002,-0.3616966444444446,-0.3586270333333335,-0.36150273333333355,-0.36896998666666686,-0.3697089444444445,-0.3695734333333335,-0.4307234933333336,-0.42260563333333334,-0.38555576666666685,-0.4027452000000002,-0.39666650000000025,-1,-1,-0.3893853833333335,-0.3295222500000001,-0.31507776666666676,-0.2948031333333334,-0.27056503333333354,-0.2697508166666667,-0.27471836666666677,-0.3161205666666669,-0.26890208333333354,-0.2343861000000001,-0.21626113333333347,-0.27160542222222234,-0.29930653333333357,-0.19654297777777793,-0.2525660000000002,-0.33605443333333357,-0.31209810000000027,-0.2914903333333335,-0.2642018666666668,-0.25683746666666674,-0.2414613333333334,-0.25204744444444455,-0.2621229111111113,-0.2348983000000001,-0.2134784666666669,-0.196370377777778,-0.19615388333333345,-0.19499922222222238,-0.19935228888888903,-0.25411546666666673,-0.3288521000000002,-0.26924110000000023,-0.26526650000000024,-0.23463523333333347,-0.21607753333333352,-0.2014620166666668,-0.19969736666666682,-0.20110106666666683,-0.1985423833333334,-0.19430663333333348,-0.18186646666666695,-0.1831686000000001,-0.1886214666666669,-0.20394030000000027,-0.25641526666666686,-0.3101686888888891,-0.24515593333333346,-0.2372139333333336,-0.21590126666666692,-0.1956060444444447,-0.1820649333333335,-0.17622973333333347,-0.17850493333333367,-0.1695957333333335,-0.1665520000000002,-0.16190526666666688,-0.16189750000000022,-0.1803582333333335,-0.19903973333333363,-0.2576198833333334,-0.2945119619047621,-0.19922062222222248,-0.20080308333333352,-0.19635416666666683,-0.18060520000000024,-0.1558011333333335,-0.1399418666666668,-0.15353040000000004,-0.1378065555555557,-0.1440425333333334,-0.13362673333333352,-0.13614373333333338,-0.17291910000000021,-0.1982861333333334,-0.2524849466666667,-0.26142011666666687,-0.17573423333333338,-0.17316823333333342,-0.1707898000000002,-0.15742180000000014,-0.12943890000000025,-0.12212544444444455,-0.13177835555555567,-0.12009410000000018,-0.12650540000000007,-0.12552266666666684,-0.12553820000000024,-0.16743636666666692,-0.19400671111111126,-0.23057444444444453,-0.22971665555555565,-0.13279964444444473,-0.13309425000000014,-0.13409913333333348,-0.12992696666666692,-0.1029987666666669,-0.10015463333333345,-0.1129650666666667,-0.10930843333333348,-0.10123576666666671,-0.1008864000000002,-0.11873335555555563,-0.16108223333333357,-0.17779266666666665,-0.20178541333333344,-0.18527309333333353,-0.11522083333333341,-0.10846986666666689,-0.11000123333333334,-0.10257200000000004,-0.08737113333333343,-0.09216433333333349,-0.11023320000000023,-0.10594423333333344,-0.08587793333333335,-0.08610859999999998,-0.10121410000000017,-0.1405858444444446,-0.1619545333333335,-0.19130238666666685,-0.15224838888888909,-0.09743706666666685,-0.09204333333333352,-0.08472139999999999,-0.07863993333333356,-0.07558560000000011,-0.09607580000000004,-0.11849520000000022,-0.10948623333333352,-0.07547900000000016,-0.07421353333333344,-0.09159273333333348,-0.12967860000000017,-0.14252480000000012,-0.18806414666666682,-0.15811565333333352,-0.09951226666666665,-0.08722590000000012,-0.07404313333333339,-0.06801166666666673,-0.07100180000000011,-0.09543036666666671,-0.11438980000000025,-0.10724750000000025,-0.07144963333333347,-0.0629019555555557,-0.07645343333333351,-0.1087376000000001,-0.12871106666666687,-0.1842322800000001,-0.1655209466666668,-0.1290842000000001,-0.10312883333333356,-0.08246713333333341,-0.07047093333333347,-0.07125750000000006,-0.0940856000000003,-0.09803173333333359,-0.09499576666666676,-0.0659362666666668,-0.06222251111111127,-0.06954000000000016,-0.09129890000000011,-0.11454110000000017,-0.16549166666666676,-0.1728367333333336,-0.16255843333333353,-0.14018342222222233,-0.12560729523809538,-0.10915126666666683,-0.1099178266666668,-0.09032588484848499,-0.026457478787878942,-0.06623612380952398,-0.1316855185185187,-0.10130286666666692,-0.11899636666666685,-0.12314720000000015,-0.12859134666666677,-0.15287426666666687
towel_12l_short_me,-1,-1,-1,-1,-1,-1,-1,-1,-1,-1,-1,-1,-1,-1,-1,-1,-1,-1,-1,-1,-0.52266692,-0.5171429200000002,-0.5062668000000001,-0.48800012000000015,-0.4776524200000001,-0.4768463800000001,-0.4788102933333334,-0.48737260000000004,-0.4940000400000002,-1,-0.53103016,-0.5337368,-0.5272709200000001,-0.5254187733333334,-0.5232160133333335,-0.5155443500000001,-0.49918113000000014,-0.4828260400000001,-0.46082939000000006,-0.4440321733333334,-0.4385546533333334,-0.44641004,-0.4754603200000001,-0.48513426666666687,-1,-0.4899279600000001,-0.4891241300000001,-0.48710808000000017,-0.4738635866666668,-0.47035457333333347,-0.4643343466666668,-0.43958932000000006,-0.4312924666666667,-0.41377891000000006,-0.3944825466666668,-0.3904319733333334,-0.39705721000000005,-0.4328026500000001,-0.45369270000000017,-1,-0.4256778800000001,-0.42274092000000013,-0.42036145333333347,-0.41847186666666675,-0.4173479733333334,-0.41354617333333343,-0.3994808000000001,-0.38648922000000013,-0.36096634666666677,-0.3545561800000001,-0.34758223000000005,-0.3589048600000001,-0.39523817333333344,-0.41521578666666675,-1,-0.37138066666666675,-0.37115170666666675,-0.37040198666666674,-0.36863993333333345,-0.3676390933333334,-0.3638200533333334,-0.3574069200000001,-0.3333788933333334,-0.3245864933333334,-0.31344601333333344,-0.3038242200000001,-0.31761835000000005,-0.3458578400000001,-0.3796645200000001,-1,-0.33575158000000005,-0.3333541400000001,-0.3299974000000001,-0.31970257333333346,-0.3131426800000001,-0.31026861333333344,-0.30779132000000003,-0.30291881333333337,-0.2770616200000001,-0.2692565733333334,-0.2667813466666668,-0.2744899400000001,-0.3062128,-0.33674798000000006,-1,-0.31553850000000017,-0.31284210666666673,-0.29014265000000006,-0.2776453200000001,-0.2734651400000001,-0.2649022500000001,-0.25215439000000006,-0.2507968533333334,-0.23635844000000006,-0.23246794000000004,-0.23371492000000005,-0.23858860000000004,-0.2620639500000001,-0.29666940000000014,-0.32585464000000003,-0.2845608533333334,-0.2768545500000001,-0.25032332000000007,-0.23909340000000007,-0.23220802666666676,-0.2093363466666668,-0.20563004000000004,-0.20076428000000016,-0.19538707000000016,-0.19021198666666672,-0.1919456133333335,-0.1990348500000001,-0.22078384000000006,-0.25711293,-1,-0.24149697333333342,-0.23427225333333346,-0.22474930666666681,-0.19365172000000008,-0.18525705333333345,-0.1620076266666667,-0.15618429333333342,-0.15206529333333343,-0.1489955333333334,-0.14570066666666678,-0.14681214666666667,-0.1515037466666668,-0.1711818080000001,-0.21045894400000012,-0.25279996000000016,-0.18546198666666677,-0.18383060000000015,-0.1681929600000001,-0.15463814666666673,-0.13025798000000005,-0.12044480000000002,-0.11840914000000002,-0.11635128000000006,-0.11478554000000007,-0.11435332000000005,-0.11428541333333338,-0.11830590000000007,-0.14897994000000003,-0.17335946000000013,-0.20720004000000003,-0.14142070000000007,-0.13008457333333343,-0.1256014666666668,-0.11444999000000006,-0.08724934666666677,-0.08397660000000011,-0.0833179733333335,-0.08305034666666677,-0.08155173333333339,-0.08106126666666673,-0.08196090666666674,-0.08689016000000012,-0.11486052000000008,-0.12974136000000006,-1,-0.10141390666666676,-0.08177845333333345,-0.07965868000000009,-0.07408756000000001,-0.059166760000000096,-0.05720166000000004,-0.06643418000000012,-0.0766736400000001,-0.07718302666666672,-0.07111392000000005,-0.06730234000000013,-0.07432832000000007,-0.08770076000000004,-0.11018608000000008,-0.11637500000000012,-0.07395299200000012,-0.0662568400000001,-0.044937960000000166,-0.04838416000000012,-0.05118808000000019,-0.05724596000000015,-0.07706066666666682,-0.08209912000000008,-0.08360968000000013,-0.07795382666666677,-0.06362160000000006,-0.06325624000000007,-0.07534668000000007,-0.08212582000000002,-0.09600028000000016,-0.10334401333333343,-0.12360821600000009,-0.12129090400000009,-0.11505604571428583,-0.07848740000000004,-0.08308053000000004,-0.05839264666666675,-0.0526537640000001,-0.05518119636363647,-0.08072788800000011,-0.07471804800000008,-0.06452217333333343,-0.07266153333333336,-0.07971344000000008,-1
towel_12l_short_se,-1,-1,-1,-1,-1,-1,-1,-1,-1,-1,-1,-1,-1,-1,-0.4860109606060607,-1,-1,-0.44677868000000015,-0.44998929000000004,-0.42905452000000005,-0.42343701333333345,-0.42789604000000003,-0.41291460000000013,-0.39051310000000017,-0.44066676000000005,-0.38174712,-1,-1,-1,-0.46007182857142864,-1,-0.44842634666666675,-0.46009294000000006,-0.4745227733333334,-0.5200782500000001,-0.5666923333333335,-0.48089734000000006,-0.39946084000000015,-0.3688084933333335,-0.3575790133333335,-0.3585414666666667,-0.37471862000000006,-0.37906102,-0.3900513200000001,-0.4077284080000001,-1,-0.3859913866666667,-0.37971148000000005,-0.38615132000000013,-0.38876765333333346,-0.4184680133333334,-0.4788952800000001,-0.44469128,-0.3920001733333334,-0.40383102666666676,-0.38779940000000007,-0.44775113333333333,-0.31516676000000005,-0.3142145200000001,-0.32930743600000006,-1,-0.3190644800000001,-0.31490346666666674,-0.32412240000000003,-0.3430448400000001,-0.3594887066666667,-0.3598871600000001,-0.40177950000000007,-0.4400000800000001,-0.46333338666666685,-0.35366664000000014,-0.2821772400000001,-0.29801617333333347,-0.2811557700000001,-0.2788596680000001,-1,-0.28358560000000016,-0.28385402666666676,-0.2972827400000001,-0.30561992000000004,-0.3219826933333334,-0.3670182300000001,-0.3941936266666668,-0.37158418666666676,-0.31814394666666673,-0.2753721600000001,-0.25703928000000015,-0.23898888000000007,-0.22788808000000013,-0.24828051636363646,-1,-0.22823528000000015,-0.21189234666666676,-0.23343830666666676,-0.25216713333333335,-0.26910152000000004,-0.30022416000000013,-0.3399595600000001,-0.2920042900000001,-0.26753145333333345,-0.22375248000000014,-0.19537425333333344,-0.1903488933333334,-0.1861815200000001,-0.19453570800000006,-1,-0.1908130400000001,-0.18960772000000015,-0.19836578000000005,-0.21294664000000008,-0.22087281333333345,-0.1951039400000001,-0.15701108000000008,-0.15486364000000008,-0.15421238000000004,-0.15557014000000013,-0.17126470666666668,-0.1549071500000001,-0.14399033333333336,-0.14750593000000006,-1,-0.13744033000000005,-0.16163679000000009,-0.20624394000000013,-0.22233341333333337,-0.18709092000000005,-0.1438956600000001,-0.14184066666666673,-0.12923714666666672,-0.1184963466666668,-0.11815144000000011,-0.1126152000000001,-0.10982658666666671,-0.10932076000000013,-0.11978344000000007,-1,-0.1052880933333334,-0.11160075000000008,-0.15482062666666674,-0.15814742666666678,-0.10686888000000001,-0.1027380266666668,-0.09090941333333347,-0.08423398666666675,-0.0743491733333334,-0.07645722666666677,-0.07730374666666677,-0.09407926666666677,-0.10680177333333336,-0.13860464000000008,-1,-0.11348456000000014,-0.09365977333333338,-0.07676450000000012,-0.07608740000000003,-0.07911726666666678,-0.0775124800000001,-0.08032300000000003,-0.0757293,-0.07558986666666678,-0.07025326666666672,-0.06771896,-0.07514910000000019,-0.08918052000000005,-0.10951020000000007,-0.07062076000000017,-0.08614103000000012,-0.07126918000000015,-0.06435452000000012,-0.07652310000000007,-0.07693658666666676,-0.07393810666666674,-0.055454200000000085,-0.06706716000000013,-0.05259082000000004,-0.0568307400000001,-0.0435120800000001,-0.04468722000000008,-0.0632254080000001,-0.07149304000000012,-0.052014980000000155,-0.059095312000000136,-0.0768701200000001,-0.07060708000000004,-0.06789661333333341,-0.06817548000000014,-0.055331720000000084,-0.029596630000000068,-0.05740482000000008,-0.02810398000000003,-0.044750120000000115,-0.03445944000000001,-0.05301652000000001,-0.046343072000000075,-0.09570950666666674,-1,-0.05126212000000008,-1,-1,-1,-1,-1,-1,-1,-1,-1,-0.0442669200000001,-0.015939920000000107,-1,-1,-1,-1,-1,-1,-1,-1,-1,-1,-1,-1,-1,-1,-1,-1,-1
towel_4l_long_me,-1,-1,-1,-1,-1,-1,-1,-1,-1,-1,-1,-1,-1,-1,-1,-1,-1,-1,-1,-1,-1,-1,-1,-1,-1,-1,-1,-1,-1,-1,-1,-1,-1,-1,-1,-1,-1,-1,-1,-1,-1,-1,-1,-1,-1,-1,-1,-1,-1,-1,-1,-0.69812272,-0.7245558400000002,-0.7752002400000002,-1,-1,-1,-1,-1,-1,-1,-1,-1,-1,-1,-0.74400004,-0.6895009377777779,-0.6763609440000001,-0.7416522640000002,-0.8021314933333334,-1,-1,-1,-1,-1,-1,-1,-1,-1,-1,-0.7016509466666668,-0.6412820300000001,-0.6007227927272728,-0.6677170320000001,-0.7628235428571429,-1,-1,-1,-1,-1,-1,-1,-1,-1,-1,-1,-0.5943271266666668,-0.5355120290909092,-0.6073233857142858,-0.6976586266666668,-1,-1,-1,-1,-1,-1,-1,-1,-1,-1,-1,-0.5480568363636364,-0.47082490222222223,-0.5323208892307694,-0.6547787360000002,-1,-1,-1,-1,-1,-1,-1,-1,-1,-1,-1,-0.4856649018181819,-0.4107559440000001,-0.4669826742857144,-0.5568053040000002,-1,-1,-1,-1,-1,-1,-1,-1,-1,-1,-1,-0.4236831828571429,-0.3437603963636364,-0.4069760000000001,-0.4917351300000001,-1,-1,-1,-1,-1,-1,-1,-1,-1,-1,-1,-0.32002780000000003,-0.2820349300000001,-0.33771353866666676,-0.4320000800000001,-1,-1,-1,-1,-1,-1,-1,-1,-1,-1,-1,-0.29211343555555563,-0.2183960290909092,-0.26922547200000013,-0.32000004000000004,-1,-1,-1,-1,-1,-1,-1,-1,-1,-1,-1,-0.2414483240000001,-0.1646355720000001,-0.2012908033333334,-1,-1,-1,-1,-1,-1,-1,-1,-1,-1,-1,-1,-0.16051375333333348,-0.1248888857142858,-0.15394628000000013,-1,-1,-1,-1,-1,-1,-1,-1,-1,-1,-1,-1,-0.23415543454545462,-0.07991968818181826,-0.1509977020000001,-0.23084446666666678,-1,-1,-1,-1,-1
towel_4l_long_se,-1,-1,-1,-1,-1,-1,-1,-1,-1,-1,-1,-1,-1,-1,-1,-1,-1,-1,-1,-1,-1,-1,-1,-1,-1,-1,-1,-1,-1,-1,-1,-1,-1,-1,-1,-1,-1,-1,-1,-1,-1,-1,-1,-1,-1,-1,-1,-1,-1,-1,-1,-1,-1,-0.6400002000000002,-1,-1,-1,-1,-1,-1,-1,-1,-1,-1,-1,-1,-1,-0.6133012030769232,-0.6120445555555556,-0.62400016,-1,-1,-1,-1,-1,-1,-1,-1,-1,-1,-1,-0.6118750900000001,-0.5504864618181818,-0.5735748545454546,-0.6293811200000001,-1,-1,-1,-1,-1,-1,-1,-1,-1,-1,-1,-0.5358761200000001,-0.4957956618181819,-0.5346919233333334,-0.5944001066666668,-1,-1,-1,-1,-1,-1,-1,-1,-1,-1,-1,-0.4902585800000001,-0.44022094545454554,-0.47855868333333346,-1,-1,-1,-1,-1,-1,-1,-1,-1,-1,-1,-1,-0.4239135200000001,-0.37871060400000006,-0.40222940000000007,-1,-1,-1,-1,-1,-1,-1,-1,-1,-1,-1,-1,-0.3527686400000001,-0.32032958000000006,-0.3460674160000001,-1,-1,-1,-1,-1,-1,-1,-1,-1,-1,-1,-1,-0.3056326200000001,-0.2606479440000001,-0.28385996000000013,-1,-1,-1,-1,-1,-1,-1,-1,-1,-1,-1,-1,-0.22823522000000007,-0.20315748000000008,-0.2119692800000001,-1,-1,-1,-1,-1,-1,-1,-1,-1,-1,-1,-1,-0.18697502666666677,-0.15734419555555565,-0.20368469454545463,-1,-1,-1,-1,-1,-1,-1,-1,-1,-1,-1,-1,-0.17395731428571443,-0.12409302285714298,-0.17410293714285724,-1,-1,-1,-1,-1,-1,-1,-1,-1,-0.7372332141176471,-0.6914530000000001,-0.35739239636363646,-0.18414988000000007,-0.049384044528301974,-0.13988785538461548,-0.2405537200000001,-0.3927352988235295,-0.48733334000000006,-1,-1,-1
towel_4l_short_me,-1,-1,-1,-1,-1,-1,-1,-1,-1,-1,-1,-1,-1,-1,-1,-1,-1,-1,-1,-1,-1,-1,-1,-1,-1,-1,-1,-1,-1,-1,-1,-1,-1,-1,-1,-1,-1,-1,-1,-1,-1,-1,-1,-1,-1,-1,-1,-1,-1,-1,-1,-1,-1,-1,-1,-1,-1,-1,-1,-1,-1,-1,-1,-1,-1,-1,-1,-1,-1,-1,-1,-1,-1,-1,-1,-1,-1,-1,-1,-1,-1,-1,-1,-1,-1,-1,-1,-1,-1,-1,-1,-1,-1,-1,-1,-1,-1,-1,-1,-1,-1,-1,-1,-1,-1,-1,-1,-1,-1,-1,-1,-1,-1,-1,-1,-1,-1,-1,-1,-1,-1,-1,-1,-1,-1,-1,-1,-1,-1,-1,-1,-1,-1,-1,-1,-1,-1,-1,-1,-1,-1,-1,-1,-1,-1,-1,-1,-1,-1,-1,-1,-1,-1,-1,-1,-1,-1,-1,-1,-1,-1,-1,-1,-1,-1,-1,-0.34160497777777776,-0.3154448694444445,-0.3055759428571429,-0.30908245000000006,-0.3466666222222223,-1,-1,-1,-1,-1,-1,-1,-1,-1,-0.22718633333333335,-0.25097969572649576,-0.2214871703703704,-0.2076315456790124,-0.19658080000000006,-0.1767058718954249,-0.14421858777777782,-0.1369842955555556,-0.1342793111111112,-0.14217615555555563,-0.15511120000000006,-0.17403352222222226,-0.17013869722222227,-0.16940456666666673,-1,-0.12141417111111114,-0.10863052098765437,-0.09878082000000005,-0.09203346888888894,-0.0781572805555556,-0.08401259487179492,-0.10991177638888894,-0.13194510370370374,-0.11651035911111116,-0.09650314755555561,-0.1002065008547009,-0.1158160427350428,-0.13064034722222226,-0.12962526888888895,-1,-0.06951066419753094,-0.06397955925925931,-0.06315277037037044,-0.09227824444444449,-0.09187122962962968,-0.0906248716049383,-0.0949907301587302,-0.08712919629629634,-0.08466003703703709,-0.06560388333333339,-0.06453899682539689,-0.08367400740740745,-0.07733572888888895,-0.0903274555555556,-1
towel_4l_short_se,-1,-1,-1,-1,-1,-1,-1,-1,-1,-1,-1,-1,-1,-1,-1,-1,-1,-1,-1,-1,-1,-1,-1,-1,-1,-1,-1,-1,-1,-1,-1,-1,-1,-1,-1,-1,-1,-1,-1,-1,-1,-1,-1,-1,-1,-1,-1,-1,-1,-1,-1,-1,-1,-1,-1,-1,-1,-1,-1,-1,-1,-1,-1,-1,-1,-1,-1,-1,-1,-1,-1,-1,-1,-1,-1,-1,-1,-1,-1,-1,-1,-1,-1,-1,-1,-1,-1,-1,-1,-1,-1,-1,-1,-1,-1,-1,-1,-1,-1,-1,-1,-1,-1,-1,-1,-1,-1,-1,-1,-1,-1,-1,-1,-1,-1,-1,-1,-1,-1,-1,-1,-1,-1,-1,-1,-1,-1,-1,-1,-1,-1,-1,-1,-1,-1,-1,-1,-1,-1,-1,-1,-1,-1,-1,-1,-1,-1,-1,-1,-1,-1,-1,-1,-1,-1,-1,-1,-1,-1,-1,-1,-1,-1,-1,-1,-1,-1,-0.2877778000000001,-1,-1,-1,-1,-1,-1,-1,-1,-1,-1,-1,-1,-1,-0.23492314166666672,-0.24225774722222226,-0.2326662555555556,-0.20858640000000006,-0.19083908888888895,-0.18004277777777783,-1,-1,-1,-0.24365578888888892,-0.2883650455555556,-0.2864630396135266,-0.2736780686868687,-0.25905898888888895,-1,-0.18250410370370374,-0.1684709580246914,-0.15928167777777782,-0.1387993694444445,-0.12704061367521371,-0.11273891452991458,-0.10644996666666673,-0.12185200592592597,-0.16888908981481485,-0.165974180952381,-0.14431908888888895,-0.14697363636363642,-0.15579958888888892,-0.18733201616161618,-1,-0.1668667277777778,-0.15944316250000004,-0.14788401527777784,-0.13781971388888892,-0.1130871944444445,-0.07598346527777783,-0.028211816666666712,-0.048592375111111155,-0.08016912929292933,-0.08509866666666671,-0.08486581307189547,-0.09165307901234572,-0.0995103333333334,-0.12592762847222227
towel_6l_long_me,-1,-1,-1,-1,-1,-1,-1,-1,-1,-1,-1,-1,-1,-1,-1,-1,-1,-1,-1,-1,-1,-1,-1,-1,-1,-1,-1,-1,-1,-1,-1,-1,-1,-1,-1,-1,-1,-1,-1,-1,-1,-1,-1,-1,-1,-1,-1,-1,-1,-1,-1,-1,-1,-1,-1,-1,-1,-1,-1,-1,-1,-1,-1,-1,-1,-1,-1,-1,-1,-1,-1,-1,-1,-1,-1,-1,-1,-1,-0.7027076933333336,-0.7018668400000001,-0.69118306,-0.6804850266666668,-0.6702646533333335,-0.6763879400000001,-0.68138299,-0.6683267866666668,-0.6749888400000001,-0.6818528266666667,-0.68666684,-1,-1,-0.6978036000000002,-0.6885395040000001,-0.6847248200000001,-0.6720510066666666,-0.66793448,-0.64703602,-0.6276931371428571,-0.6102987111111112,-0.6116407100000001,-0.6112999600000001,-0.6136959320000002,-0.6396072114285716,-0.6642478466666667,-0.7007060444444446,-1,-0.6579323490909091,-0.6272972,-0.6015229777777777,-0.5962482466666668,-0.5893149120000001,-0.5553235142857144,-0.5426329511111112,-0.5219166622222223,-0.5130283360000001,-0.5186566240000001,-0.5370997200000001,-0.5656358800000001,-0.5980529000000001,-0.6504441066666667,-1,-0.5902345644444446,-0.5505881950000001,-0.5211563142857144,-0.5053961680000001,-0.4918199350000001,-0.4702092400000001,-0.4458218850000001,-0.42133233777777784,-0.4276115000000001,-0.43113373777777786,-0.4625382444444445,-0.5051995485714287,-0.5548528514285715,-0.6246143292307694,-1,-0.5136186266666668,-0.4815088900000001,-0.4479768050000001,-0.41444511555555563,-0.37876613333333337,-0.3792784977777779,-0.34748670285714295,-0.3372516280000001,-0.3287910733333334,-0.3540170400000001,-0.3973283485714287,-0.4584814628571429,-0.5176446400000001,-0.5966456254545456,-1,-0.46716598000000015,-0.3986974640000001,-0.3750041022222223,-0.33180219636363645,-0.2982376160000001,-0.26984781500000005,-0.2584064800000001,-0.2433588880000001,-0.2584386342857144,-0.311483072,-0.3767219360000001,-0.43935672800000014,-0.51107016,-0.6074507600000001,-1,-0.3506060600000001,-0.3079535955555557,-0.2714163600000001,-0.23951806000000006,-0.19145099428571433,-0.1781685950000001,-0.16481667333333347,-0.1702323314285715,-0.20543133000000013,-0.27657797000000006,-0.3568265850000001,-0.43595046500000006,-0.4944498466666668,-0.5584998977777779,-1,-0.28921436000000006,-0.23128309500000008,-0.18663500363636373,-0.15180600888888898,-0.11564166000000009,-0.10980236000000007,-0.1153651280000001,-0.11806962222222234,-0.16385798666666676,-0.24736602400000007,-0.3299830800000001,-0.40542136444444454,-0.4735052514285715,-0.5366860360000001,-1,-0.1969278280000001,-0.15490356444444456,-0.1135811257142858,-0.08189416000000009,-0.08095129600000006,-0.08972118000000007,-0.09181974000000015,-0.09715232000000018,-0.12142296000000008,-0.190462568888889,-0.3011074560000001,-0.39249279200000015,-0.4608678640000001,-0.4954052900000001,-1,-0.09022226400000011,-0.06293716222222229,-0.04753352333333342,-0.04142252000000007,-0.06611186000000009,-0.08626552000000008,-0.04384078057142867,-0.07904592923076932,-0.08493256888888899,-0.13122768153846162,-0.2794535418181819,-0.36337315230769235,-0.42058199800000007,-1
towel_6l_long_se,-1,-1,-1,-1,-1,-1,-1,-1,-1,-1,-1,-1,-1,-1,-1,-1,-1,-1,-1,-1,-1,-1,-1,-1,-1,-1,-1,-1,-1,-1,-1,-1,-1,-1,-1,-1,-1,-1,-1,-1,-1,-1,-1,-1,-1,-1,-1,-1,-1,-1,-1,-1,-1,-1,-1,-1,-1,-1,-1,-1,-1,-1,-1,-1,-1,-1,-1,-1,-1,-1,-1,-1,-1,-1,-1,-1,-1,-0.7240000800000002,-0.7049668000000001,-1,-1,-1,-1,-1,-1,-1,-1,-1,-1,-1,-1,-1,-0.6954667733333335,-0.6428381345454547,-0.6314188622222223,-0.5903860800000001,-1,-1,-1,-1,-1,-1,-1,-1,-1,-1,-1,-0.5628987360000001,-0.5404890444444446,-0.5168787950000001,-0.5296463640000001,-0.52986668,-1,-1,-1,-1,-0.6820002400000003,-0.7167728250000001,-1,-1,-1,-0.5609334400000001,-0.4970743520000001,-0.449547648888889,-0.4249226355555557,-0.4258511400000001,-0.42236323000000003,-1,-1,-1,-0.6142824600000001,-0.6292760300000001,-0.6552988800000001,-1,-1,-1,-0.4779961950000001,-0.4074109050000001,-0.38032792000000004,-0.35495375428571435,-0.3281452285714287,-0.3483625822222223,-0.35547384000000015,-1,-1,-0.4915238355555557,-0.46437852000000013,-0.5010518666666668,-0.549230124,-1,-1,-0.3886685800000001,-0.3492642742857144,-0.32638891333333336,-0.3089104666666667,-0.2656418222222223,-0.25177879111111123,-0.2873551555555557,-1,-0.33852452000000005,-0.3495316727272728,-0.3597615360000001,-0.4084071400000001,-0.46737535200000013,-0.4726449900000001,-0.33281048,-0.3309142857142858,-0.29145865714285724,-0.26600963000000005,-0.24947241142857154,-0.21354391428571434,-0.1762917257142858,-0.1715260000000001,-0.17995656000000007,-0.21792287272727284,-0.2317178950000001,-0.2764199466666668,-0.34062359500000006,-0.3909254750000001,-0.40678652000000015,-0.2990330800000001,-0.2818868933333334,-0.2632268400000001,-0.2270043066666667,-0.19483436571428578,-0.16847022857142865,-0.1347993600000001,-0.11447423428571442,-0.11905514500000008,-0.1428961400000001,-0.1798811942857144,-0.22750069142857152,-0.2835280050000001,-0.3297550800000001,-0.36136782000000006,-0.26688924,-0.24694255333333345,-0.24038449600000011,-0.2052191760000001,-0.16786204000000007,-0.13718648800000008,-0.11383227000000007,-0.0833476600000001,-0.0980088933333334,-0.1198171500000001,-0.15105685600000007,-0.1841563133333335,-0.23150176000000008,-0.27406874285714294,-0.3106740800000001,-0.24009144571428578,-0.22296749846153854,-0.19937212210526326,-0.17022547500000007,-0.1416928000000001,-0.11439555157894747,-0.09344167250000007,-0.036366910909091006,-0.08154950000000011,-0.11049212000000007,-0.13521682315789482,-0.16082290095238103,-0.1908021482352942,-0.21865321714285724,-0.2502214711111112
towel_6l_short_me,-1,-1,-1,-1,-1,-1,-1,-1,-1,-1,-1,-1,-1,-1,-1,-1,-1,-1,-1,-1,-1,-1,-1,-1,-1,-1,-1,-1,-1,-1,-1,-1,-1,-1,-1,-1,-1,-1,-1,-1,-1,-1,-1,-1,-1,-1,-1,-1,-1,-1,-1,-1,-1,-1,-1,-1,-1,-1,-1,-1,-1,-1,-1,-1,-1,-1,-1,-1,-1,-1,-1,-1,-1,-1,-1,-1,-1,-1,-1,-1,-1,-1,-1,-1,-1,-1,-1,-1,-1,-1,-1,-1,-1,-1,-1,-1,-1,-1,-1,-1,-1,-1,-1,-1,-1,-1,-1,-1,-1,-1,-1,-1,-1,-1,-1,-1,-1,-1,-1,-1,-1,-1,-1,-1,-1,-1,-1,-1,-1,-1,-1,-1,-1,-1,-1,-1,-0.30333336666666677,-0.3060608,-1,-0.7997222888888889,-0.797065525,-0.78271745,-0.7571516133333335,-0.7537641125000001,-0.7463871424242425,-0.7393741366666667,-0.7081620809523811,-0.7032899571428572,-0.6896456407407409,-0.6485186833333334,-0.22538156666666673,-0.2520944000000001,-0.2557407282051283,-0.2897954212121213,-0.5372583703703704,-0.5679792259259261,-0.6194814649122808,-0.5983201212121213,-0.5641150253968255,-0.5290888700000002,-0.4978845812500001,-0.46987661212121223,-0.4869259733333335,-0.4820319023809525,-0.42350014166666683,-0.2214376000000001,-0.17242737222222235,-0.1602255722222223,-0.16109752777777786,-0.17906940000000005,-0.17834832333333342,-0.20073929393939405,-0.27864843888888896,-0.2774316533333334,-0.263569825925926,-0.25757210952380966,-0.24661631944444454,-0.26777014615384626,-0.27895134444444447,-0.2856867777777779,-0.1824382212121213,-0.13706590833333343,-0.13042676666666672,-0.12633373333333342,-0.12282621111111121,-0.11519498888888896,-0.117064980952381,-0.1158511000000001,-0.11775943750000009,-0.12940746111111118,-0.14124167333333343,-0.14976172500000007,-0.1719888750000001,-0.18368061666666677,-0.21492485777777784,-0.15618747000000008,-0.13296693333333337,-0.12199479166666675,-0.10872985833333344,-0.09884191666666677,-0.09524507222222228,-0.09270293888888895,-0.08186441666666674,-0.0880375666666667,-0.09530078333333343,-0.09930354666666674,-0.11762682666666677,-0.13091789444444452,-0.13776347500000008,-0.16891728484848492,-0.10922156666666676,-0.10044329444444457,-0.09587986000000004,-0.08806276388888894,-0.07808723333333342,-0.07699365666666677,-0.05615090952380961,-0.035011795402298915,-0.05743227166666672,-0.0711471595238096,-0.07477246153846162,-0.07385218333333342,-0.08045484629629637,-0.08469341818181823,-0.11001561666666673
towel_6l_short_se,-1,-1,-1,-1,-1,-1,-1,-1,-1,-1,-1,-1,-1,-1,-0.6161901964444446,-1,-1,-1,-1,-1,-1,-1,-1,-1,-1,-1,-1,-1,-1,-1,-1,-1,-1,-1,-1,-1,-1,-1,-1,-1,-1,-1,-1,-1,-1,-1,-1,-1,-1,-1,-1,-1,-1,-1,-1,-1,-1,-1,-1,-1,-1,-1,-1,-1,-1,-1,-1,-1,-1,-1,-1,-1,-1,-1,-1,-1,-1,-1,-1,-1,-1,-1,-1,-1,-1,-1,-1,-1,-1,-1,-1,-1,-1,-1,-1,-1,-1,-1,-1,-1,-1,-1,-1,-1,-1,-1,-1,-0.5967237875000001,-0.6061455296296298,-0.6100496416666669,-0.7168058333333335,-0.7441668666666668,-1,-1,-1,-1,-1,-1,-1,-1,-1,-0.5768072200000002,-0.5200666923076924,-0.46920977555555565,-0.3572682361111112,-0.4021545923076924,-0.42984033333333344,-0.5013202333333334,-0.5014573833333336,-1,-1,-1,-1,-1,-1,-1,-0.42126095333333347,-0.48451327500000013,-0.5531796717948718,-0.6197281592592594,-0.4599626822222223,-0.4720083303030304,-0.5381057119047621,-0.2655748090909092,-0.25470672500000013,-0.22588716666666675,-1,-1,-1,-1,-1,-0.2101733238095239,-0.23961075416666675,-0.24829736250000006,-0.3102551055555557,-0.3833179153846155,-0.5142740688888889,-0.578719180392157,-0.6183092933333334,-0.37257077435897445,-0.2606643642857144,-0.1760443857142858,-1,-1,-1,-0.16038319166666676,-0.14874429166666675,-0.1521571222222223,-0.15292397083333348,-0.16300162500000007,-0.16849906666666672,-0.2364913722222223,-0.27251265555555565,-0.28047696250000004,-0.22254237450980402,-0.24661660666666674,-0.2445631794871796,-0.14815452333333343,-0.1351170722222223,-0.11494162000000008,-0.1087904800000001,-0.11705281666666674,-0.127826842857143,-0.1503295761904763,-0.1651141111111112,-0.18457341111111122,-0.22288315833333341,-0.2658334166666667,-0.22146270370370377,-0.16326164166666673,-0.11798388888888897,-0.11030670555555563,-0.09637188750000007,-0.08749899166666678,-0.10042778541666673,-0.1476358000000001,-0.1906266083333334,-0.2028205333333334,-0.1460965666666667,-0.16970784166666675,-0.1925478722222223,-0.10778977333333341,-0.09235365000000005,-0.08769534666666672,-0.08794232222222233,-0.06863544166666675,-0.07285316666666675,-0.07332808095238101,-0.0804033733333334,-0.11740770333333339,-0.1271987606060607,-0.0656954125000001,-0.06029230555555566,-0.05575950555555566,-0.06207822000000008,-0.05914731515151521,-0.06933649166666671,-0.06875403666666673,-0.04202667222222231,-0.06323380000000006,-0.07967732777777786,-0.08186074166666674,-0.08887565000000006,-0.10418985333333342,-0.09100660333333341
towel_8l_long_me,-1,-1,-1,-1,-1,-1,-1,-1,-1,-1,-1,-1,-1,-1,-1,-1,-1,-1,-1,-1,-1,-1,-1,-1,-1,-1,-1,-1,-1,-1,-1,-1,-1,-1,-1,-1,-1,-1,-1,-1,-1,-1,-1,-1,-1,-1,-0.3704348260869567,-0.3902243985507247,-0.3985887536231885,-0.44168515942029,-1,-1,-1,-1,-1,-1,-1,-1,-1,-1,-1,-0.3420364347826088,-0.34565282608695663,-0.3831597101449276,-0.41775075652173915,-0.4454870782608697,-0.4793167652173914,-1,-1,-1,-1,-1,-1,-1,-1,-1,-0.30153681159420304,-0.3158585869565218,-0.3476414673913044,-0.3861576086956523,-0.4170630000000001,-0.45324473913043484,-0.5091261787439614,-0.5514989927536232,-0.5685830217391306,-1,-1,-1,-1,-1,-1,-0.2742279891304349,-0.2921708333333335,-0.32347191304347833,-0.34443360000000006,-0.3633914420289856,-0.4025346273291926,-0.4431432695652175,-0.4877289627329194,-0.5323142857142857,-0.5545348115942029,-0.5672978173913045,-0.5997101594202899,-0.6286447391304348,-1,-1,-0.2496377565217392,-0.2570352500000001,-0.2813759217391306,-0.28896750000000004,-0.29977105797101455,-0.3356308804347827,-0.38594434782608705,-0.4092718260869566,-0.46147238509316774,-0.478465695652174,-0.5207077577639753,-0.5707448,-0.5985986884057971,-0.6144237391304349,-0.21051717391304367,-0.21345045217391315,-0.21236135507246384,-0.21747059420289863,-0.21939655072463782,-0.23755374637681173,-0.27093706521739136,-0.30477407246376814,-0.33482310869565224,-0.37657022981366467,-0.4145781739130435,-0.4714357318840581,-0.5214645155279504,-0.5612776739130436,-0.589853402173913,-0.18757800000000008,-0.17644531884057973,-0.17398525000000004,-0.1730884021739131,-0.17306554347826086,-0.1820945826086957,-0.20193804347826091,-0.24003519565217396,-0.26086863586956527,-0.2921186413043479,-0.34132190062111806,-0.40197414285714295,-0.44626843961352664,-0.4813191884057971,-0.5363029420289857,-0.17504580434782613,-0.16788746739130442,-0.16335731521739139,-0.15532931521739138,-0.1484307608695653,-0.14611421739130442,-0.15041047826086956,-0.16740762318840588,-0.17763254347826096,-0.20486576811594215,-0.23415016521739138,-0.27432094782608707,-0.31608253623188415,-0.38298191925465846,-0.44090376397515535,-0.16268943478260886,-0.1601392608695653,-0.15471152173913053,-0.14523058695652172,-0.13110355072463775,-0.12725077173913057,-0.12477967391304365,-0.1271025434782609,-0.1298616195652175,-0.14239694202898565,-0.17185020289855082,-0.18952219875776405,-0.22232784057971022,-0.27207685714285723,-0.30117926086956526,-0.15914302173913053,-0.15400141304347825,-0.1506048695652175,-0.13867153260869572,-0.12423484057971021,-0.11223354347826099,-0.1053212826086958,-0.10796200000000009,-0.10912373913043491,-0.11560156521739137,-0.12888926956521754,-0.14846172826086962,-0.16573781739130444,-0.17863458695652182,-0.20739992173913058,-0.157254391304348,-0.15252721739130448,-0.14459382608695667,-0.13082158695652182,-0.11762026086956524,-0.1038135652173913,-0.09593921739130443,-0.08803102898550733,-0.09456852173913051,-0.0992671739130436,-0.10661326086956541,-0.12299217391304348,-0.1292698804347827,-0.1323706521739131,-0.17337698369565224,-1,-0.1438335265700484,-0.12768090118577083,-0.11370366304347838,-0.10441954347826098,-0.1006660966183576,-0.07767763043478272,-0.03703477926421416,-0.07696769820971876,-0.09304799130434789,-0.08511828260869578,-0.08726100511508961,-0.08989479813664607,-0.08414004710144937,-0.11700668797953971
towel_8l_long_se,-1,-1,-1,-1,-1,-1,-1,-1,-1,-1,-1,-1,-1,-1,-1,-1,-1,-1,-1,-1,-1,-1,-1,-1,-1,-1,-1,-1,-1,-1,-1,-1,-1,-1,-1,-1,-1,-1,-1,-1,-1,-1,-1,-1,-1,-1,-1,-1,-1,-1,-1,-1,-1,-1,-1,-1,-1,-1,-1,-1,-1,-1,-1,-1,-1,-1,-1,-1,-1,-1,-1,-1,-1,-1,-1,-1,-1,-1,-1,-1,-1,-1,-1,-1,-1,-1,-0.6307248260869566,-0.6263200217391305,-0.6197198913043478,-0.6173916086956522,-1,-1,-1,-1,-1,-1,-1,-1,-1,-0.5750495652173913,-0.5854063652173914,-0.5583262663043479,-0.5364685054347827,-0.5347936086956523,-0.5358685543478262,-1,-1,-1,-1,-1,-0.608695695652174,-0.6037770144927537,-0.6544146714975846,-0.5106725072463769,-0.4884374239130435,-0.4598216708074535,-0.4413018599033817,-0.4329900760869566,-0.44575253260869574,-0.4580185543478262,-1,-0.41861195652173916,-0.6017783043478261,-0.541786168478261,-0.5925053167701864,-0.5481105000000001,-0.49612377294686,-0.4437099565217393,-0.39739831739130443,-0.3558880931677019,-0.34491689855072466,-0.345189463768116,-0.3520855,-0.38404898913043484,-0.3970746328502416,-1,-0.31685668840579717,-0.31189271497584553,-0.2967492608695653,-0.3539811141304349,-0.3510994202898552,-0.327366927536232,-0.29618264596273297,-0.26429069021739143,-0.2587443913043479,-0.2606457391304349,-0.2713648550724639,-0.2935544608695653,-0.32849569565217407,-0.33980842236024855,-1,-0.2201899378881988,-0.2154958260869566,-0.19791903623188423,-0.19490531521739135,-0.19389721739130444,-0.18496843478260874,-0.1732262463768117,-0.17525449275362326,-0.1811315724637682,-0.19253800000000013,-0.21647182608695661,-0.2411584347826088,-0.26551820289855077,-0.29244820948616607,-1,-0.15646437681159425,-0.16467724347826102,-0.15468622463768128,-0.132262811594203,-0.13003492391304358,-0.12483921739130444,-0.12485784782608694,-0.1277301086956523,-0.1356607536231885,-0.14583839130434792,-0.170888695652174,-0.18354280869565223,-0.2158770760869566,-0.26088569960474317,-0.12072356521739136,-0.09730626086956531,-0.11059989130434794,-0.09888923188405807,-0.09437300000000008,-0.09183136231884062,-0.09053149275362331,-0.10308530434782627,-0.10358218478260878,-0.10561296739130442,-0.11255304347826098,-0.12948278260869578,-0.14730273913043485,-0.1726131847826088,-0.19593349378881994,-0.08690942608695662,-0.06717556521739149,-0.07702510869565224,-0.07480905797101453,-0.06410904347826096,-0.0674889565217392,-0.07737141304347828,-0.08933450724637687,-0.09071297101449284,-0.08791306521739137,-0.09008573913043488,-0.09568548913043488,-0.11394318115942036,-0.12709345652173923,-0.14741104830917884,-0.07074317391304355,-0.08974551304347833,-0.09252047491638804,-0.0826404308300396,-0.07607042608695665,-0.07436237391304358,-0.06884938618925841,-0.04152235382308857,-0.07802699744245536,-0.08774549832775928,-0.07890974637681171,-0.0763947260869566,-0.07960866521739138,-0.08872441304347836,-0.1037914579710146
towel_8l_short_me,-1,-1,-1,-1,-1,-1,-1,-1,-1,-1,-1,-1,-1,-1,-1,-1,-1,-1,-1,-1,-1,-1,-1,-1,-1,-1,-1,-1,-1,-1,-1,-1,-1,-1,-1,-1,-1,-1,-1,-1,-1,-1,-1,-1,-1,-1,-1,-1,-1,-1,-1,-1,-1,-1,-1,-1,-1,-1,-1,-1,-1,-0.5166010300000001,-0.5220036266666669,-0.5392601300000002,-0.55800961,-0.55999986,-0.5530532800000001,-0.54769204,-0.5384689200000001,-0.5385714133333334,-0.5340687800000001,-0.5262314266666667,-0.5244552400000001,-0.527919816,-0.5337885466666668,-1,-0.46810809142857146,-0.46473765000000006,-0.47040107200000014,-0.5008470900000002,-0.5191992900000002,-0.5166202320000002,-0.5044845520000001,-0.4886921200000001,-0.4864079466666668,-0.48287035333333345,-0.4820426533333335,-0.48088906000000003,-0.4851693360000001,-0.50875292,-1,-0.40117024800000006,-0.39798991000000006,-0.3999467200000001,-0.41505732571428583,-0.44502166000000004,-0.44932197500000004,-0.4484110600000001,-0.43120377333333343,-0.4170045100000001,-0.4259920533333334,-0.4277008133333335,-0.4310886133333334,-0.4346682700000001,-0.4658722866666668,-1,-0.34239987333333344,-0.3343248400000001,-0.33476855200000005,-0.3312266160000001,-0.3509938933333335,-0.3632114900000001,-0.3629821500000001,-0.3653458971428572,-0.3477939066666668,-0.3709161066666668,-0.3765988400000001,-0.3838230400000001,-0.3977007200000002,-0.42211933000000007,-1,-0.2904162333333334,-0.28609832000000013,-0.2776227600000001,-0.2746334466666667,-0.27913780000000005,-0.2843987133333334,-0.28823114666666677,-0.2934439200000001,-0.28965531200000005,-0.3155618960000001,-0.3211419400000001,-0.34734985600000007,-0.36594164000000007,-0.3916817440000001,-0.28000008,-0.2563803900000001,-0.2451570960000001,-0.2334537800000001,-0.22143974400000005,-0.2220535466666668,-0.22435608666666676,-0.22833726666666676,-0.22894993333333344,-0.23274253000000011,-0.25345313333333347,-0.2729252266666667,-0.29324404666666676,-0.32180531200000007,-0.3527626066666667,-1,-0.23686684000000016,-0.22535233333333346,-0.19913702666666677,-0.1848249200000001,-0.16799054000000008,-0.16918312666666677,-0.1698495866666668,-0.17284693333333337,-0.1790110160000001,-0.2046474200000001,-0.22693077000000017,-0.25303351428571436,-0.28897410666666673,-0.31194308666666676,-1,-0.22740061000000017,-0.20080838666666675,-0.1765329900000001,-0.15596954000000005,-0.1389888400000001,-0.1245409600000001,-0.12282969333333342,-0.12470630000000012,-0.13649154000000008,-0.1605920480000001,-0.17818392000000005,-0.2044533266666668,-0.2443059666666668,-0.2813800640000001,-1,-0.2239091800000001,-0.1902158866666668,-0.15730458000000014,-0.1269588960000001,-0.11328072000000011,-0.09852943000000008,-0.09791128000000004,-0.09703827000000004,-0.10684809333333349,-0.11781617142857151,-0.14899656000000006,-0.1691977257142858,-0.20879778666666673,-0.2500545500000001,-1,-0.21100610666666678,-0.18617528000000014,-0.1556885600000001,-0.11854429600000009,-0.09162412000000009,-0.0843821600000001,-0.07961170000000006,-0.08677116000000018,-0.08314910000000009,-0.09862610000000005,-0.11740682666666673,-0.14827610666666677,-0.1844287200000001,-0.2258611520000001,-1,-0.1876253173333334,-0.16004654000000004,-0.12353010153846163,-0.08349975428571439,-0.07743568444444453,-0.06201617400000009,-0.0429866622222223,-0.056687460000000085,-0.0749597880000001,-0.0768002188235295,-0.08586489333333343,-0.11047601066666674,-0.14598447157894748,-1
towel_8l_short_se,-1,-1,-1,-1,-1,-1,-1,-1,-1,-1,-1,-1,-1,-1,-1,-1,-1,-1,-1,-1,-1,-1,-1,-1,-1,-1,-1,-1,-1,-1,-1,-1,-1,-1,-1,-1,-1,-1,-1,-1,-1,-1,-1,-1,-1,-1,-1,-1,-1,-1,-1,-1,-1,-1,-1,-1,-1,-1,-1,-1,-1,-1,-1,-1,-1,-1,-1,-1,-1,-1,-1,-1,-1,-1,-1,-1,-0.6311429600000003,-0.6338020171428572,-0.6192768400000002,-0.621248784,-0.63893368,-1,-1,-1,-1,-1,-1,-1,-1,-1,-1,-0.57304106,-0.5413898514285715,-0.5323363200000001,-0.5441230685714287,-0.5949200971428572,-0.6297037400000001,-1,-1,-1,-1,-1,-1,-1,-1,-1,-0.47455995000000006,-0.45091926285714296,-0.4325949933333334,-0.44314087000000013,-0.5158047680000001,-0.6159849266666667,-0.6764330000000001,-1,-1,-1,-1,-0.6960002000000003,-0.6967163333333334,-1,-1,-0.39172489142857153,-0.37223874285714287,-0.3390372200000001,-0.34336304500000014,-0.3923587600000001,-0.50095427,-0.5908162436363638,-0.6034320836363637,-0.6296151142857144,-0.5912292953846154,-0.5851834333333334,-0.551301265,-0.5830113771428572,-0.6048406933333336,-0.3215555400000001,-0.3291172500000001,-0.29573241142857154,-0.26933594000000005,-0.25390918000000007,-0.27036000666666676,-0.32333928400000006,-0.3780861781818183,-0.4027926857142858,-0.4174552933333334,-0.3726268333333334,-0.3580059885714287,-0.3779489527272728,-0.3956520285714286,-0.3735281485714287,-0.2441481200000002,-0.2558458866666668,-0.2343864800000001,-0.21447876800000007,-0.1896617920000001,-0.1812648933333334,-0.19261954000000012,-0.21562182666666677,-0.21661984800000011,-0.21849404800000008,-0.22668857777777787,-0.24129272000000007,-0.25935345333333343,-0.2674341920000001,-0.2777028050000001,-0.21579734000000017,-0.20396378000000012,-0.18999019000000006,-0.16947429600000005,-0.15378071333333343,-0.13022480000000006,-0.12875850666666674,-0.12876814666666672,-0.12959879333333343,-0.14165882000000007,-0.15826273714285727,-0.1645567200000001,-0.19530600571428583,-0.20728504800000008,-0.2124195900000001,-0.17695926000000006,-0.15466040000000011,-0.14701564666666678,-0.12252597000000004,-0.11291557333333346,-0.09726814000000006,-0.09805716000000009,-0.09959570000000018,-0.09924129000000015,-0.11000652000000011,-0.11441982285714294,-0.13388078000000003,-0.15195116666666678,-0.1559194133333334,-0.16043214000000008,-0.1495790800000001,-0.12584943200000015,-0.10223760000000008,-0.09727308000000005,-0.08084013600000009,-0.07777258666666675,-0.08754376000000008,-0.08277782000000011,-0.08642242000000011,-0.08251986000000011,-0.09146192000000009,-0.1155789000000001,-0.12102808000000004,-0.11778944000000006,-0.1267992533333334,-1,-0.06920372000000012,-0.04436097000000009,-0.045670440000000055,-0.0481769880000001,-0.05963929000000007,-0.05305143789473693,-0.03631650666666676,-0.061133130909091025,-0.07606356000000011,-0.0727195236363637,-0.07812879200000004,-0.07954260400000009,-0.07655204000000004,-0.08143380500000008
waffle_12l_long_me,-1,-1,-1,-1,-1,-1,-1,-1,-1,-1,-1,-1,-1,-1,-1,-0.5442189166666668,-0.5675443333333337,-0.5661071000000002,-0.5688435000000003,-0.5706155208333336,-0.5488888125000002,-0.5465771666666669,-0.556285388888889,-0.5474475000000002,-1,-1,-1,-1,-1,-1,-0.5039219583333335,-0.5026039166666667,-0.504067625,-0.5026085833333336,-0.5027780833333333,-1,-0.5000005000000002,-0.502381166666667,-0.520347916666667,-0.5279843333333336,-0.5289416250000001,-0.5354456041666669,-0.5406042708333335,-0.5260293333333337,-1,-0.4762907083333335,-0.47942000000000035,-0.48063141666666703,-0.47466675000000025,-0.469967916666667,-0.46550454166666677,-0.44521310416666693,-0.46896258333333357,-0.4671935833333335,-0.46701770833333356,-0.46994208333333337,-0.4726755833333335,-0.47999191666666685,-0.4864940833333336,-0.5091675833333336,-0.4488162083333335,-0.45036025,-0.4479507083333336,-0.43285816666666693,-0.41336908333333344,-0.4106781250000001,-0.3948590000000002,-0.41015837500000035,-0.4105689375000003,-0.4108168333333336,-0.4118268333333335,-0.4146650000000003,-0.42665547222222244,-0.44536216666666667,-0.4608119583333336,-0.42711441666666694,-0.42449975,-0.41330988888888903,-0.39893650000000025,-0.3802845000000004,-0.3664902916666669,-0.36008850000000026,-0.35861108333333364,-0.36088558333333365,-0.36329137500000036,-0.36673516666666706,-0.37464495833333344,-0.39865891666666686,-0.40613000000000016,-0.4175148125000001,-0.41140919444444474,-0.4067358750000002,-0.3888237222222225,-0.3568197916666669,-0.34570983333333344,-0.33934829166666697,-0.32234845833333364,-0.3213637500000003,-0.3220278125000001,-0.33774816666666707,-0.3392655833333337,-0.3438214166666669,-0.354657041666667,-0.36918891666666703,-0.39338450000000025,-0.4114972083333336,-1,-1,-0.3365454166666668,-0.32447891666666695,-0.31918912500000024,-1,-1,-1,-0.3164551666666668,-0.3211195,-0.3242905833333335,-0.33583920833333347,-1,-1,-0.37822008333333346,-0.35405800000000015,-0.342067027777778,-0.3153077500000002,-0.30224391666666683,-0.27571216666666676,-0.2640759791666669,-0.26085866666666696,-0.2629024375000003,-0.28284475000000026,-0.2922465000000004,-0.3075039166666669,-0.31876295833333373,-0.3336296111111112,-0.3533145416666669,-0.34732672222222244,-0.3298294444444447,-0.30204425000000024,-0.26089188888888903,-0.24845929166666691,-0.23858277777777784,-0.22925704166666672,-0.2331890000000003,-0.2318811666666668,-0.2438738541666668,-0.24819020833333347,-0.26276936111111127,-0.2955549166666669,-0.3139344166666669,-0.3339590625000003,-0.3456916666666668,-0.3186470000000002,-0.2827730833333336,-0.24587179166666678,-0.22761941666666666,-0.209057,-0.2108064583333335,-0.22077283333333347,-0.21451904166666694,-0.19902791666666664,-0.1964320000000001,-0.23181645833333342,-0.25097694444444457,-0.2793532500000001,-0.31789798333333363,-0.32506993333333356,-0.29065800000000014,-0.2654357083333334,-0.23896969444444469,-0.2151444166666669,-0.20095637500000008,-0.20432154166666674,-0.1998255,-0.20362795833333375,-0.1894303333333333,-0.18252425,-0.191946291666667,-0.21369816666666688,-0.23895441666666695,-0.27359305555555574,-1,-1,-0.2416665000000003,-1,-1,-1,-1,-1,-1,-1,-1,-1,-1,-1,-0.23853691666666696,-0.3024378611111113,-0.2738785833333336,-0.24912637500000015,-0.22917283333333355,-0.2117675833333337,-0.20090225000000012,-0.19912654166666677,-0.16386977777777798,-0.1903374583333335,-0.19017104166666676,-0.1810389166666667,-0.1881767916666668,-0.19789870833333373,-0.1996323333333337,-0.2201990000000002,-0.31405972916666686,-0.31041986111111136,-0.30857354166666684,-0.24405962500000009,-0.24916295833333352,-0.2451730416666668,-0.15704436111111136,-0.06876710869565235,-0.15011765277777797,-0.2468533750000002,-0.2530443666666669,-0.27007530555555576,-0.2998370092592594,-0.31234093750000014,-0.3691844242424244
waffle_12l_long_se,-1,-1,-1,-1,-1,-1,-1,-1,-1,-1,-1,-1,-1,-1,-1,-0.6518927916666668,-0.6594879166666667,-0.6498900000000002,-0.6156328750000002,-0.6485794583333334,-0.6524310833333336,-0.6306190833333335,-0.5902779166666668,-0.6085941666666669,-1,-1,-1,-1,-1,-1,-0.4929631000000002,-0.5090280208333336,-0.4735517361111113,-0.5351739791666669,-0.5349891666666668,-0.5542022833333337,-0.5387569166666668,-0.5330131250000002,-0.5240358125000002,-0.5057888750000002,-0.511530875,-0.515649229166667,-0.5180141041666668,-0.5058809722222224,-0.5958347314814817,-0.3942628333333337,-0.39463091666666666,-0.3996299583333335,-0.42772941666666675,-0.42211972222222244,-0.43911019444444466,-0.4403991875000003,-0.44472420833333354,-0.4414743541666669,-0.44223050000000014,-0.44851287500000026,-0.47671779166666683,-0.48062575000000035,-0.4775476666666667,-0.46233986111111136,-0.3729100833333334,-0.3619273333333335,-0.3632167500000003,-0.36842458333333333,-0.3723613333333334,-0.3771782500000004,-0.38320591666666703,-0.3898950833333336,-0.385672416666667,-0.3862149583333335,-0.39156150000000023,-0.4154419583333335,-0.4442594583333334,-0.4429861666666669,-0.43528175000000013,-0.37618283333333347,-0.3581975000000001,-0.3487890416666669,-0.3310874444444445,-0.32854187500000026,-0.32701035416666674,-0.32970843750000023,-0.3334563750000003,-0.3320653541666668,-0.33938694444444456,-0.35631775000000004,-0.386832277777778,-0.40648258333333354,-0.4106568333333336,-0.4088288333333336,-0.3688508055555558,-0.346679666666667,-0.34249916666666685,-0.330341416666667,-0.3183620000000003,-0.3127090000000001,-0.306509166666667,-0.30392700000000017,-0.3031008333333335,-0.31029055555555585,-0.3207463055555557,-0.33119994444444467,-0.3551097500000001,-0.3631698333333336,-0.37071247222222253,-0.3371677500000003,-0.3333340000000004,-0.3239584166666668,-0.32248716666666705,-1,-1,-1,-1,-1,-1,-1,-0.3291668750000002,-0.33711341666666694,-1,-0.33414008333333367,-0.33949518333333345,-0.3198846666666667,-0.30820104166666695,-0.2971531666666668,-0.2906458333333334,-0.2861960000000001,-0.27970641666666685,-0.2745568333333337,-0.27755566666666676,-0.28615800000000025,-0.2989585000000003,-0.31534033333333344,-0.33401458333333334,-0.33980604166666684,-0.33613728333333354,-0.31794025000000015,-0.29243325000000014,-0.279163916666667,-0.2657298750000002,-0.2473532777777781,-0.24989850000000025,-0.24814158333333358,-0.24778079166666694,-0.24792833333333367,-0.2501412708333336,-0.27121075000000006,-0.2875028333333335,-0.31123841666666696,-0.32846587500000024,-0.3324773333333334,-0.2853186111111113,-0.26449708333333344,-0.24982075000000023,-0.24302018750000018,-0.22919741666666688,-0.22916866666666696,-0.23255429166666686,-0.23727508333333353,-0.23643258333333358,-0.23067950000000004,-0.24702119444444473,-0.26189704166666694,-0.2855256666666669,-0.2977295833333333,-0.3218497708333335,-0.2629198333333336,-0.2475427500000002,-0.23423783333333348,-0.2191888333333336,-0.2107972500000004,-0.2089625416666669,-0.22449525000000012,-0.22042633333333359,-0.22613425000000015,-0.2139322083333337,-0.2326380000000003,-0.24545363888888896,-0.26337450000000023,-0.28031933333333336,-0.32341813095238114,-1,-0.24033780555555578,-1,-1,-1,-1,-1,-1,-1,-1,-1,-0.23755175000000028,-0.24627233333333354,-1,-1,-0.2592303888888891,-0.24243500000000012,-0.2313990000000002,-0.21211762500000025,-0.20240166666666698,-0.1999679583333335,-0.21019845833333367,-0.19355141666666706,-0.20424704166666688,-0.20171933333333336,-0.2046701666666669,-0.2245146250000001,-0.24399705555555581,-0.2560926666666667,-0.27696408333333367,-0.2864346500000003,-0.2799686666666669,-0.2617770333333335,-0.24690941666666685,-0.24186437500000013,-0.21868939583333352,-0.14585748611111118,-0.07239248809523834,-0.1200298472222224,-0.21573108333333355,-0.2369408666666669,-0.23879652777777788,-0.2475950312500002,-0.25237028333333356,-0.2692182500000002
waffle_12l_short_me,-1,-1,-1,-1,-1,-1,-1,-1,-1,-1,-1,-1,-1,-1,-0.7021037872340427,-1,-1,-1,-1,-1,-1,-1,-1,-1,-1,-1,-1,-1,-1,-1,-1,-1,-1,-1,-1,-1,-1,-1,-1,-1,-1,-1,-1,-1,-1,-1,-1,-0.6382523466666666,-0.6600001800000002,-0.6407110600000001,-0.6645028399999999,-0.65777324,-0.6716076,-1,-1,-1,-1,-1,-1,-1,-1,-0.58273375,-0.5642200133333334,-0.5643554266666667,-0.5559999600000001,-0.5566697,-0.5971017000000001,-0.6221266400000002,-0.6054988466666669,-0.65378056,-0.57846664,-0.6561180933333334,-0.6578909733333335,-0.6372586266666668,-1,-1,-0.6372909600000002,-0.5582280100000001,-0.5011807466666668,-0.5150771000000002,-0.48036102,-0.49265362666666673,-0.51811421,-0.5234109900000001,-0.5298309600000001,-0.5341819200000002,-0.5587687300000002,-0.5651994400000001,-0.5686810266666668,-0.58571408,-1,-0.5099919760000001,-0.56485713,-0.5091111333333335,-0.46307132000000006,-0.4941748133333334,-0.42426757000000004,-0.4237498933333334,-0.4259661866666667,-0.4345936300000001,-0.4360000800000001,-0.43786225000000006,-0.4596717866666668,-0.45944247000000005,-0.4483338400000001,-1,-0.4392636500000001,-0.4339825800000001,-0.4708077400000001,-0.44615570000000015,-0.42702116000000007,-0.37344286666666676,-0.3759454600000002,-0.34874463200000017,-0.3615330500000001,-1,-0.3807934533333334,-0.3967994200000001,-0.3989042400000001,-0.42209848000000005,-0.38204464000000016,-0.3988415700000001,-0.38297018666666677,-0.33759078666666675,-0.3001081200000001,-0.3221818000000001,-0.29463574000000003,-0.2928997400000001,-0.2837595700000001,-0.29326646666666684,-1,-0.2977806000000001,-0.3015272400000001,-0.30326435000000007,-1,-0.31200002000000004,-0.29665856000000007,-0.2346019066666667,-0.24906895000000012,-0.2063045200000001,-0.22566656000000007,-0.21161006000000004,-0.22048836000000013,-0.22214465333333347,-0.22554473000000003,-0.23600354000000012,-0.21667195000000006,-0.23878223000000015,-0.27291756,-1,-0.2036827900000001,-0.24488669333333343,-0.2517141700000001,-0.2734777333333334,-0.18822228000000019,-0.1877409000000001,-0.18158385333333346,-0.15466411000000013,-0.15272511000000005,-0.15407965333333337,-0.1658347000000001,-0.1480574160000001,-0.1617540400000001,-0.1426302800000001,-0.15095636000000012,-0.17022318000000014,-0.18458992000000007,-0.20169640000000003,-0.1769875866666668,-0.11399992000000014,-0.14497404000000014,-0.12762370666666678,-0.12141016000000009,-0.11427277333333337,-0.10703412000000012,-0.12713012000000012,-0.11795536000000013,-0.11789368000000011,-0.12111554400000006,-0.1461018320000001,-0.12367895200000012,-0.11068288000000004,-0.09356206666666678,-0.09010665000000007,-1,-0.09135132000000008,-0.08963948000000006,-0.10049074666666676,-0.10337243000000007,-0.09938656000000001,-0.12921950000000004,-0.08705470666666677,-0.08069560000000009,-0.07817226666666673,-0.07586302666666674,-0.08336876000000015,-0.07762720000000008,-0.1105492400000001,-0.10732480000000011,-1,-0.07585224000000013,-0.1210000400000002,-0.053138600000000036,-0.0830001600000001,-0.059578640000000016,-1,-0.06234096,-0.07262936000000009,-0.08193550000000005,-0.06271068800000008,-1,-0.07192605333333346,-0.06658558000000003,-0.07342862000000006,-0.048166719999999996,-0.04721772000000013,-0.048278630000000156,-0.04541282000000013,-0.027429040000000054,-0.018122453333333437,-0.020714120000000058,-0.0477364400000001,-0.021777333333333464,-0.009419900000000148,-0.011400720000000142
waffle_12l_short_se,-1,-1,-1,-1,-1,-1,-1,-1,-1,-1,-1,-1,-1,-1,-1,-1,-1,-1,-1,-1,-1,-1,-1,-1,-1,-1,-1,-1,-1,-1,-1,-1,-1,-1,-1,-1,-1,-1,-1,-1,-1,-1,-1,-1,-1,-1,-1,-1,-1,-1,-1,-1,-1,-1,-1,-0.7200001199999999,-1,-1,-1,-1,-1,-1,-1,-0.7661179200000001,-0.766286,-0.7590216933333335,-0.7405113600000002,-0.7238638700000001,-0.7195015300000002,-0.7083515800000001,-0.7146667200000003,-0.69002988,-0.6750033300000001,-0.6735889199999999,-0.6874026666666668,-1,-1,-0.7428222600000001,-0.728487776,-0.70694456,-0.6260000400000001,-0.66115407,-0.6484722400000001,-0.6427579866666667,-0.6174920933333334,-0.6293817066666668,-0.62146088,-0.6081542400000001,-0.6084767066666668,-0.6302352400000001,-1,-0.64200028,-0.667804048,-0.6310672466666667,-0.6078133733333334,-0.5776595466666667,-0.5707231,-0.56977723,-0.56624315,-0.5513217800000001,-0.5500001600000002,-0.5478533200000001,-0.5352153300000001,-0.5476816666666667,-0.5646492900000001,-1,-0.62333332,-0.56628012,-0.52407742,-0.54040012,-0.49293488,-0.4815493400000001,-0.4817293600000001,-0.47646686000000005,-0.46220825333333343,-0.5055758800000001,-0.4819958266666667,-0.46080169333333343,-0.4750396700000001,-0.5043556,-1,-0.4911244533333335,-0.46756868000000007,-0.4419058666666667,-0.4221832100000001,-0.4056677000000001,-0.4076058266666667,-0.40579309333333335,-0.40135381333333336,-0.3846978133333334,-0.35576496000000013,-0.38777441000000007,-0.3874463800000001,-0.38662022666666673,-0.42682358666666675,-1,-0.42062779200000006,-0.3719855760000001,-0.3489763760000001,-0.3385456,-0.31525869000000006,-0.3321415066666668,-0.3260269000000001,-0.31153008000000004,-0.3103204000000001,-1,-0.3100713333333334,-0.3104924533333335,-0.31517372000000005,-0.3363387333333334,-1,-0.2970031040000001,-0.2666588000000001,-0.24084062000000006,-0.25086730666666673,-0.22430424000000004,-0.2361270600000001,-0.2343935700000001,-0.23380832000000007,-0.23346958000000012,-1,-0.2335875200000001,-0.2358423200000001,-0.2527416266666667,-0.2632426480000001,-0.19600008000000013,-0.20747066666666672,-0.18752632800000005,-0.16396861333333343,-0.16541914000000013,-0.16453348,-0.16514608000000006,-0.16422060000000002,-0.16380390666666678,-0.1629800933333334,-1,-0.1640781733333334,-0.16815786666666677,-0.18631271000000005,-0.20797626000000002,-0.15095244000000005,-0.14760034666666674,-0.11751501000000009,-0.1122566933333334,-0.11043606000000006,-0.1291468,-0.11702455000000006,-0.1199264266666668,-0.12001546666666678,-0.1176963333333334,-0.11517236000000008,-0.1167196133333334,-0.12250008000000008,-0.13905624000000005,-0.16157850666666676,-0.12433342000000003,-0.08829444000000002,-0.07253574000000007,-0.07509682000000018,-0.07466672000000019,-0.09181784000000004,-0.10008988000000008,-0.0997952000000002,-0.10061952000000018,-0.10178792000000003,-1,-0.09515152000000016,-0.09816144000000016,-0.11655256000000007,-1,-0.13122845000000008,-0.08080602000000009,-0.06885358285714292,-0.0831620720000001,-0.0818879333333334,-0.0829054600000001,-0.047779855384615516,-0.04893699636363646,-0.04636480800000011,-0.07737074400000003,-0.08336926000000011,-0.07977106400000009,-0.07678971200000011,-0.08605446666666672,-1
waffle_16l_long_me,-1,-0.3066460384615386,-0.3290358461538462,-0.35793676923076956,-0.3728442923076925,-0.38005778846153854,-0.376592435897436,-0.3721246153846156,-0.37382942307692335,-0.37772857692307704,-0.3992397692307694,-0.38392942307692324,-0.3872412307692308,-1,-1,-1,-0.2596673846153846,-0.2572716923076923,-0.29388874358974376,-0.3044902692307695,-0.32054903846153876,-0.32202600000000003,-0.32115161538461534,-0.32597938461538456,-0.35450346153846174,-0.37109323076923095,-0.3707338846153848,-0.36987165384615395,-0.37878372307692326,-0.36479825641025665,-1,-0.23507723076923084,-0.23548876923076917,-0.24575907692307697,-0.28690607692307707,-0.2951370384615385,-0.29944989743589756,-0.2947239615384616,-0.3007076923076924,-0.3170187307692309,-0.32351884615384613,-0.3199380000000004,-0.318461153846154,-0.31555338461538485,-0.32921900000000015,-1,-0.21637807692307728,-0.21688684615384646,-0.22881257692307708,-1,-1,-1,-1,-1,-0.299369576923077,-0.30769257692307705,-0.2999997692307692,-0.29658146153846177,-0.2901468461538462,-0.29366343076923096,-1,-0.18725207692307702,-0.19456761538461567,-0.21892038461538482,-0.25183369230769237,-0.27087465384615417,-0.26967476923076933,-0.26655792307692316,-0.2757143076923079,-0.2924745769230771,-0.29545030769230807,-0.2874598461538463,-0.27386976923076933,-0.2481905769230771,-0.2494750615384618,-1,-0.15333405128205152,-0.15812557692307702,-0.21197411538461555,-0.245730730769231,-0.25707161538461565,-0.25397146153846156,-0.24914161538461563,-0.2627452307692308,-0.2802623461538463,-0.2810152307692309,-0.26747238461538464,-0.24990438461538478,-0.21815938461538464,-0.21545261538461544,-1,-0.1358249230769232,-0.14997976923076933,-0.18755946153846167,-0.2282664230769232,-0.23923192307692345,-0.22985896153846175,-0.23035057692307714,-0.24914461538461535,-0.2687203846153847,-0.2646243846153849,-0.24711461538461546,-0.22637403846153875,-0.19941230769230806,-0.19042073076923094,-1,-0.11423338461538475,-0.1433021153846156,-0.17713076923076937,-0.21197492307692326,-0.22443434615384636,-0.21305007692307698,-0.22277061538461562,-0.22968473076923113,-0.2508639615384616,-0.24598376923076928,-0.22769588461538476,-0.20112046153846164,-0.17143692307692304,-0.15887828205128224,-1,-0.09968299999999998,-0.12880250000000026,-0.17166938461538478,-0.20424111538461562,-0.20174153846153875,-0.19262546153846183,-0.20039492307692333,-0.2226576923076926,-0.229563794871795,-0.22214966666666686,-0.20076830769230783,-0.17369984615384637,-0.1473261282051283,-0.14175615384615406,-1,-0.08214776923076919,-0.09941130769230806,-0.14969357692307717,-0.1898478846153846,-0.18682292307692316,-0.18450107692307705,-0.1875546923076924,-0.19487161538461537,-0.19751807692307705,-0.1920743076923077,-0.17519361538461548,-0.14748256410256427,-0.11819323076923084,-0.1157669615384615,-1,-0.06517234615384628,-0.08690650000000022,-0.14524992307692308,-0.17182857692307696,-0.17794092307692339,-0.18257061538461575,-0.184283307692308,-0.18531099999999998,-0.1801933076923078,-0.16618869230769237,-0.15961592307692316,-0.1152876923076926,-0.09250569230769236,-0.12158626923076943,-1,-0.09435115384615397,-1,-0.1461537692307694,-1,-1,-1,-1,-1,-1,-0.15461507692307713,-0.1416045384615387,-1,-0.07924500000000001,-0.07771915384615422,-1,-0.09155792307692324,-0.10916423076923112,-0.14538974358974366,-0.16091196153846157,-0.16429215384615384,-0.18256600000000023,-0.16951830769230766,-0.17391992307692317,-0.1694677692307693,-0.14365057692307712,-0.12324261538461538,-0.09576515384615399,-0.06298576923076926,-0.0836881794871796,-1,-0.0936216923076925,-0.10735892307692314,-0.1439556153846156,-0.14946374358974387,-0.1594229230769233,-0.17466223076923085,-0.15127896153846165,-0.15211353846153847,-0.16679126923076942,-0.14847238461538498,-0.1394547179487181,-0.10201769230769234,-0.06559371794871825,-0.0511856538461541,-1,-0.20769230769230787,-0.23166671794871802,-0.2294767179487181,-0.22819652307692323,-0.21215276923076942,-0.07474813846153859,-0.09228936057692327,-0.07930342011834336,-0.18104056410256433,-0.1973288205128207,-0.19413457692307712,-0.16623617948717961,-0.15650349230769253,-0.06113076923076937
waffle_16l_long_se,-0.30769246153846175,-0.2841400000000003,-1,-1,-0.49811057692307714,-1,-0.4919236153846156,-0.48783161538461556,-0.4817723846153848,-0.48801938461538463,-0.5031753846153848,-0.5095236153846157,-1,-1,-1,-0.26765876923076937,-0.25086100000000006,-0.27441958974358993,-0.29549469230769254,-0.31098969230769236,-0.3850581538461541,-0.4085233076923079,-0.42884619230769266,-0.43745189743589763,-0.3963772153846157,-0.404043948717949,-0.3813036923076925,-0.350437923076923,-0.3621718846153848,-0.3249612307692307,-0.2648137692307693,-0.2349116923076924,-0.23333284615384633,-0.24421623076923074,-0.28375438461538477,-0.31075130769230785,-0.3362218461538463,-0.34391380769230784,-0.3453429615384616,-0.32629915384615393,-0.3339659230769232,-0.33493315384615385,-0.33484207692307705,-0.3254353846153848,-0.31738484615384616,-0.29715171153846165,-0.2283215000000003,-0.22692300000000004,-1,-1,-0.29550761538461545,-0.2999997692307692,-0.3000001153846156,-0.3039483461538462,-0.2967548461538463,-0.29342923076923083,-0.28998207692307704,-0.286155230769231,-0.2659801730769231,-1,-0.2583145384615387,-0.21993030769230776,-0.22070207692307706,-0.23728446153846172,-0.25833130769230805,-0.2822480000000001,-0.30769084615384634,-0.30846661538461545,-0.2999997692307692,-0.28842546153846155,-0.2786124615384616,-0.27082600000000007,-0.25912107692307706,-0.2175007692307692,-0.21104634615384638,-0.2579422692307694,-0.21622430769230785,-0.21167230769230788,-0.2280510769230769,-0.2518761538461542,-0.2810364230769234,-0.3050861153846155,-0.3115379615384617,-0.30253515384615415,-0.2739344230769233,-0.26625600000000016,-0.2623628461538463,-0.23957830769230787,-0.2252931538461541,-0.19467719230769256,-0.24008907692307704,-0.20941892307692334,-0.20104800000000025,-0.2251121538461539,-0.2528309230769233,-0.28222153846153863,-0.30235342307692337,-0.3040271923076925,-0.28273984615384634,-0.25949407692307697,-0.25427615384615404,-0.25125992307692324,-0.23007284615384632,-0.20921730769230795,-0.18165657692307718,-0.2511110000000002,-0.20065784615384638,-0.19128269230769268,-0.21570192307692343,-0.24316615384615398,-0.2611380000000001,-0.26662600000000014,-0.2664576923076927,-0.23757388461538487,-0.24071376923076934,-0.23900861538461543,-0.23051576923076939,-0.22323861538461565,-0.1854107692307692,-0.15232053846153862,-0.23129476923076936,-0.1794096923076924,-0.18284615384615394,-0.20398423076923086,-0.22901543589743617,-0.23871246153846162,-0.2265298076923078,-0.22467311538461554,-0.22128394871794882,-0.223732794871795,-0.22118330769230782,-0.22139415384615396,-0.1898524615384619,-0.15265705128205145,-0.13393765384615414,-0.21432923076923094,-0.1653537692307694,-0.169608384615385,-0.188704153846154,-0.21268034615384632,-0.20921510256410256,-0.1934740769230772,-0.18889030769230805,-0.18601599999999996,-0.18563207692307698,-0.19201630769230793,-0.18172646153846173,-0.16332284615384648,-0.14350307692307704,-0.11417630769230798,-0.19244684615384652,-0.16159730769230804,-0.16159730769230804,-0.17249053846153853,-0.18145653846153853,-0.18237438461538494,-0.18461776923076942,-0.1842812307692309,-0.18461776923076942,-0.16794842307692331,-0.17010515384615407,-0.1624684615384615,-0.14415400000000017,-0.11335515384615422,-0.11293210256410272,-0.2217322307692309,-1,-1,-1,-1,-1,-1,-1,-1,-1,-0.15601446153846177,-0.14890084615384644,-1,-1,-1,-0.1846820000000001,-0.16088461538461551,-0.15852515384615415,-0.1615343076923079,-0.16183619230769244,-0.16538361538461563,-0.17883546153846155,-0.17156915384615382,-0.1745310769230773,-0.16167676923076937,-0.1456660384615387,-0.1389498461538463,-0.12670869230769252,-0.10715469230769227,-0.10311046153846157,-0.20184903846153854,-0.1717484615384619,-0.16259000000000007,-0.16083623076923073,-0.15983026923076943,-0.1615358461538464,-0.16825746153846158,-0.15215580769230785,-0.1526503461538463,-0.1608744615384617,-0.14810610256410278,-0.14173557692307714,-0.13117853846153876,-0.11217907692307716,-0.10863400000000019,-1,-0.1988475,-0.1995330384615387,-0.19578365384615393,-0.18832466666666686,-0.1773917179487181,-0.07264953846153857,-0.08803321538461553,-0.08067437278106522,-0.17461369230769241,-0.1709055000000002,-0.16209869230769247,-0.15759510256410275,-0.1512070000000002,-0.12711761538461558
waffle_16l_short_me,-1,-1,-1,-1,-1,-1,-1,-1,-1,-1,-1,-1,-1,-1,-1,-1,-1,-1,-1,-1,-1,-1,-1,-0.5500001666666667,-1,-1,-1,-1,-1,-1,-1,-0.5732847222222223,-0.5681721111111112,-0.568364314814815,-0.5441496388888889,-0.5377928055555556,-0.5277826111111114,-0.5140560833333336,-0.502670351851852,-0.49431304166666684,-0.4978431666666668,-0.5178721481481483,-0.577047277777778,-1,-1,-0.5731598222222224,-0.5452994444444448,-0.5340608055555557,-0.5280420555555557,-0.49146361111111114,-0.49436725000000026,-0.48705566666666694,-0.481698388888889,-0.4643455,-0.4608802777777779,-0.48244427777777804,-0.5009260833333334,-0.605545152777778,-0.6155325000000001,-1,-0.540364477777778,-0.49589197222222237,-0.48742522222222223,-0.4944448333333336,-0.46380305555555584,-0.4587211111111113,-0.45549866666666683,-0.4536456111111112,-0.4423021944444445,-0.44009316666666676,-0.45249450000000013,-0.49329719444444464,-0.6031976481481484,-0.612301777777778,-1,-0.5102062222222223,-0.44395855555555575,-0.4361559722222223,-0.4444441666666669,-0.42407411111111126,-0.4334851111111112,-0.4348766111111112,-0.43595736111111116,-0.4342030000000001,-0.4148328888888889,-0.4278965555555557,-0.4508731805555557,-0.5382479722222224,-0.5801020000000002,-1,-0.4422520555555557,-0.3981078333333334,-0.3756742916666668,-1,-0.3719873888888891,-0.37117072222222236,-0.372775425925926,-0.3731350925925928,-0.37192177777777796,-0.37166131481481485,-0.3963251666666669,-0.40615711111111125,-1,-0.5366935000000002,-1,-0.3818710000000001,-0.33370596296296307,-0.316861851851852,-1,-0.30907125000000013,-0.30578411111111137,-0.3046853333333336,-0.30266830555555563,-0.3013786944444447,-0.29933855555555566,-0.3269055000000001,-0.35534630555555563,-0.34672366666666665,-0.4573711481481482,-0.44338394444444457,-0.33045156666666686,-0.2702633888888889,-0.2646623055555558,-1,-0.2554759166666669,-0.25040080555555577,-0.23518792592592605,-0.2329977777777778,-0.230530814814815,-0.23167079629629647,-0.257389138888889,-0.2934087222222224,-0.2944286296296298,-0.35962398148148156,-0.350174277777778,-0.27235912222222236,-0.22254111111111124,-0.21654769444444466,-1,-0.21321435185185203,-0.20280850000000006,-0.17052175000000025,-0.16867077777777792,-0.1687426944444445,-0.16941225000000015,-0.20171525,-0.21666683333333345,-0.22149772222222228,-0.2669771111111113,-0.3154725555555557,-0.22732446296296308,-0.19200455555555582,-0.17938511111111116,-0.16648361111111126,-0.15630916666666675,-0.1618359166666668,-0.14974655555555555,-0.14359533333333355,-0.14393938888888902,-0.1458007222222224,-0.1620850370370371,-1,-0.15944740740740762,-0.19885272222222233,-0.2534489920634922,-0.1958463666666668,-0.16149205555555565,-0.14432150000000007,-1,-0.13772861111111134,-0.13908605555555584,-0.14228305555555568,-0.13518627777777806,-0.13131461111111137,-0.12626977777777784,-0.12882266666666667,-1,-0.11765388888888902,-0.14807461111111114,-0.186605138888889,-0.14545412962962978,-0.12370800000000017,-0.10789724074074084,-0.10472441666666679,-0.10762940740740753,-0.11949247222222234,-0.12975016666666683,-0.126438138888889,-0.12574597222222228,-0.11829872222222247,-0.11732425,-1,-0.10511231481481496,-0.12745597222222227,-0.16202070370370386,-0.10639788888888893,-0.09419716666666678,-0.0760761666666668,-1,-0.08185750000000004,-0.10075935185185203,-0.10969097222222227,-0.10667986111111123,-0.10782675000000014,-0.1252296666666668,-0.12476177777777776,-0.1005389814814816,-1,-0.133333388888889,-0.17685172222222226,-0.10788652777777791,-0.09975858333333344,-1,-1,-0.10648150000000009,-0.10000016666666667,-0.06293967222222237,-0.05460913888888896,-0.05723772222222236,-0.1211112222222224,-1,-1,-1,-1,-1
waffle_16l_short_se,-1,-1,-1,-1,-1,-1,-1,-1,-1,-1,-1,-1,-1,-1,-1,-1,-1,-1,-1,-1,-1,-1,-0.45000011111111116,-0.44081788888888906,-0.4175922777777779,-0.39709505555555563,-0.388889,-0.38740102777777796,-0.3863431111111112,-0.40122127777777794,-1,-1,-1,-0.5607139444444447,-0.5107641111111113,-0.48376863888888905,-0.47219558333333345,-0.45312952777777793,-0.4239400000000001,-0.4019873611111112,-0.39124625000000024,-0.37462327777777793,-0.365055638888889,-0.3628053333333335,-0.38846678888888897,-1,-1,-1,-0.5449162777777778,-0.5222918611111111,-0.46639872222222245,-0.4504029444444446,-0.4352931481481482,-0.403914,-0.37888286111111114,-0.36299400000000015,-1,-0.3311242222222224,-0.3305680555555558,-0.38835810185185204,-1,-1,-0.5555556666666668,-0.5040044814814817,-0.4624358055555557,-0.4221485555555556,-0.4099031666666668,-0.3862714166666668,-0.37599053703703716,-0.33164490740740765,-0.32464619444444454,-0.3263887222222225,-0.30272783333333336,-0.30188388888888906,-0.329216588888889,-1,-1,-1,-0.4332138472222224,-0.395398388888889,-0.3730046666666668,-0.3420298888888891,-0.3352796388888889,-0.3266834166666669,-0.29049038888888906,-0.2867991666666668,-0.26993500000000015,-0.2730825277777779,-0.27296811111111136,-0.2979071333333334,-1,-1,-0.40373025555555575,-0.35166672222222234,-0.338084888888889,-0.29870663888888904,-0.28952969444444465,-0.2813264444444445,-0.2763889444444445,-0.260972277777778,-0.24251008333333357,-1,-0.23659547222222238,-0.2374313333333336,-0.27288000000000023,-1,-1,-0.2998795000000002,-0.3029780000000002,-0.2551552222222224,-0.25133536111111116,-0.2455565277777778,-0.2390525277777779,-0.22410742592592595,-0.21903318055555565,-0.20423494444444462,-1,-0.20200083333333355,-0.20857842592592601,-0.23252756666666685,-1,-1,-0.2379945277777779,-0.2432832777777778,-0.20753308333333348,-0.20160547222222236,-0.19553383333333357,-0.19341347222222244,-0.1768739444444445,-0.17537622222222235,-0.17311138888888886,-1,-0.17200388888888893,-0.17586050000000025,-0.20814833333333352,-1,-1,-0.19641405555555574,-0.16479166666666673,-0.1545720555555556,-0.16257544444444452,-0.1561509722222223,-0.1557103888888891,-0.1566700277777779,-0.15504430555555573,-0.15287030555555559,-1,-0.15344369444444456,-0.16002788888888897,-0.17272562962962973,-0.2690124722222224,-0.22078694444444455,-0.15491751851851876,-1,-0.1369795555555556,-0.1360263888888889,-0.13403461111111126,-0.13329616666666694,-0.13385144444444447,-0.1326616666666669,-0.1315601666666669,-1,-0.13169311111111137,-0.13621877777777797,-0.16239269444444457,-0.22390614814814824,-0.15168457407407426,-0.11727808333333344,-1,-0.11772269444444458,-0.12835061111111132,-0.12817544444444465,-0.12786866666666674,-0.1278200000000001,-0.1225736111111113,-0.11843922222222224,-1,-0.11838983333333343,-0.12521461111111115,-0.14722629629629644,-0.1963789722222223,-0.14569602777777788,-0.09333438888888895,-0.10128661111111123,-0.09812138888888908,-0.10993687037037052,-0.12138416666666674,-0.12430022222222245,-0.12492725000000016,-0.12171738888888904,-0.11417655555555567,-1,-0.10691150000000009,-0.11400255555555566,-0.13050892592592614,-1,-0.10886922222222234,-0.07430427777777798,-1,-0.08657188888888914,-0.10311788888888894,-0.11391155555555575,-0.10714033333333348,-0.10761822222222248,-0.11580683333333361,-0.11111094444444464,-0.10495430555555571,-0.09936900000000008,-0.1007547500000002,-0.10948922222222238,-1,-0.07959633333333346,-0.08301783333333355,-0.09885651851851861,-0.11335980555555566,-0.11419379629629638,-0.06686476388888903,-0.05745265432098774,-0.05959201234567909,-0.09984294444444465,-0.12603869444444463,-0.11976133333333348,-0.10867644444444452,-0.11485564814814835,-0.10934072222222237
waffle_4l_long_me,-1,-1,-1,-1,-1,-1,-1,-1,-1,-1,-1,-1,-1,-1,-1,-1,-1,-1,-1,-1,-1,-1,-1,-1,-1,-1,-1,-1,-1,-1,-1,-1,-1,-1,-1,-1,-1,-0.5701539200000001,-0.5673752800000001,-0.57200012,-1,-1,-1,-1,-1,-1,-1,-1,-1,-1,-1,-0.6090668400000001,-0.5733721600000001,-0.55369722,-0.577883808,-0.6018808320000001,-1,-1,-1,-1,-1,-1,-1,-1,-1,-1,-0.6114468000000002,-0.5382349644444445,-0.5186145500000001,-0.5456823657142857,-0.58479558,-1,-1,-1,-1,-1,-1,-1,-1,-0.8912728800000003,-0.8189280971428573,-0.5565310866666667,-0.4971689333333334,-0.4858770666666668,-0.5063218500000002,-0.5617124933333335,-0.7252381822222222,-0.8266666800000002,-1,-1,-1,-1,-1,-1,-0.9188405000000001,-0.8372896400000001,-0.5279699700000001,-0.45913978666666677,-0.4457831360000001,-0.4710496971428572,-0.51157385,-0.8072941466666667,-0.874349985,-0.9297142800000002,-1,-1,-1,-1,-1,-0.91317634,-0.8491112533333335,-0.4662560200000001,-0.4141683533333334,-0.4114652000000001,-0.44637878500000006,-0.48000012000000014,-0.8262326400000001,-0.8965381933333334,-0.9510204933333334,-1,-1,-1,-1,-1,-0.87776666,-0.8281334800000001,-0.42701089000000014,-0.378967288888889,-0.37101481333333347,-0.40850358500000006,-1,-0.8181500800000001,-0.9023485250000001,-0.9444287600000001,-1,-1,-1,-1,-1,-0.8623679680000002,-0.8227923300000001,-0.39767286666666674,-0.329403888888889,-0.3256357840000001,-0.3750441200000001,-1,-0.8572683542857144,-0.9146113100000001,-1,-1,-1,-1,-1,-1,-0.8371160133333334,-0.8004222133333334,-0.32709864000000005,-0.28368240571428577,-0.2857466066666668,-0.33274272571428576,-1,-0.8739950400000001,-0.90632256,-1,-1,-1,-1,-1,-1,-0.8109221200000001,-0.7866247733333332,-0.2839084640000001,-0.2355933100000001,-0.24246706285714298,-0.29424329333333343,-1,-0.8619617022222223,-0.90400024,-1,-1,-1,-1,-1,-1,-1,-0.7642415133333335,-0.22925475200000006,-0.18390830000000008,-0.20541594285714296,-0.26512292000000004,-1,-0.84410534,-1,-1,-1,-1,-1,-1,-1,-1,-0.7423958266666668,-0.16904086000000007,-0.13255348888888896,-0.16609386285714292,-1,-1,-1,-1,-1,-1,-1,-1,-1,-1,-1,-0.15948123428571434,-0.13414184952380961,-0.05112420095238105,-0.11729867818181826,-0.15899780666666677,-1,-1,-1,-1,-1
waffle_4l_long_se,-1,-1,-1,-1,-1,-1,-1,-1,-1,-1,-1,-1,-1,-1,-1,-1,-1,-1,-1,-1,-1,-1,-1,-1,-1,-1,-1,-1,-1,-1,-1,-1,-1,-1,-1,-1,-1,-1,-1,-1,-1,-1,-1,-1,-1,-1,-1,-1,-1,-1,-1,-1,-1,-1,-1,-1,-1,-1,-1,-1,-1,-1,-1,-1,-1,-1,-1,-0.7758907840000002,-0.7889168000000002,-1,-1,-1,-1,-1,-1,-1,-1,-1,-1,-1,-1,-0.7866093511111112,-0.735154268,-0.7620422666666667,-0.7900000600000001,-1,-1,-1,-1,-1,-1,-1,-1,-1,-1,-1,-0.7283245080000001,-0.6687936622222224,-0.7008796444444445,-0.77600012,-1,-1,-1,-1,-1,-1,-1,-1,-1,-1,-1,-0.6611097555555556,-0.602555648,-0.6143499236363638,-1,-1,-1,-1,-1,-1,-1,-1,-1,-1,-1,-1,-0.6092751377777779,-0.522003090909091,-0.5278931555555556,-1,-1,-1,-1,-1,-1,-1,-1,-1,-1,-1,-1,-0.5468242290909092,-0.4520142581818183,-0.4575112900000001,-1,-1,-1,-1,-1,-1,-1,-1,-1,-1,-1,-1,-0.4874370680000001,-0.3749905733333334,-0.3871974171428572,-1,-1,-1,-1,-1,-1,-1,-1,-1,-1,-1,-1,-0.4058722285714287,-0.28892615714285724,-0.2850825800000001,-1,-1,-1,-1,-1,-1,-1,-1,-1,-1,-1,-1,-0.34400014,-0.21548231666666676,-0.22249066857142868,-1,-1,-1,-1,-1,-1,-1,-1,-1,-1,-1,-1,-0.20120587200000012,-0.16335136000000008,-0.18681072000000012,-0.21720012,-1,-1,-1,-1,-1,-1,-1,-0.5011773857142858,-0.40698385333333337,-0.2959276436363637,-0.20751786400000008,-0.16977155294117655,-0.04730497853658544,-0.15738315384615392,-0.20722289750000006,-0.2507493015384616,-0.3648337000000001,-0.4365142850000001,-1,-1
waffle_4l_short_me,-1,-1,-1,-1,-1,-1,-1,-1,-1,-1,-1,-1,-1,-1,-1,-1,-1,-1,-1,-1,-1,-1,-1,-1,-1,-1,-1,-1,-1,-1,-1,-1,-1,-1,-1,-1,-1,-1,-1,-1,-1,-1,-1,-1,-1,-1,-1,-1,-1,-1,-1,-1,-1,-1,-1,-1,-1,-1,-1,-1,-1,-1,-1,-1,-1,-1,-1,-1,-1,-1,-1,-1,-1,-1,-1,-1,-1,-1,-1,-1,-1,-1,-1,-1,-1,-1,-1,-1,-1,-1,-1,-1,-1,-1,-1,-1,-1,-1,-1,-1,-1,-1,-1,-1,-1,-1,-1,-1,-1,-1,-1,-1,-1,-1,-1,-1,-1,-1,-1,-1,-1,-1,-1,-1,-1,-1,-1,-1,-1,-1,-1,-1,-1,-1,-1,-1,-1,-1,-1,-1,-1,-1,-1,-1,-1,-1,-1,-1,-1,-1,-1,-1,-1,-1,-1,-1,-1,-1,-1,-1,-1,-1,-1,-1,-1,-1,-0.37819827301587305,-0.4130442000000001,-0.4575869238095239,-0.5760776857142859,-0.23339300000000007,-1,-1,-1,-1,-1,-1,-1,-1,-1,-0.21464291428571433,-0.2064334571428572,-0.30674762380952386,-0.37220903636363645,-0.5344223261904762,-0.5002855214285715,-0.5987131489795919,-0.9066667523809525,-1,-1,-0.27874292571428577,-0.2788333942857144,-0.2640780964285715,-0.2816624857142858,-0.30943154505494513,-1,-0.18374423673469398,-0.17067361904761913,-0.15624333809523822,-0.14329352380952387,-0.13447149795918376,-0.11747146428571435,-0.11543162857142865,-0.1385328152380953,-0.1603147584415585,-0.16716214761904769,-0.1797116805194806,-0.20014865357142864,-0.2194444000000001,-0.24713530476190482,-1,-0.16068702380952388,-0.14754736428571438,-0.1413658675324676,-0.11917808571428577,-0.11177039183673479,-0.058800547619047724,-0.03628780952380962,-0.05755436938775517,-0.11777317551020416,-0.13043987032967042,-0.13974380259740268,-0.15501355306122455,-0.1758869714285715,-0.2039073188940093
waffle_4l_short_se,-1,-1,-1,-1,-1,-1,-1,-1,-1,-1,-1,-1,-1,-1,-1,-1,-1,-1,-1,-1,-1,-1,-1,-1,-1,-1,-1,-1,-1,-1,-1,-1,-1,-1,-1,-1,-1,-1,-1,-1,-1,-1,-1,-1,-1,-1,-1,-1,-1,-1,-1,-1,-1,-1,-1,-1,-1,-1,-1,-1,-1,-1,-1,-1,-1,-1,-1,-1,-1,-1,-1,-1,-1,-1,-1,-1,-1,-1,-1,-1,-1,-1,-1,-1,-1,-1,-1,-1,-1,-1,-1,-1,-1,-1,-1,-1,-1,-1,-1,-1,-1,-1,-1,-1,-1,-1,-1,-1,-1,-1,-1,-1,-1,-1,-1,-1,-1,-1,-1,-1,-1,-1,-1,-1,-1,-1,-1,-1,-1,-1,-1,-1,-1,-1,-1,-1,-1,-1,-1,-1,-1,-1,-1,-1,-1,-1,-1,-1,-1,-1,-1,-1,-1,-1,-1,-1,-1,-1,-1,-1,-1,-1,-1,-1,-1,-1,-1,-1,-1,-1,-1,-1,-1,-1,-1,-1,-0.27164848571428585,-0.2795788214285715,-0.25773353333333343,-0.27047384285714293,-0.35814238775510215,-0.3298156000000001,-0.3099707904761906,-0.2984307632653062,-0.2412108571428572,-0.20498494285714297,-0.2399820357142858,-1,-0.2019248857142858,-0.1921117365079366,-0.1961173523809525,-0.2071702571428572,-0.21737338095238104,-0.2136889714285715,-0.2178860857142858,-0.27812455844155853,-0.26130880952380964,-0.23734275428571436,-0.20966034047619053,-0.1845693265306123,-0.16537970476190486,-0.14974833095238105,-0.12987140000000005,-0.1282104333333334,-0.13540052142857148,-0.1422125095238096,-0.15490530000000008,-0.16933024126984136,-0.1743427314285715,-0.18726439523809535,-0.19294605178571433,-0.2040666675324676,-0.1960603503759399,-0.1732346781954888,-0.16862469714285722,-0.14965884033613452,-0.11068330109890116,-0.021816707936507994,-0.06711641804511286,-0.12357379142857153,-0.12988106428571433,-0.13630964000000004,-0.13846692857142864,-0.13447733469387765,-0.14924882857142863
waffle_6l_long_me_2,-1,-1,-1,-1,-1,-1,-1,-1,-1,-1,-1,-1,-1,-1,-1,-1,-1,-1,-1,-1,-1,-1,-1,-1,-1,-1,-1,-1,-1,-1,-1,-1,-1,-1,-1,-1,-1,-1,-1,-1,-1,-1,-1,-1,-1,-1,-1,-1,-1,-1,-1,-1,-1,-1,-1,-1,-1,-1,-1,-1,-1,-1,-1,-1,-1,-1,-1,-1,-1,-1,-1,-1,-1,-1,-1,-1,-1,-1,-1,-1,-1,-1,-1,-1,-1,-1,-1,-1,-1,-1,-1,-1,-1,-1,-1,-1,-1,-1,-1,-1,-1,-1,-1,-1,-1,-1,-1,-1,-1,-1,-1,-1,-1,-1,-1,-1,-1,-1,-1,-1,-1,-1,-1,-1,-1,-1,-1,-1,-1,-1,-1,-1,-1,-1,-1,-0.40634929166666683,-0.4704383000000001,-0.5028538863636365,-0.6342811607142859,-0.6642208472222223,-0.6869476041666667,-0.7093611875000001,-0.7102864375,-1,-1,-1,-1,-1,-1,-0.4245077222222224,-0.34194807142857153,-0.3395344479166668,-0.3779182500000001,-0.40807812500000007,-0.46881630000000013,-0.49027993750000015,-0.5781838942307693,-0.6047668906250001,-0.6296249615384617,-0.6597331083333333,-0.6122375773809525,-0.34973147222222234,-0.3469331614583334,-0.34404004166666674,-0.3627604583333335,-0.26237263095238106,-0.2538874583333334,-0.23647416666666676,-0.2361647968750001,-0.23808373958333345,-0.25977078240740753,-0.28560992948717956,-0.32691246296296306,-0.34593134722222235,-0.2992874134615386,-0.25994723333333347,-0.2583016770833334,-0.25722590972222237,-0.2595348750000001,-0.27930256250000013,-0.20939034722222233,-0.19906312500000006,-0.18485464583333344,-0.1709041875000001,-0.1661968541666668,-0.16433745138888897,-0.16199070833333346,-0.16096868055555566,-0.16285975694444454,-0.1691294166666668,-0.1745559444444445,-0.1915153833333334,-0.20011992361111117,-0.20606181250000014,-0.22736049652777784,-0.1736383958333334,-0.16575906250000008,-0.1585073472222223,-0.1424495625000001,-0.129547,-0.12471357291666679,-0.12342117708333336,-0.11674209722222234,-0.12229278125000007,-0.13908935416666685,-0.15499545833333345,-0.16309931250000012,-0.16886064583333343,-0.18114270833333354,-0.2125704953703705,-0.12629119097222233,-0.12392200000000009,-0.12159101923076931,-0.11181760763888897,-0.10487507638888904,-0.10206142916666675,-0.08520807638888897,-0.050310923913043565,-0.08084916468253978,-0.11467832638888897,-0.11812075925925936,-0.12857459935897447,-0.1417732109375001,-0.15898649621212133,-0.1740325688405798
waffle_6l_long_se,-1,-1,-1,-1,-1,-1,-1,-1,-1,-1,-1,-1,-1,-1,-1,-1,-1,-1,-1,-1,-1,-1,-1,-1,-1,-1,-1,-1,-1,-1,-1,-1,-1,-1,-1,-1,-1,-1,-1,-1,-1,-1,-1,-1,-1,-1,-1,-1,-1,-1,-1,-1,-1,-1,-1,-1,-1,-1,-1,-1,-1,-1,-1,-1,-1,-1,-1,-1,-1,-1,-1,-1,-1,-1,-1,-1,-1,-1,-1,-1,-1,-1,-1,-1,-1,-1,-1,-1,-1,-1,-1,-1,-1,-1,-1,-1,-1,-1,-1,-1,-1,-1,-1,-1,-1,-1,-0.48796800000000007,-0.4873491527777779,-1,-1,-1,-1,-1,-1,-1,-1,-1,-1,-1,-1,-0.4226272708333335,-0.42963193452380966,-0.4335519416666668,-0.4580297583333335,-1,-1,-1,-1,-1,-1,-1,-1,-1,-1,-1,-0.3585964791666668,-0.33614825000000015,-0.3374368958333334,-0.3652914490740741,-0.39779683796296306,-0.5416926822916668,-0.7677200952380954,-0.7557954305555556,-0.7348541666666668,-0.7594319930555556,-0.7311009027777778,-0.7290158611111113,-0.7377847083333333,-0.7889211666666668,-1,-0.32543062500000014,-0.299357388888889,-0.2863499652777779,-0.2783759375000001,-0.28004723611111115,-0.3071948458333334,-0.3379525694444446,-0.5364316856060607,-0.5661555153508773,-0.5884779583333335,-0.5717768750000001,-0.5749784315476192,-0.5907822470238095,-0.651565263888889,-0.5753333240740742,-0.3077205000000002,-0.28914165277777787,-0.2712909583333335,-0.24507598958333343,-0.22572136111111119,-0.21873068750000013,-0.22674503571428586,-0.2591294444444445,-0.29033004166666676,-0.3264005694444445,-0.32048279687500014,-0.3482776916666668,-0.3819281333333335,-0.40320182291666673,-0.4535502524509805,-0.2983808750000001,-0.27959890000000015,-0.25415990972222235,-0.22586945138888898,-0.20513817708333343,-0.18479191666666678,-0.1646056130952382,-0.1600674583333334,-0.16373033333333342,-0.19151925000000009,-0.21136283333333342,-0.24605809523809533,-0.27764938690476193,-0.308202576388889,-0.37733866666666677,-1,-0.24713685000000016,-0.2187372083333335,-0.19134004166666674,-0.16844229166666672,-0.15961052083333344,-0.13291175000000013,-0.11562004166666673,-0.12274199166666676,-0.15450097222222234,-0.17614416666666674,-0.19977247222222236,-0.22939970833333345,-0.2566538250000001,-0.2963660000000001,-0.20226641666666678,-0.19590055952380958,-0.17238242708333343,-0.15515431944444455,-0.13357525378787888,-0.12111150347222231,-0.09006825555555564,-0.04484829817708343,-0.07953080753968261,-0.09979869318181828,-0.11002544551282063,-0.1344760500000001,-0.16327486184210538,-0.18499086029411774,-0.230031938888889
waffle_6l_short_me,-1,-1,-1,-1,-1,-1,-1,-1,-1,-1,-1,-1,-1,-1,-1,-1,-1,-1,-1,-1,-1,-1,-1,-1,-1,-1,-1,-1,-1,-1,-1,-1,-1,-1,-1,-1,-1,-1,-1,-1,-1,-1,-1,-1,-1,-1,-1,-1,-1,-1,-1,-1,-1,-1,-1,-1,-1,-1,-1,-1,-1,-1,-1,-1,-1,-1,-1,-1,-1,-1,-1,-1,-1,-1,-1,-1,-1,-1,-1,-1,-1,-1,-1,-1,-1,-1,-1,-1,-1,-1,-1,-1,-1,-1,-1,-1,-1,-1,-1,-1,-1,-1,-1,-1,-1,-1,-1,-1,-1,-1,-1,-1,-1,-1,-1,-1,-1,-1,-1,-1,-1,-1,-1,-1,-1,-1,-1,-1,-1,-1,-1,-1,-1,-1,-1,-1,-0.42431474222222226,-0.44839470400000014,-1,-1,-1,-1,-1,-1,-1,-1,-1,-1,-1,-1,-0.32640224,-0.3180408600000001,-0.33917176666666676,-0.31681596000000006,-0.33529469000000006,-0.3390205120000001,-0.32800004000000005,-1,-1,-1,-1,-1,-1,-1,-1,-0.2724575733333334,-0.2522374533333334,-0.24900240000000004,-0.24412721333333343,-0.2438105200000001,-0.2470132320000001,-0.24881392571428582,-0.2549638800000001,-0.26843376571428584,-0.2818441400000001,-0.28689144000000005,-0.33152397142857154,-0.3396535600000001,-0.37642608000000005,-0.36916606400000007,-0.22890270666666668,-0.22150008800000007,-0.20628617333333343,-0.19500991333333342,-0.1861547920000001,-0.1827723200000001,-0.1677320800000001,-0.17137266000000012,-0.17505074500000004,-0.2005848400000001,-0.21108964500000013,-0.24084067428571435,-0.2539375800000001,-0.2767525155555557,-0.28995033000000003,-0.19602834000000013,-0.19436045000000007,-0.1903900800000001,-0.16442815000000005,-0.1528060666666667,-0.14966938666666674,-0.13430044000000008,-0.11754394666666672,-0.12263922000000005,-0.14568373000000007,-0.14443125333333348,-0.1697162933333334,-0.1779068800000001,-0.18931562857142864,-0.2013822950000001,-0.1573396400000001,-0.14871562000000008,-0.14417917454545462,-0.12990210133333344,-0.1249651200000001,-0.1189931723076924,-0.09700441142857151,-0.031473057931034554,-0.06714227272727281,-0.10753571200000009,-0.10144959500000011,-0.09580548533333341,-0.09152589600000008,-0.09381240533333342,-0.09580693846153854
waffle_6l_short_se,-1,-1,-1,-1,-1,-1,-1,-1,-1,-1,-1,-1,-1,-1,-1,-1,-1,-1,-1,-1,-1,-1,-1,-1,-1,-1,-1,-1,-1,-1,-1,-1,-1,-1,-1,-1,-1,-1,-1,-1,-1,-1,-1,-1,-1,-1,-1,-1,-1,-1,-1,-1,-1,-1,-1,-1,-1,-1,-1,-1,-1,-1,-1,-1,-1,-1,-1,-1,-1,-1,-1,-1,-1,-1,-1,-1,-1,-1,-1,-1,-1,-1,-1,-1,-1,-1,-1,-1,-1,-1,-1,-1,-1,-1,-1,-1,-1,-1,-1,-1,-1,-1,-0.8042858800000001,-0.7770000399999999,-1,-1,-1,-1,-1,-1,-1,-1,-1,-1,-1,-0.80760012,-0.78085855,-0.7539006222222224,-0.7098357527272728,-1,-1,-1,-1,-1,-1,-1,-1,-1,-1,-0.7901334933333334,-0.6875540181818183,-0.6335703292307694,-0.6058871466666667,-0.57957349,-0.5507778200000001,-1,-1,-0.8599999999999999,-1,-1,-1,-1,-1,-1,-0.70451204,-0.5304887146666667,-0.4716548080000001,-0.48453057000000005,-0.4872008350000001,-0.4874584400000001,-1,-0.48667955333333346,-0.6252560981818183,-0.7685603520000001,-0.8798960436363638,-1,-1,-1,-0.32800004000000005,-0.3636629028571429,-0.3690486914285715,-0.36550162285714294,-0.3903661933333334,-0.41353786666666675,-0.41693097333333345,-0.32861552000000005,-0.3628075760000001,-0.3452418080000001,-0.3230750560000001,-0.40624301600000007,-0.26794945714285723,-0.2580207666666668,-0.25270309333333346,-0.2549740800000001,-0.2533455360000001,-0.26954357500000015,-0.2955634685714287,-0.3229086640000001,-0.3551546666666668,-0.3600359000000001,-0.2877005360000001,-0.2792211485714286,-0.2641448000000001,-0.23756988666666676,-0.22594239200000005,-0.1968110320000001,-0.18108699428571437,-0.17310868000000013,-0.17273564000000008,-0.18460975200000007,-0.21461248800000013,-0.2354967733333334,-0.2672511440000001,-0.2763922240000001,-0.2949728000000001,-0.22330738666666675,-0.22209648000000007,-0.21151046000000012,-0.1977504300000001,-0.1806829920000001,-0.1556166100000001,-0.14483217333333345,-0.11945734000000002,-0.1290676666666668,-0.1508017600000001,-0.1683420640000001,-0.19561977600000016,-0.22124058000000008,-0.23383469000000007,-0.23727164,-0.1403549550000001,-0.1402946075000001,-0.14112917000000008,-0.13664122666666673,-0.1253752218181819,-0.10843492888888899,-0.09959530769230776,-0.03603571285714296,-0.08764817882352952,-0.11772861777777788,-0.1189373600000001,-0.13341184470588247,-0.15282586285714297,-0.17100740533333342,-0.16910833090909097
waffle_8l_long_me,-1,-1,-1,-1,-1,-1,-1,-1,-1,-1,-1,-1,-1,-1,-1,-1,-1,-1,-1,-1,-1,-1,-1,-1,-1,-1,-1,-1,-1,-1,-1,-0.5374429444444446,-0.5339221666666667,-0.5302291481481483,-0.5270439444444446,-0.5212565000000002,-0.517245402777778,-0.5178971944444447,-0.5191608055555558,-0.5182010138888891,-0.5142352222222224,-0.5108160694444446,-1,-1,-1,-0.5219780555555557,-0.526512388888889,-0.5129603611111112,-0.507087888888889,-0.4988202037037037,-0.49129500000000015,-0.487156638888889,-0.4843613055555557,-0.4835098333333334,-0.48246645833333346,-0.4834170833333335,-0.48664068055555576,-0.49530513888888905,-0.49709740740740743,-0.5009851944444446,-0.5072018888888891,-0.5018505555555556,-0.4992982037037038,-0.49406541111111124,-0.4798981666666668,-0.4638244444444446,-0.4448480555555556,-0.4415645000000001,-0.44098944444444454,-0.4425800833333334,-0.44208718518518536,-0.45676675000000005,-0.4682813611111113,-0.46966650000000015,-0.4901737430555557,-0.5014225555555557,-0.4972218750000001,-0.4922661944444445,-0.47555561111111133,-0.45210816666666676,-0.43940991666666684,-0.4184340833333334,-0.4127374444444446,-0.41305475000000014,-0.4147540833333335,-0.4206958333333335,-0.43745381944444456,-0.44571595833333355,-0.4483584444444446,-0.4751848666666667,-1,-0.4912140833333336,-0.4806215277777779,-0.4532667222222224,-0.4385362407407408,-0.4049392037037039,-0.38684976388888903,-0.38338497222222234,-0.38334029166666683,-0.38581669444444455,-0.3898247777777779,-0.4043113703703705,-0.4272827222222224,-0.43125,-0.4415843444444445,-0.4876262222222224,-0.46954238888888894,-0.4574412916666668,-0.4266922111111112,-0.398369814814815,-0.37317682222222237,-0.3492526944444447,-0.3329232037037038,-0.33660058888888905,-0.3483889166666667,-0.3609710000000002,-0.3786445462962964,-0.3987232083333334,-0.4076623055555557,-0.4324209537037038,-0.4594358888888891,-0.4466221111111113,-0.4303828055555557,-0.3882272222222224,-0.37218666666666683,-0.32915767777777794,-0.30965011111111124,-0.2877785,-0.2987446296296298,-0.3127793750000002,-0.32791035185185197,-0.3380677407407409,-0.3723325138888891,-0.38613950000000014,-0.40723211111111124,-0.4467321666666669,-0.4358547500000001,-0.3981118703703705,-0.37506884722222233,-0.33199444444444465,-0.2908991296296297,-0.27088722222222233,-0.2667084629629632,-0.2641875185185186,-0.27451744444444465,-0.30074383333333343,-0.3249318194444446,-0.34151318518518536,-0.37564575000000017,-0.39169197222222235,-1,-0.40396681481481495,-0.38492643055555564,-0.33616494444444467,-0.2924707777777779,-0.273473388888889,-0.233789425925926,-0.22131544444444454,-0.22430073333333345,-0.2512803333333335,-0.27520853703703724,-0.29972872222222235,-0.33094859722222225,-0.3433590833333335,-0.3837131481481482,-0.39115277777777785,-0.38872622222222236,-0.34696766666666684,-0.32093570370370383,-0.27668374074074087,-0.2340102777777779,-0.21579775925925937,-0.20083866666666672,-0.20274938888888888,-0.22330906944444456,-0.23826133333333344,-0.2787172361111112,-0.31342105555555566,-0.33417196296296314,-0.3779640000000002,-1,-0.3579850444444446,-0.32412568888888904,-0.28020214444444463,-0.24314362500000014,-0.20885394444444458,-0.18060281944444465,-0.1593410000000001,-0.16709747777777798,-0.19248559722222233,-0.21898797222222238,-0.24867894444444458,-0.2824696666666668,-0.31645277777777775,-0.3530601728395063,-0.34629633333333343,-0.31936050000000016,-0.27826122222222244,-0.24439561111111127,-0.2071725185185186,-0.1621113611111113,-0.15111040277777787,-0.12030150000000017,-0.14179090740740752,-0.16129887777777796,-0.1987473611111113,-0.2149311666666668,-0.25944624074074096,-0.28236877777777797,-0.35021117361111126,-0.29382397222222234,-0.29571024603174617,-0.277464064814815,-0.2356907182539684,-0.19017759523809538,-0.16459872916666676,-0.1293336262626264,-0.05458111447811459,-0.09306939682539694,-0.15635470634920642,-0.18696772619047633,-0.19956570138888904,-0.2189115000000001,-0.25199676190476206,-0.3024797847222224
waffle_8l_long_se,-1,-1,-1,-1,-1,-1,-1,-1,-1,-1,-1,-1,-1,-1,-1,-1,-1,-1,-1,-1,-1,-1,-1,-1,-1,-1,-1,-1,-1,-1,-1,-1,-1,-1,-1,-1,-1,-1,-1,-1,-1,-1,-1,-1,-1,-1,-1,-1,-1,-1,-1,-1,-1,-1,-1,-1,-1,-1,-1,-1,-1,-1,-1,-1,-1,-1,-1,-1,-1,-1,-1,-1,-1,-1,-1,-0.6722108055555557,-0.6756297222222223,-0.6913011111111113,-0.7000000555555556,-1,-1,-1,-1,-1,-1,-1,-1,-1,-1,-1,-0.6155667444444446,-0.6290356944444446,-0.6560388492063494,-0.6863257222222223,-0.7138890277777781,-0.7411926666666667,-1,-1,-1,-1,-1,-1,-0.7858796944444446,-0.792621814814815,-0.7718520648148149,-0.5426657111111113,-0.5501919444444445,-0.5582597870370372,-0.6150520873015874,-0.6643659583333335,-0.6864074166666668,-0.6889011296296298,-0.6849220555555557,-0.6902237407407409,-0.6887803472222225,-0.6680191481481482,-0.6809018333333334,-0.7060814166666669,-0.7072709444444446,-0.6813992083333335,-0.4424434814814816,-0.4441207037037039,-0.44768104629629646,-0.47638315972222234,-0.5062078111111113,-0.5496463333333335,-0.5851576984126986,-0.5926697361111113,-0.5938794652777779,-0.5874142291666669,-0.5691255925925928,-0.5857938541666668,-0.5872502013888891,-0.5925176527777779,-0.6148158086419755,-0.35190175925925943,-0.3517221666666668,-0.35108895370370374,-0.34680382222222234,-0.3643827777777779,-0.3732093750000002,-0.4047111313131314,-0.426134763888889,-0.4325379375000001,-0.43118652777777794,-0.42054970000000014,-0.45443003703703727,-0.4646539814814816,-0.48943702777777787,-0.5240367870370372,-0.27608802222222234,-0.28060780555555564,-0.2784873611111113,-0.276566763888889,-0.2744708333333335,-0.2733962500000002,-0.2776436111111112,-0.3001968148148149,-0.3007017936507938,-0.3123605092592594,-0.33407083333333343,-0.3563503015873018,-0.3863772777777778,-0.40694811111111123,-0.45360073333333345,-0.22801033333333348,-0.22773772222222238,-0.22680809722222237,-0.22537066666666683,-0.2244635833333334,-0.22130777777777783,-0.22178230555555573,-0.22474361111111119,-0.2278366944444445,-0.23986776388888906,-0.27494609259259273,-0.2907399583333335,-0.33266690277777783,-0.3416530185185187,-0.39061808080808097,-0.1792429351851853,-0.18215822222222244,-0.18321425000000016,-0.1825131527777779,-0.18088622222222228,-0.17898018055555556,-0.1816904722222223,-0.1822230277777778,-0.18696976388888897,-0.1968063333333334,-0.21990509722222235,-0.2441896388888891,-0.2721969222222224,-0.292249814814815,-0.3131585555555557,-0.1408254444444445,-0.14341288888888892,-0.14708323611111124,-0.1488470833333334,-0.14873558333333348,-0.15088015277777778,-0.16200373333333346,-0.15388800000000016,-0.16195848148148165,-0.164054152777778,-0.17709433333333333,-0.2019130694444446,-0.2186159861111113,-0.25267819444444467,-0.2665552619047621,-0.11854917777777794,-0.11800919444444444,-0.1206189444444446,-0.12459093055555573,-0.12648366666666672,-0.13760250925925935,-0.0870661527777779,-0.048083956521739274,-0.09149133333333344,-0.1465355714285716,-0.15929146666666677,-0.1506093277777779,-0.15596196111111124,-0.17147779365079377,-0.19194878654970773
waffle_8l_short_me,-1,-1,-1,-1,-1,-1,-1,-1,-1,-1,-1,-1,-1,-1,-1,-1,-1,-1,-1,-1,-1,-1,-1,-1,-1,-1,-1,-1,-1,-1,-1,-1,-1,-1,-1,-1,-1,-1,-1,-1,-1,-1,-1,-1,-1,-1,-1,-1,-1,-1,-1,-1,-1,-1,-1,-1,-1,-1,-1,-1,-1,-1,-1,-1,-1,-1,-1,-1,-1,-1,-1,-1,-1,-1,-1,-1,-1,-0.81733308,-0.8317779200000002,-0.8452669000000002,-1,-1,-1,-1,-1,-1,-1,-1,-1,-1,-1,-0.7662985840000001,-0.7752992900000001,-0.7927244666666668,-0.8162055440000001,-0.8153545000000001,-0.8220338600000001,-0.8358259000000001,-0.8380002800000002,-1,-1,-1,-1,-1,-1,-1,-0.639922982857143,-0.6612907800000002,-0.6958631040000001,-0.7171246450000001,-0.7422917485714285,-0.7564879280000001,-0.7783343600000001,-0.8196211440000002,-0.84427056,-0.8480001600000002,-1,-1,-1,-1,-0.5639763466666667,-0.5414769680000001,-0.5485791600000001,-0.5711962133333334,-0.5931197100000001,-0.6211740514285714,-0.6448193933333335,-0.6747732057142858,-0.7214210080000001,-0.7705512400000001,-0.8209448320000001,-0.8377246320000001,-0.8463063466666667,-0.85111128,-1,-0.45307022000000013,-0.45453669333333346,-0.4548743333333334,-0.46768679200000013,-0.4724705714285715,-0.4713620150000001,-0.5115837485714286,-0.5500673600000001,-0.6152876400000002,-0.669020408,-0.7124046266666668,-0.7506904640000001,-0.787406215,-0.8141001200000002,-1,-0.3502447533333334,-0.33358730666666675,-0.3348685280000001,-0.33510040800000007,-0.3382034650000001,-0.3357025542857144,-0.35898929333333335,-0.38919886285714295,-0.34723820000000005,-0.3665239600000001,-1,-1,-0.7140000799999999,-1,-1,-0.2607399520000001,-0.2450194933333334,-0.24012229333333343,-0.22185130666666675,-0.22907451333333342,-0.2204298800000001,-0.22092394666666673,-0.24155691200000012,-0.24838810000000008,-0.2859395733333334,-0.2374920933333334,-0.25929813333333346,-0.3153763500000001,-0.31803596000000006,-0.2860001200000002,-0.18356104000000012,-0.17120343000000005,-0.16841190000000006,-0.15568036000000007,-0.15234330666666676,-0.14976650666666677,-0.1500976266666668,-0.1514110000000001,-0.1530099600000001,-0.1631855200000001,-0.1780064933333334,-0.19031665333333345,-0.20472223000000012,-0.2153352266666667,-0.2344663066666667,-0.13187237333333343,-0.10459556000000007,-0.10509556000000009,-0.11531296000000013,-0.11665122666666668,-0.11412346666666677,-0.11615142000000012,-0.10946200000000002,-0.11220389333333336,-0.11618933333333341,-0.12138594666666676,-0.13031397000000006,-0.1370662666666668,-0.15246151333333338,-0.19225889777777788,-0.08606932000000006,-0.07402166500000004,-0.08544063333333345,-0.07523489600000013,-0.07942664571428582,-0.09556772500000005,-0.04404678857142868,-0.04508570000000009,-0.048493496000000066,-0.08912551000000005,-0.08713980000000006,-0.08086841500000011,-0.07632085600000008,-0.08282294285714298,-0.11267003466666672
waffle_8l_short_se,-1,-1,-1,-1,-1,-1,-1,-1,-1,-1,-1,-1,-1,-1,-1,-1,-1,-1,-1,-1,-1,-1,-1,-1,-1,-1,-1,-1,-1,-1,-1,-1,-1,-1,-1,-1,-1,-1,-1,-1,-1,-1,-1,-1,-1,-1,-1,-1,-1,-1,-1,-1,-1,-1,-1,-1,-1,-1,-1,-1,-1,-1,-1,-1,-1,-1,-1,-1,-1,-1,-1,-1,-1,-1,-1,-1,-1,-1,-1,-1,-1,-1,-1,-1,-1,-1,-1,-1,-1,-1,-1,-1,-1,-1,-1,-1,-1,-1,-1,-1,-0.8400000000000003,-0.8400000000000003,-1,-1,-1,-1,-1,-1,-0.8449333733333336,-0.8333336,-0.8312049840000002,-0.8261901733333334,-0.8183430160000001,-0.8132175920000002,-0.8015157022222223,-0.8162031500000001,-0.7979914400000001,-0.81850884,-0.8088744266666668,-0.8300685771428573,-1,-1,-0.73020014,-0.7453715300000001,-0.7645556755555557,-0.722310105,-0.68737104,-0.6675731933333334,-0.6543829542857144,-0.6697996,-0.68161072,-0.6845667360000001,-0.6989962800000001,-0.7079159680000001,-0.7306662222222223,-1,-0.4344445800000001,-0.4880664933333334,-0.5151081885714287,-0.5379097040000002,-0.5324495200000001,-0.5371030171428572,-0.51420639,-0.5156976900000001,-0.5346094685714287,-0.5693887200000001,-0.5634601666666668,-0.5848109266666668,-0.6081760500000002,-0.6274497066666667,-0.34588240000000003,-0.34904050666666675,-0.3352843120000001,-0.3384970720000001,-0.3620619200000001,-0.3506765511111112,-0.3656969371428572,-0.3770589040000001,-0.3820457280000001,-0.40056089777777787,-0.41324674000000006,-0.45430915200000005,-0.4633426400000001,-0.49301563000000015,-0.5516039942857144,-0.31024896666666674,-0.2707717120000001,-0.2484206133333334,-0.2499433866666668,-0.2480562160000001,-0.23515267000000012,-0.22838173000000012,-0.2421810560000001,-0.2436455440000001,-0.2695341000000001,-0.28596190000000016,-0.3063822000000001,-0.3260053920000001,-0.37174274222222237,-1,-0.23080240000000019,-0.2101240933333334,-0.19743017000000007,-0.19915444000000004,-0.18808104800000006,-0.1747529760000001,-0.15821813333333345,-0.1570915066666667,-0.15685686666666668,-0.1629616057142858,-0.17771694666666674,-0.2068028600000001,-0.22466655333333344,-0.26432580444444453,-0.28000008,-0.16572984000000002,-0.15034491333333344,-0.14747180000000001,-0.1590802800000001,-0.1379250600000001,-0.13605158000000006,-0.12436596000000011,-0.11784169333333334,-0.11876312000000011,-0.12038579000000005,-0.11531478666666677,-0.13097130666666676,-0.1385898880000001,-0.1672668800000001,-0.18115978666666677,-1,-0.08700213500000006,-0.08812139200000009,-0.10803792000000007,-0.0986272720000001,-0.1077069100000001,-0.039573872941176536,-0.03702193882352949,-0.04061410315789484,-0.09346160666666677,-0.07969735200000008,-0.07183659500000009,-0.07060004666666671,-0.06300574285714296,-0.10297898000000011
